,name,map,recip_rank,ndcg,P_5,P_10
0,BR(TF_IDF),0.14894903659835748,0.6348542308540082,0.38492980096784984,0.31199999999999994,0.24599999999999994
1,BR(BM25),0.1507496812456469,0.6428225103071301,0.3885771811397013,0.31999999999999984,0.24399999999999994
2,BR(PL2),0.14459806176023515,0.6324397151888319,0.3774143550565246,0.30799999999999994,0.23799999999999988
3,BR(InL2),0.15913968694072825,0.6529986626645511,0.39840826801829565,0.33999999999999986,0.25599999999999995
4,BR(Hiemstra_LM),0.21455095693600726,0.7563151892889587,0.4667050026223633,0.428,0.32799999999999996
