,name,map,recip_rank,ndcg,P_5,P_10
0,BR(TF_IDF),0.15940497612900362,0.6531051706293627,0.4191265257058289,0.348,0.2559999999999999
1,BR(BM25),0.1612774945098309,0.6698624563961926,0.42202319681003303,0.348,0.25799999999999995
2,BR(PL2),0.15308766678459462,0.6393677233691409,0.4094765566343016,0.32799999999999985,0.25199999999999995
3,BR(InL2),0.16730337989907348,0.6563214304328854,0.42841866292916586,0.3599999999999999,0.2679999999999999
4,BR(Hiemstra_LM),0.22694045448422376,0.7523020277076031,0.49087205358574026,0.4239999999999998,0.33599999999999997
