,name,map,recip_rank,ndcg,P_5,P_10
0,BR(TF_IDF),0.1600168093187769,0.663106869576016,0.42027537625924916,0.348,0.2579999999999999
1,BR(BM25),0.1610976010673788,0.6698624563961926,0.42183991544362703,0.3439999999999999,0.2579999999999999
2,BR(PL2),0.15369042738936511,0.6493331407251671,0.4108746440627115,0.32799999999999985,0.24799999999999997
3,BR(InL2),0.1685366209313356,0.6763214304328854,0.4307487892844264,0.3599999999999999,0.2679999999999999
4,BR(Hiemstra_LM),0.2267650092200121,0.752301572022937,0.4908722302756107,0.4199999999999999,0.33799999999999997
