,name,map,recip_rank,ndcg,P_5,P_10
0,BR(TF_IDF),0.14646347102901913,0.6084500676372852,0.389933108244294,0.31599999999999995,0.2439999999999999
1,BR(BM25),0.14847904183894073,0.6141261107272773,0.3923326416923538,0.31599999999999995,0.2379999999999999
2,BR(PL2),0.1409057964849411,0.6045501582079449,0.38123743014320255,0.31599999999999995,0.23399999999999996
3,BR(InL2),0.155004892970711,0.6308542592054917,0.4020075042645346,0.3279999999999999,0.2539999999999999
4,BR(Hiemstra_LM),0.21195812559894306,0.7510862609433301,0.46884512862484734,0.41999999999999993,0.31999999999999995
