,name,map,recip_rank,ndcg,P_5,P_10
0,BR(TF_IDF),0.14641942035800562,0.6129822754666112,0.39144516790674266,0.32399999999999984,0.2459999999999999
1,BR(BM25),0.1494639199162079,0.6192681126478365,0.39547072891644325,0.32399999999999984,0.24799999999999986
2,BR(PL2),0.1405353754307489,0.5806120337591814,0.38228828914248203,0.31999999999999995,0.23999999999999994
3,BR(InL2),0.155020774790997,0.6178849764007082,0.40182157636747795,0.3279999999999999,0.26799999999999996
4,BR(Hiemstra_LM),0.21226745781629405,0.7477486150015562,0.4695344822553619,0.41999999999999993,0.3139999999999999
