,name,map,recip_rank,ndcg,P_5,P_10
0,BR(TF_IDF),0.14665593636419916,0.620153692311587,0.39328071581156065,0.3319999999999999,0.25199999999999995
1,BR(BM25),0.14971434550263285,0.6264243935469672,0.3968961286396619,0.33999999999999986,0.24799999999999994
2,BR(PL2),0.14163872225015078,0.5969356724466564,0.3844620755343019,0.3279999999999999,0.24199999999999997
3,BR(InL2),0.1559046134535502,0.6285502660171595,0.40370532689180516,0.34399999999999986,0.26599999999999996
4,BR(Hiemstra_LM),0.2122883112329626,0.7379834629659026,0.4690100381605044,0.43199999999999994,0.3159999999999999
