,name,map,recip_rank,ndcg,P_5,P_10
0,BR(TF_IDF),0.14774750241508322,0.610117427342101,0.39380604149221243,0.3319999999999999,0.2539999999999999
1,BR(BM25),0.1503187310450045,0.6263048025743871,0.39832150052663834,0.34399999999999986,0.24999999999999992
2,BR(PL2),0.14244525773035416,0.5969653105541375,0.3856663796457001,0.3239999999999999,0.2359999999999999
3,BR(InL2),0.15735406369002838,0.6372063881107999,0.4063176536450779,0.3479999999999999,0.2639999999999999
4,BR(Hiemstra_LM),0.21167642425492594,0.7236397822748536,0.4675235550489085,0.424,0.3179999999999999
