,name,map,recip_rank,ndcg,P_5,P_10
0,BR(TF_IDF),0.14733973328930655,0.6101837107754405,0.3930549543635879,0.3319999999999999,0.2539999999999999
1,BR(BM25),0.15019964675564962,0.6262531082895891,0.3978474322352082,0.34399999999999986,0.24999999999999992
2,BR(PL2),0.14295152437763703,0.5968670308855253,0.38557233657888995,0.3239999999999999,0.2379999999999999
3,BR(InL2),0.15698024128199273,0.6321996541040659,0.4049434368896078,0.3479999999999999,0.2639999999999999
4,BR(Hiemstra_LM),0.21170287961282036,0.7236397822748536,0.46737433821164165,0.424,0.3179999999999999
