,name,map,recip_rank,ndcg,P_5,P_10
0,BR(TF_IDF),0.1542757698690392,0.631113289296759,0.40624699527930697,0.3519999999999998,0.262
1,BR(BM25),0.15820258789570268,0.6671482634331592,0.4127023649288797,0.3479999999999999,0.25999999999999995
2,BR(PL2),0.1494013157722056,0.6260509335066775,0.3979604303058552,0.3479999999999999,0.24999999999999997
3,BR(InL2),0.16553007363001399,0.6837880499370493,0.4215483611823887,0.36799999999999977,0.26999999999999996
4,BR(Hiemstra_LM),0.2177264995132809,0.7360972963440071,0.47665706539571623,0.428,0.33
