,name,map,recip_rank,ndcg,P_5,P_10
0,BR(TF_IDF),0.1534397978632904,0.6290906197823406,0.4058097286046541,0.3519999999999998,0.25799999999999995
1,BR(BM25),0.15681453904968243,0.6667908189441881,0.4114573049817947,0.34399999999999986,0.256
2,BR(PL2),0.14781719834559748,0.6083804073533926,0.39618492544015,0.3399999999999999,0.24999999999999997
3,BR(InL2),0.16445172558960064,0.6737293233082707,0.420289114451834,0.36799999999999977,0.26599999999999996
4,BR(Hiemstra_LM),0.21788306227306048,0.7360959421867443,0.4772140070256313,0.43199999999999994,0.33
