,name,map,recip_rank,ndcg,P_5,P_10
0,BR(TF_IDF),0.15740712829693101,0.6722025240455538,0.4123018991486817,0.36799999999999977,0.26599999999999996
1,BR(BM25),0.16159721885069864,0.6947286203149581,0.41828726584382664,0.36799999999999977,0.26599999999999996
2,BR(PL2),0.15083701841806932,0.6527016994646587,0.40197218167101717,0.3519999999999998,0.25599999999999995
3,BR(InL2),0.1676357976623589,0.6920473940293331,0.4254492585358658,0.3799999999999997,0.2779999999999999
4,BR(Hiemstra_LM),0.22177780013464876,0.7360986170439867,0.4817913438144864,0.43999999999999995,0.33199999999999996
