,name,map,recip_rank,ndcg,P_5,P_10
0,BR(TF_IDF),0.1576822600141916,0.6625898462021342,0.4121914050723517,0.36399999999999977,0.25799999999999995
1,BR(BM25),0.16187981221586134,0.6730606784547348,0.41829901473713815,0.35999999999999976,0.26199999999999996
2,BR(PL2),0.1517382065025296,0.6459354885341381,0.40355118960119923,0.3519999999999998,0.24799999999999994
3,BR(InL2),0.16495628077518495,0.655750398078922,0.42146187074987984,0.3719999999999997,0.2779999999999999
4,BR(Hiemstra_LM),0.2227854947743144,0.7360902208094068,0.4828694419951099,0.43999999999999995,0.33399999999999996
