,name,map,recip_rank,ndcg,P_5,P_10
0,BR(TF_IDF),0.1572847058383843,0.662186081166399,0.4109174469241257,0.36399999999999977,0.256
1,BR(BM25),0.1617257962824714,0.6822517418442715,0.4179649788565926,0.35999999999999976,0.25999999999999995
2,BR(PL2),0.151394059873071,0.6457681108079697,0.40349017973647394,0.3519999999999998,0.24599999999999994
3,BR(InL2),0.16458371736435956,0.6557887653489068,0.42045218117376587,0.3719999999999997,0.2779999999999999
4,BR(Hiemstra_LM),0.22233968877524105,0.7360896810857454,0.48269526982533956,0.43999999999999995,0.33399999999999996
