,name,map,recip_rank,ndcg,P_5,P_10
0,BR(TF_IDF),0.15853977712877038,0.6489786953584374,0.4121628397544127,0.3559999999999998,0.264
1,BR(BM25),0.1604109266574875,0.6525090587445398,0.4152674195472714,0.3439999999999999,0.26599999999999996
2,BR(PL2),0.1529052329976975,0.6397611018014243,0.404175503133203,0.3479999999999998,0.24999999999999997
3,BR(InL2),0.16684274094401608,0.6766173697119886,0.4237774499477103,0.3759999999999998,0.27799999999999997
4,BR(Hiemstra_LM),0.2262687272727226,0.7754224802595785,0.48815116054684293,0.43999999999999995,0.33799999999999997
