,name,map,recip_rank,ndcg,P_5,P_10
0,BR(TF_IDF),0.1579021544278729,0.6489786953584374,0.4113099517239133,0.3519999999999998,0.26199999999999996
1,BR(BM25),0.15983198852619657,0.6525090587445398,0.4144597441363759,0.34399999999999986,0.26399999999999996
2,BR(PL2),0.15220322941036468,0.6295790294254018,0.40266261393078606,0.34399999999999986,0.24799999999999997
3,BR(InL2),0.1661993855573903,0.6766173697119886,0.42249590711517504,0.37199999999999983,0.27799999999999997
4,BR(Hiemstra_LM),0.22564204970397586,0.7754213640345716,0.4874915069782075,0.43599999999999994,0.33799999999999997
