,name,map,recip_rank,ndcg,P_5,P_10
0,BR(TF_IDF),0.15817316564212913,0.6489784299304346,0.4114309168276494,0.3519999999999998,0.26399999999999996
1,BR(BM25),0.16001049048961635,0.6525087684940536,0.41449860492793783,0.3479999999999998,0.26399999999999996
2,BR(PL2),0.15245988413870862,0.6295787770339931,0.40275437382542184,0.34399999999999986,0.24799999999999997
3,BR(InL2),0.16636949578860702,0.6766170983857459,0.4225215098429585,0.37199999999999983,0.27999999999999997
4,BR(Hiemstra_LM),0.2256741487851288,0.7754202595219464,0.4874942909950587,0.43599999999999994,0.33799999999999997
