,name,map,recip_rank,ndcg,P_5,P_10
0,BR(TF_IDF),0.16054647580988005,0.6481005292901674,0.41273325253011556,0.35199999999999987,0.25999999999999995
1,BR(BM25),0.16349203060855189,0.6797602128883774,0.4183863070458936,0.3439999999999999,0.25999999999999995
2,BR(PL2),0.1553815956594542,0.6494472567757806,0.4065616214625047,0.33999999999999986,0.24799999999999994
3,BR(InL2),0.17127075463790342,0.6708896311955137,0.4265424671769508,0.3679999999999999,0.27799999999999997
4,BR(Hiemstra_LM),0.2278586796644269,0.769779997968374,0.48943316684755467,0.42399999999999993,0.33799999999999997
