,name,map,recip_rank,ndcg,P_5,P_10
0,BR(TF_IDF),0.1608467532895406,0.6480998078414985,0.413058038659117,0.3479999999999999,0.25999999999999995
1,BR(BM25),0.16353891086558392,0.6797635007397664,0.4183934292041313,0.3399999999999999,0.25999999999999995
2,BR(PL2),0.15531449884925383,0.6494455917741156,0.40638559367314925,0.33999999999999986,0.24599999999999994
3,BR(InL2),0.17145167526758318,0.6715733918792743,0.42704866682194564,0.3679999999999999,0.27999999999999997
4,BR(Hiemstra_LM),0.22790970871352628,0.7697545517321092,0.48942091211925687,0.42399999999999993,0.33799999999999997
