,name,map,recip_rank,ndcg,P_5,P_10
0,BR(TF_IDF),0.16286025081606081,0.6684866731848532,0.41629322819901204,0.3639999999999998,0.26799999999999996
1,BR(BM25),0.16488704849003494,0.6748477288554013,0.419229338980194,0.37199999999999983,0.264
2,BR(PL2),0.1545298797319398,0.6333531878108993,0.40436667806591925,0.35599999999999987,0.2539999999999999
3,BR(InL2),0.17079233984844694,0.6695941037455974,0.42613690621116823,0.38399999999999984,0.27799999999999997
4,BR(Hiemstra_LM),0.2281466157795479,0.7699493245691273,0.4889196109113717,0.43199999999999994,0.336
