,name,map,recip_rank,ndcg,P_5,P_10
0,BR(TF_IDF),0.16456091142653131,0.6523412731622671,0.4185328755855419,0.3599999999999999,0.26599999999999996
1,BR(BM25),0.16733558563036444,0.6693764102765308,0.4224620814579951,0.36399999999999993,0.26799999999999996
2,BR(PL2),0.15900261168003568,0.6405523783926172,0.4108882685979809,0.3479999999999999,0.2619999999999999
3,BR(InL2),0.17205673450542774,0.6509918001347382,0.427248307894149,0.37999999999999995,0.27799999999999997
4,BR(Hiemstra_LM),0.22962931060463462,0.7549392202615708,0.48978811225927293,0.428,0.33199999999999996
