,name,map,recip_rank,ndcg,P_5,P_10
0,BR(TF_IDF),0.16516854475756187,0.6650079398289337,0.42046502957636944,0.3639999999999998,0.26599999999999996
1,BR(BM25),0.1677997741213129,0.6803760837779023,0.4241165967111888,0.3639999999999998,0.26799999999999996
2,BR(PL2),0.15863265715292488,0.641516664106903,0.41126824399433537,0.35199999999999987,0.25799999999999995
3,BR(InL2),0.17204711387843596,0.653658466801405,0.42810769429009665,0.3839999999999999,0.28
4,BR(Hiemstra_LM),0.22995622225674456,0.7566216611307689,0.490590375488847,0.43599999999999994,0.33199999999999996
