,name,map,recip_rank,ndcg,P_5,P_10
0,BR(TF_IDF),0.16103298656920514,0.6511669257010136,0.4161474566371398,0.35599999999999987,0.2619999999999999
1,BR(BM25),0.16360935656484557,0.6700561436817959,0.42035447567962286,0.35599999999999987,0.26599999999999996
2,BR(PL2),0.15524794728597904,0.638057322114248,0.4080408483243101,0.34399999999999986,0.25599999999999995
3,BR(InL2),0.1688694941825384,0.6534777537277536,0.4255344348735175,0.37999999999999995,0.278
4,BR(Hiemstra_LM),0.22664495926851994,0.7566177512604932,0.48863410874637403,0.4319999999999999,0.32799999999999996
