,name,map,recip_rank,ndcg,P_5,P_10
0,BR(TF_IDF),0.16121092368670503,0.6511669257010136,0.41711757470748867,0.3599999999999999,0.2639999999999999
1,BR(BM25),0.1637750753508038,0.6700571779879916,0.4208269002571135,0.3599999999999999,0.26799999999999996
2,BR(PL2),0.1559351682506793,0.6380390962214628,0.40966509881242913,0.3479999999999999,0.25599999999999995
3,BR(InL2),0.16971413666175666,0.6624777537277536,0.4276193038377091,0.37999999999999995,0.28
4,BR(Hiemstra_LM),0.2272010494842175,0.7566177512604932,0.4894017866003999,0.4319999999999999,0.32799999999999996
