,name,map,recip_rank,ndcg,P_5,P_10
0,BR(TF_IDF),0.16121089023126065,0.6511669257010136,0.41711744371649806,0.3599999999999999,0.2639999999999999
1,BR(BM25),0.1637750413957978,0.6700571779879916,0.4208267675459936,0.3599999999999999,0.26799999999999996
2,BR(PL2),0.15593509399582867,0.6380390962214628,0.40966490119094956,0.3479999999999999,0.25599999999999995
3,BR(InL2),0.1697141109330114,0.6624777537277536,0.42761922322570745,0.37999999999999995,0.28
4,BR(Hiemstra_LM),0.22720101491028014,0.7566177512604932,0.48940165574908207,0.4319999999999999,0.32799999999999996
