,name,map,recip_rank,ndcg,P_5,P_10
0,BR(TF_IDF),0.16121835811676952,0.6511574819610216,0.4171411847511066,0.3599999999999999,0.2639999999999999
1,BR(BM25),0.16373831507157713,0.6700665736421467,0.4208334746969245,0.3599999999999999,0.26799999999999996
2,BR(PL2),0.1556922823631832,0.6380302260067103,0.4095554007368555,0.34399999999999986,0.25399999999999995
3,BR(InL2),0.1698505939238794,0.6624683130884021,0.4277329202574174,0.37999999999999995,0.28
4,BR(Hiemstra_LM),0.22742462324072932,0.7566222267348935,0.4895952663433865,0.4319999999999999,0.32799999999999996
