,name,map,recip_rank,ndcg,P_5,P_10
0,BR(TF_IDF),0.15958541930909154,0.65275977912947,0.41574358086291424,0.348,0.25799999999999995
1,BR(BM25),0.16131424058304306,0.6612376900408821,0.4182745348735095,0.35199999999999987,0.25999999999999995
2,BR(PL2),0.15358450299347204,0.635337544579403,0.40730986445260337,0.33599999999999985,0.24799999999999994
3,BR(InL2),0.1684442027268335,0.6517817715692624,0.4268663259778793,0.3679999999999998,0.272
4,BR(Hiemstra_LM),0.2262817956538075,0.7558190382034852,0.4884728029110558,0.4239999999999998,0.3279999999999999
