,name,map,recip_rank,ndcg,P_5,P_10
0,BR(TF_IDF),0.1584102922234574,0.6514827681938296,0.4151962145194006,0.348,0.25999999999999995
1,BR(BM25),0.16040252411535286,0.6593969739973796,0.41789950758436206,0.348,0.2619999999999999
2,BR(PL2),0.15295003072346758,0.6350597668016251,0.4071723561913037,0.33599999999999985,0.24799999999999994
3,BR(InL2),0.1677518271339273,0.6509084761948769,0.4263371998348874,0.3639999999999998,0.27399999999999997
4,BR(Hiemstra_LM),0.2253758963489575,0.7524847855835185,0.4880460897396138,0.41999999999999976,0.3279999999999999
