,name,map,recip_rank,ndcg,P_5,P_10
0,BR(TF_IDF),0.1583865170040419,0.651482519350949,0.41516538615986953,0.348,0.25999999999999995
1,BR(BM25),0.1603884253248208,0.6593964411968467,0.4178456646582064,0.348,0.2619999999999999
2,BR(PL2),0.1526596059744066,0.6333929004783677,0.40673379560512424,0.33599999999999985,0.24799999999999994
3,BR(InL2),0.1677406968546147,0.6509084761948769,0.42633591179138497,0.3639999999999998,0.27399999999999997
4,BR(Hiemstra_LM),0.22537704960386457,0.7524847855835185,0.4880467742020202,0.41999999999999976,0.3279999999999999
