,name,map,recip_rank,ndcg,P_5,P_10
0,BR(TF_IDF),0.15832785316248693,0.6512356665868549,0.41467015733642215,0.348,0.25999999999999995
1,BR(BM25),0.1602729990097928,0.6591309289313345,0.4172929927862869,0.348,0.2619999999999999
2,BR(PL2),0.15261279470648012,0.6333621312475985,0.40599187593358954,0.33599999999999985,0.24799999999999994
3,BR(InL2),0.16776396918730593,0.6509084761948769,0.42592802521875744,0.3639999999999998,0.27599999999999997
4,BR(Hiemstra_LM),0.22533995240331195,0.7524640869982937,0.4873810252017661,0.41999999999999976,0.3319999999999999
