,name,map,recip_rank,ndcg,P_5,P_10
0,BR(TF_IDF),0.15828667433936386,0.6512356665868549,0.4146294985524044,0.348,0.25799999999999995
1,BR(BM25),0.1604225765167003,0.6591309289313345,0.4174651289143019,0.348,0.25999999999999995
2,BR(PL2),0.15259217670782305,0.6333619328467097,0.40596881781374977,0.33599999999999985,0.24599999999999994
3,BR(InL2),0.16767870015419437,0.6509084761948769,0.4258407526157372,0.3639999999999998,0.27399999999999997
4,BR(Hiemstra_LM),0.22530467363855144,0.7524640869982937,0.48736228688103156,0.41999999999999976,0.3319999999999999
