,name,map,recip_rank,ndcg,P_5,P_10
0,BR(TF_IDF),0.15790048859620703,0.6511588595559215,0.4142111116038577,0.348,0.25799999999999995
1,BR(BM25),0.15980225453730504,0.6589362029748937,0.4168353849449247,0.352,0.25599999999999995
2,BR(PL2),0.15228109481115124,0.6332532192061973,0.40538310967370483,0.33599999999999985,0.24599999999999994
3,BR(InL2),0.16691047085770594,0.6506862539726548,0.4251307738958474,0.3639999999999998,0.26999999999999996
4,BR(Hiemstra_LM),0.22562813413615193,0.7519865113348112,0.48818456671459515,0.41999999999999976,0.3279999999999999
