,name,map,recip_rank,ndcg,P_5,P_10
0,BR(TF_IDF),0.1592440753918716,0.6495095233878451,0.4174349179144663,0.348,0.2599999999999999
1,BR(BM25),0.1614916665702859,0.6706611852914613,0.42095372381463764,0.348,0.25999999999999995
2,BR(PL2),0.15387918773516207,0.6443369104740759,0.40975979092689857,0.33599999999999985,0.25399999999999995
3,BR(InL2),0.16715277493420333,0.6448125688219208,0.4267010477711702,0.3679999999999998,0.2679999999999999
4,BR(Hiemstra_LM),0.22746799413686974,0.7522945712866459,0.49099111431095005,0.4199999999999999,0.33399999999999996
