,name,map,recip_rank,ndcg,P_5,P_10
0,BR(TF_IDF),0.14877345916926893,0.6353666224580017,0.3858189805566114,0.31999999999999995,0.2439999999999999
1,BR(BM25),0.15033837071042522,0.6419902906306026,0.3888811816130048,0.31999999999999984,0.24399999999999994
2,BR(PL2),0.14316633688932773,0.6312050626061382,0.37733094445170223,0.30399999999999994,0.23399999999999987
3,BR(InL2),0.15862273495493273,0.6510516729157704,0.39988310660161125,0.3319999999999998,0.25399999999999995
4,BR(Hiemstra_LM),0.21313206791814832,0.7568124129615639,0.4661915105971234,0.42399999999999993,0.32199999999999995
