,name,map,recip_rank,ndcg,P_5,P_10
0,BR(TF_IDF),0.1598247947660004,0.6597940488039494,0.4189086801231276,0.348,0.2599999999999999
1,BR(BM25),0.16243954561517332,0.6809451322828288,0.4226690238778884,0.348,0.26199999999999996
2,BR(PL2),0.15436880291068666,0.6560592128742777,0.4116536336396171,0.3319999999999999,0.25599999999999995
3,BR(InL2),0.16805956247060383,0.6581326539092472,0.42810819667599553,0.37199999999999983,0.26799999999999985
4,BR(Hiemstra_LM),0.227154126577976,0.7523030703517487,0.4907984315436736,0.4239999999999998,0.33399999999999996
