,name,map,recip_rank,ndcg,P_5,P_10
0,BR(TF_IDF),0.14850765571079783,0.6332237653151446,0.3848409583745002,0.31599999999999995,0.2439999999999999
1,BR(BM25),0.1508232098498033,0.6409372595730616,0.38875121987858885,0.31999999999999984,0.24599999999999994
2,BR(PL2),0.14349799249314124,0.6311827595865753,0.37702961456789164,0.30799999999999994,0.23399999999999987
3,BR(InL2),0.15890407733939635,0.6500513804411425,0.3999470755724499,0.3319999999999998,0.25399999999999995
4,BR(Hiemstra_LM),0.21313017566060238,0.7563122199138554,0.4661794422411682,0.42399999999999993,0.32199999999999995
