,name,map,recip_rank,ndcg,P_5,P_10
0,BR(TF_IDF),0.16303501248874525,0.6225716878984453,0.414228197748171,0.3479999999999998,0.28200000000000003
1,BR(BM25),0.16579329786585428,0.6502569758017357,0.418207995358838,0.33999999999999986,0.286
2,BR(PL2),0.15238440229739816,0.5757147582912879,0.3990336755811878,0.33999999999999986,0.264
3,BR(InL2),0.17233191727404037,0.6438480874404554,0.42611779328560184,0.3599999999999999,0.29
4,BR(Hiemstra_LM),0.22157637970634528,0.7600710355397671,0.48820799689470123,0.4319999999999999,0.336
