,name,map,recip_rank,ndcg,P_5,P_10
0,BR(TF_IDF),0.155085518940947,0.6363712434160177,0.3983803769907107,0.31999999999999984,0.2619999999999999
1,BR(BM25),0.1570469571095154,0.6496102432543673,0.40169056778399337,0.31999999999999984,0.25999999999999995
2,BR(PL2),0.14833099789905968,0.6042313032839668,0.38624575012403684,0.3079999999999999,0.24799999999999994
3,BR(InL2),0.15998761702488998,0.628701011738149,0.4049497382697019,0.3359999999999998,0.26799999999999996
4,BR(Hiemstra_LM),0.21868624301803927,0.7629556884198513,0.47684026231243976,0.44,0.314
