,name,map,recip_rank,ndcg,P_5,P_10
0,BR(TF_IDF),0.15956625824903853,0.6541074454889988,0.40575693574444244,0.32399999999999984,0.26599999999999996
1,BR(BM25),0.1599266456148133,0.6564714277018424,0.4070197954878575,0.3239999999999999,0.262
2,BR(PL2),0.15225033790879405,0.635982903837776,0.39375364353285247,0.31199999999999983,0.24599999999999997
3,BR(InL2),0.16571154614130457,0.6335942460368408,0.41333064500734923,0.35199999999999987,0.27199999999999996
4,BR(Hiemstra_LM),0.22114741476583885,0.7529379406506778,0.4796745584595991,0.44800000000000006,0.31799999999999995
