,name,map,recip_rank,ndcg,P_5,P_10
0,BR(TF_IDF),0.1609683827819589,0.6534880359077543,0.40745112393662425,0.3239999999999999,0.26799999999999996
1,BR(BM25),0.16273176057178965,0.6670012018953115,0.4099259738247421,0.3199999999999999,0.264
2,BR(PL2),0.1533565143723996,0.6360471407461905,0.394916767510154,0.3039999999999998,0.248
3,BR(InL2),0.16823822206309147,0.6332015997328335,0.41561319362081306,0.3439999999999999,0.278
4,BR(Hiemstra_LM),0.22273419410184292,0.7629933749318981,0.4823105824619072,0.444,0.324
