,name,map,recip_rank,ndcg,P_5,P_10
0,BR(TF_IDF),0.15447866287893744,0.6405152349051508,0.3974093027899271,0.31999999999999984,0.26799999999999996
1,BR(BM25),0.15459637353168962,0.6439718632285166,0.3984248115117087,0.31999999999999984,0.26199999999999996
2,BR(PL2),0.14684194769656703,0.5998762143188078,0.38503708607768566,0.2999999999999999,0.24799999999999994
3,BR(InL2),0.15917708122627994,0.6348592354306536,0.4042793203835835,0.33999999999999986,0.26799999999999996
4,BR(Hiemstra_LM),0.2159432438630586,0.7629604179575996,0.47507497314480834,0.43999999999999995,0.314
