,name,map,recip_rank,ndcg,P_5,P_10
0,BR(TF_IDF),0.1574819404249908,0.6499851509386393,0.4045534421869369,0.3159999999999999,0.266
1,BR(BM25),0.1599006234809146,0.6666216798499406,0.4085717739783448,0.3239999999999999,0.262
2,BR(PL2),0.15053019517736957,0.6446675760946592,0.39420618410931985,0.30799999999999983,0.24600000000000002
3,BR(InL2),0.16654853585046872,0.6431412168544243,0.41532781410548686,0.3479999999999999,0.27399999999999997
4,BR(Hiemstra_LM),0.21924922960099888,0.7630065959143104,0.4816936857863209,0.444,0.32199999999999995
