,name,map,recip_rank,ndcg,P_5,P_10
0,BR(TF_IDF),0.1571969211745043,0.6302177784576805,0.4038380379671926,0.3199999999999999,0.262
1,BR(BM25),0.1584629194126991,0.6353456377261562,0.4060296472942534,0.3279999999999999,0.26400000000000007
2,BR(PL2),0.15044206619450182,0.6230856314464147,0.39478226908643493,0.30799999999999983,0.244
3,BR(InL2),0.16576975642838793,0.6267210864849698,0.41481667732803956,0.3479999999999998,0.272
4,BR(Hiemstra_LM),0.22037949780520755,0.7694673741913293,0.48578653364150304,0.43599999999999994,0.326
