,name,map,recip_rank,ndcg,P_5,P_10
0,BR(TF_IDF),0.16089179521481176,0.6109193814497731,0.41467950928971475,0.33599999999999985,0.26799999999999996
1,BR(BM25),0.16327166131819218,0.6190541834214833,0.41769095869908024,0.3399999999999998,0.27199999999999996
2,BR(PL2),0.1542915147725795,0.58870841213415,0.4045977139908476,0.32799999999999985,0.25799999999999995
3,BR(InL2),0.17178652680512088,0.6453710421528335,0.42913141919923065,0.34399999999999986,0.278
4,BR(Hiemstra_LM),0.22196910900942465,0.7627007575757575,0.49167446306631296,0.43599999999999994,0.336
