,name,map,recip_rank,ndcg,P_5,P_10
0,BR(TF_IDF),0.15800593435044102,0.6361535560735558,0.4080318862384933,0.3279999999999999,0.26199999999999996
1,BR(BM25),0.15997707534600455,0.6526802970894002,0.41203338636856723,0.3319999999999999,0.26599999999999996
2,BR(PL2),0.14679433726229563,0.5877540721341167,0.39247505293661356,0.31999999999999984,0.25199999999999995
3,BR(InL2),0.16604852550956603,0.6328242719319271,0.4192377666593084,0.35999999999999976,0.278
4,BR(Hiemstra_LM),0.2208031805494773,0.7600047802636446,0.4891515048949955,0.43599999999999994,0.33399999999999996
