,name,map,recip_rank,ndcg,P_5,P_10
0,BR(TF_IDF),0.1540212587336633,0.630736907345876,0.39721855041508297,0.31999999999999984,0.26399999999999996
1,BR(BM25),0.1544100433732056,0.6365668745830035,0.39850345527512054,0.31999999999999984,0.25999999999999995
2,BR(PL2),0.14744762419911173,0.5993437790187837,0.3859891800768227,0.3039999999999998,0.24799999999999994
3,BR(InL2),0.1584354277834148,0.62402465616376,0.4041456547332272,0.3359999999999998,0.26599999999999996
4,BR(Hiemstra_LM),0.21629077414795328,0.7629595362788834,0.47549685725290014,0.43999999999999995,0.314
