,name,map,recip_rank,ndcg,P_5,P_10
0,BR(TF_IDF),0.15465425982655112,0.6168468519379643,0.40216716185532464,0.3159999999999999,0.25599999999999995
1,BR(BM25),0.155893796197245,0.6224597301630722,0.4042236981533079,0.3199999999999999,0.26199999999999996
2,BR(PL2),0.146958278370857,0.5977269068375187,0.39067392949916424,0.3079999999999999,0.24599999999999997
3,BR(InL2),0.16257219181089413,0.6146016064998875,0.41302054818931433,0.3559999999999998,0.272
4,BR(Hiemstra_LM),0.21787139111572398,0.7694744232618328,0.485769984375291,0.43199999999999994,0.3299999999999999
