,name,map,recip_rank,ndcg,P_5,P_10
0,BR(TF_IDF),0.15898224149410262,0.6481600225998744,0.40416863048147517,0.3199999999999999,0.254
1,BR(BM25),0.16054825747831825,0.6521490800499576,0.40596900917604023,0.324,0.256
2,BR(PL2),0.15178130142987872,0.6414557885899488,0.39425430661777255,0.2999999999999998,0.244
3,BR(InL2),0.16761809402654446,0.6425498641254002,0.4152692973776687,0.34399999999999986,0.274
4,BR(Hiemstra_LM),0.22148046473912517,0.7694565245705963,0.48447409261960445,0.436,0.32599999999999996
