,name,map,recip_rank,ndcg,P_5,P_10
0,BR(TF_IDF),0.15725323651887607,0.6504657903072537,0.4039768392578163,0.3199999999999999,0.25800000000000006
1,BR(BM25),0.15904735790758526,0.6525795487431193,0.40599606570670443,0.3279999999999999,0.26
2,BR(PL2),0.1498137311431624,0.6462111337503806,0.3936007079851434,0.3039999999999998,0.242
3,BR(InL2),0.16593040080168828,0.6513489554587859,0.4153786626246482,0.35199999999999987,0.276
4,BR(Hiemstra_LM),0.21958661458501408,0.763002608861388,0.4814843392425394,0.444,0.32199999999999995
