,name,map,recip_rank,ndcg,P_5,P_10
0,BR(TF_IDF),0.13157359558686363,0.5723913471846062,0.3668423120020649,0.284,0.20800000000000005
1,BR(BM25),0.13247602563617902,0.5757658786533777,0.3690639940829392,0.29600000000000004,0.20200000000000004
2,BR(PL2),0.12586962224308806,0.5623309729574395,0.35992267835654695,0.28,0.19599999999999998
3,BR(InL2),0.1386959576109776,0.5908736154482199,0.37717215133043136,0.3,0.22200000000000003
4,BR(Hiemstra_LM),0.18873696733879627,0.7226801408675414,0.4362433974341486,0.37599999999999995,0.2919999999999999
