,name,map,recip_rank,ndcg,P_5,P_10
0,BR(TF_IDF),0.1330630636521793,0.5869127174101328,0.3640900056450038,0.28800000000000003,0.20800000000000005
1,BR(BM25),0.13465640393070066,0.5946483701597584,0.36690128594200794,0.29200000000000004,0.21400000000000002
2,BR(PL2),0.12764594577033744,0.5842604174564664,0.3567226143981035,0.27999999999999997,0.20400000000000001
3,BR(InL2),0.14201132061316823,0.6204667773274357,0.3763387785973172,0.30000000000000004,0.22
4,BR(Hiemstra_LM),0.18960586295282986,0.7121681240535388,0.43408663178430573,0.37599999999999995,0.27999999999999997
