,name,map,recip_rank,ndcg,P_5,P_10
0,BR(TF_IDF),0.1293151047042814,0.5525181884548883,0.35103313841954487,0.28400000000000003,0.214
1,BR(BM25),0.13087535268931494,0.5573075609971003,0.3549252661166951,0.29200000000000004,0.21599999999999997
2,BR(PL2),0.12424476459110556,0.5539410793834744,0.34608120346415494,0.28,0.21200000000000002
3,BR(InL2),0.1359546603633363,0.5709121752014962,0.3606723146276142,0.31199999999999994,0.21799999999999997
4,BR(Hiemstra_LM),0.18493541286046433,0.7090355247838758,0.42502011740692636,0.37599999999999995,0.28199999999999986
