,name,map,recip_rank,ndcg,P_5,P_10
0,BR(TF_IDF),0.1299976857561066,0.552624949822474,0.3549304097818344,0.28,0.214
1,BR(BM25),0.13186251907609403,0.56762541510235,0.35849111136592204,0.28,0.21799999999999997
2,BR(PL2),0.12511047766965483,0.55139947205102,0.3479746851084453,0.276,0.21
3,BR(InL2),0.13759564611803438,0.5767137339344657,0.36543077227822046,0.30400000000000005,0.22199999999999995
4,BR(Hiemstra_LM),0.1869150041707835,0.7085013501012134,0.4288391211186199,0.37999999999999995,0.2859999999999999
