,name,map,recip_rank,ndcg,P_5,P_10
0,BR(TF_IDF),0.13282074246007883,0.5734635968755911,0.3584874785272261,0.29600000000000004,0.226
1,BR(BM25),0.13444624751007342,0.5747805870604565,0.3607719376563061,0.29600000000000004,0.22400000000000003
2,BR(PL2),0.12522507919001358,0.5705092217864864,0.35048417181761915,0.28800000000000003,0.21
3,BR(InL2),0.14068013255179473,0.6167932492392376,0.37028417882021303,0.30400000000000005,0.228
4,BR(Hiemstra_LM),0.1877593431044631,0.6927995801209971,0.4281820098211789,0.37999999999999995,0.284
