,name,map,recip_rank,ndcg,P_5,P_10
0,BR(TF_IDF),0.13378693971440456,0.5761103187365585,0.36851161142545036,0.29200000000000004,0.21000000000000005
1,BR(BM25),0.13520965488746473,0.5830777127057193,0.3719336070140736,0.30000000000000004,0.21000000000000005
2,BR(PL2),0.12720073767518678,0.5637873360524703,0.36083954864255974,0.28400000000000003,0.19799999999999998
3,BR(InL2),0.1408805957937449,0.6056517406098244,0.37964334203401146,0.3,0.22400000000000003
4,BR(Hiemstra_LM),0.1890040832933754,0.7215318250445756,0.43585083741179476,0.368,0.2859999999999999
