,name,map,recip_rank,ndcg,P_5,P_10
0,BR(TF_IDF),0.13942780086447523,0.5490860965315629,0.3794843424630852,0.292,0.226
1,BR(BM25),0.14036861070546325,0.5534005325665663,0.3812242703183166,0.296,0.22199999999999995
2,BR(PL2),0.13568163834111713,0.5446945874346383,0.3753591112002528,0.292,0.2139999999999999
3,BR(InL2),0.14708720715294832,0.5710064068034958,0.38860941812864686,0.304,0.24
4,BR(Hiemstra_LM),0.19715386597806567,0.7338854724544938,0.4456428003377416,0.3879999999999999,0.29599999999999993
