,name,map,recip_rank,ndcg,P_5,P_10
0,BR(TF_IDF),0.12848904525875782,0.5544205047994124,0.3505032274764969,0.28,0.212
1,BR(BM25),0.1298450084292843,0.5570293364657691,0.3531686886546675,0.28800000000000003,0.212
2,BR(PL2),0.12448428423901747,0.5564730638569652,0.34496713375911897,0.28,0.20800000000000005
3,BR(InL2),0.13620931651419516,0.5697928195172811,0.3604912886245112,0.31199999999999994,0.22400000000000003
4,BR(Hiemstra_LM),0.18398934305355918,0.7090148884273093,0.4225120121889526,0.3719999999999999,0.2839999999999999
