,name,map,recip_rank,ndcg,P_5,P_10
0,BR(TF_IDF),0.13614853057952916,0.555320531244133,0.3757790775544021,0.296,0.22
1,BR(BM25),0.13678200917144223,0.5601396385520725,0.37731170990556734,0.304,0.22399999999999998
2,BR(PL2),0.1307102388318717,0.5405853909706431,0.3694025985100326,0.292,0.20999999999999996
3,BR(InL2),0.14423530397093595,0.5707272122129166,0.38528707865716283,0.31599999999999995,0.24
4,BR(Hiemstra_LM),0.1958425402981906,0.725847505991404,0.44379486379614624,0.3919999999999999,0.30199999999999994
