,name,map,recip_rank,ndcg,P_5,P_10
0,BR(TF_IDF),0.1303123289367432,0.5559592419084667,0.3555764133839552,0.276,0.21599999999999997
1,BR(BM25),0.13246478877645268,0.5712022964209368,0.35888833918372554,0.28400000000000003,0.21799999999999997
2,BR(PL2),0.12473512226685544,0.541580702506606,0.34761430376516955,0.276,0.21199999999999997
3,BR(InL2),0.13884223293585263,0.5825071787470105,0.3678435850832183,0.30400000000000005,0.22199999999999995
4,BR(Hiemstra_LM),0.1868936957632846,0.6955367085176541,0.4284989021131969,0.37999999999999995,0.2839999999999999
