,name,map,recip_rank,ndcg,P_5,P_10
0,BR(TF_IDF),0.13454551030723239,0.5954292316776173,0.3619825255339494,0.29200000000000004,0.22200000000000003
1,BR(BM25),0.1353888842665911,0.5941079651497636,0.3631678233562335,0.29200000000000004,0.222
2,BR(PL2),0.1275291021403111,0.592398571657677,0.3542537599705026,0.284,0.20199999999999999
3,BR(InL2),0.14176316299002345,0.6264105729103326,0.37340584596519777,0.29600000000000004,0.22400000000000003
4,BR(Hiemstra_LM),0.18851836049846757,0.6933223361090235,0.42913189157222176,0.37599999999999995,0.286
