,name,map,recip_rank,ndcg,P_5,P_10
0,BR(TF_IDF),0.13163135709730592,0.5434958222659424,0.3562788609063249,0.28400000000000003,0.218
1,BR(BM25),0.13325689763726942,0.5441012351564443,0.3583541796396122,0.29600000000000004,0.21799999999999997
2,BR(PL2),0.12457339611420787,0.5402210898754952,0.3479663918334905,0.276,0.20799999999999996
3,BR(InL2),0.13985561773307337,0.5810419832719868,0.36881421650641305,0.30000000000000004,0.222
4,BR(Hiemstra_LM),0.18845203109599132,0.6905775177997613,0.4293647135273561,0.37599999999999995,0.2819999999999999
