,name,map,recip_rank,ndcg,P_5,P_10
0,BR(TF_IDF),0.15278945669505758,0.6315025090067108,0.39486036629401816,0.3159999999999999,0.26199999999999996
1,BR(BM25),0.15345245243416036,0.6349511146756827,0.39677541911740355,0.3199999999999999,0.25799999999999995
2,BR(PL2),0.14653349785507708,0.6167513290131589,0.38506074370166116,0.3039999999999998,0.23999999999999994
3,BR(InL2),0.15896472792173993,0.6264171970768505,0.40328234731805973,0.33999999999999986,0.264
4,BR(Hiemstra_LM),0.21546302010118462,0.7629645673972854,0.4733875428390929,0.43999999999999995,0.31399999999999995
