,name,map,recip_rank,ndcg,P_5,P_10
0,BR(TF_IDF),0.15785422722371178,0.6356880971164245,0.40002419856014326,0.3199999999999999,0.25799999999999995
1,BR(BM25),0.15860336696265726,0.6395033429461755,0.4018388189818258,0.3199999999999999,0.25399999999999995
2,BR(PL2),0.15020843462923333,0.611199213484889,0.38876137048031034,0.3039999999999998,0.2379999999999999
3,BR(InL2),0.16568928254124027,0.6276374576292806,0.40949163243706255,0.3439999999999999,0.266
4,BR(Hiemstra_LM),0.22069666249119949,0.7629531806234121,0.4774045009078031,0.44,0.32
