,name,map,recip_rank,ndcg,P_5,P_10
0,BR(TF_IDF),0.15814375078715595,0.6380183948555608,0.40818272304903486,0.33599999999999985,0.25999999999999995
1,BR(BM25),0.16004689994421656,0.6541134081179633,0.41067304426812934,0.3399999999999999,0.26799999999999996
2,BR(PL2),0.14798167931641265,0.6016556141836579,0.3926522640751452,0.31599999999999984,0.25399999999999995
3,BR(InL2),0.1652151869286471,0.6350899150063344,0.4178741293333789,0.3519999999999998,0.272
4,BR(Hiemstra_LM),0.21981308888599776,0.7600062094546025,0.48669101300736406,0.43199999999999994,0.33199999999999996
