,name,map,recip_rank,ndcg,P_5,P_10
0,BR(TF_IDF),0.16330914197009372,0.6297615912986191,0.4126295389239807,0.34399999999999986,0.282
1,BR(BM25),0.1664327956142479,0.6666839399645549,0.4176246574113203,0.34399999999999986,0.284
2,BR(PL2),0.1533236702264091,0.5974418043021897,0.39925044648727664,0.3319999999999999,0.264
3,BR(InL2),0.1716403773793899,0.6476458870983157,0.4246418264801561,0.3599999999999999,0.29
4,BR(Hiemstra_LM),0.2213093551814568,0.7600707781514235,0.4873399403368161,0.4279999999999999,0.342
