,name,map,recip_rank,ndcg,P_5,P_10
0,BR(TF_IDF),0.15611639447484638,0.644874515114768,0.40139959355257077,0.3199999999999999,0.256
1,BR(BM25),0.15834963395073504,0.6567682612026418,0.40499459759352857,0.3279999999999999,0.254
2,BR(PL2),0.14913893158294875,0.6501982331563725,0.3919735212579515,0.3079999999999999,0.23799999999999993
3,BR(InL2),0.16626288667767233,0.6547905098732685,0.41587339754154057,0.3439999999999999,0.27
4,BR(Hiemstra_LM),0.2192282940995739,0.7730104010893484,0.48114313276828413,0.444,0.324
