,name,map,recip_rank,ndcg,P_5,P_10
0,BR(TF_IDF),0.15058686892771905,0.6219253820385621,0.3914821262273572,0.3039999999999999,0.2559999999999999
1,BR(BM25),0.15205975757195864,0.6273195849671427,0.3942488475648882,0.31599999999999984,0.2559999999999999
2,BR(PL2),0.14493344178210624,0.6085321109350857,0.38203708339897174,0.3039999999999999,0.2379999999999999
3,BR(InL2),0.15835351804617967,0.6280818189589007,0.4022281763609266,0.3319999999999998,0.25999999999999995
4,BR(Hiemstra_LM),0.2157085333002309,0.7727804128837701,0.4731404505380519,0.43999999999999995,0.31199999999999994
