,name,map,recip_rank,ndcg,P_5,P_10
0,BR(TF_IDF),0.16092219944682928,0.6543002229654404,0.405611729579227,0.3279999999999999,0.26
1,BR(BM25),0.16218538895955031,0.667878030685451,0.40901651580688464,0.3239999999999999,0.26
2,BR(PL2),0.15281929728053384,0.6434222973570921,0.3936867494134068,0.3039999999999998,0.23999999999999994
3,BR(InL2),0.16786200333989643,0.634395136747996,0.41394064543804837,0.3439999999999999,0.27
4,BR(Hiemstra_LM),0.22259986031579707,0.7729815482264136,0.4816203269935744,0.44,0.322
