,name,map,recip_rank,ndcg,P_5,P_10
0,BR(TF_IDF),0.15430652715826634,0.6206731669172488,0.40069639924041595,0.3199999999999999,0.24999999999999992
1,BR(BM25),0.15600115801267422,0.6289558378250202,0.4032252205094419,0.3319999999999999,0.25999999999999995
2,BR(PL2),0.14693590603602952,0.6043851070049052,0.38961255683417434,0.3039999999999998,0.23999999999999994
3,BR(InL2),0.1621549373683942,0.6185989929332762,0.41265600275747816,0.3479999999999998,0.26999999999999996
4,BR(Hiemstra_LM),0.21682826499788177,0.7694687590264739,0.4829343682968147,0.428,0.3299999999999999
