,name,map,recip_rank,ndcg,P_5,P_10
0,BR(TF_IDF),0.15747114774573323,0.6640338917618329,0.40418132076203334,0.3199999999999999,0.25799999999999995
1,BR(BM25),0.1596482051534821,0.6773007813673807,0.40774468013177123,0.3279999999999999,0.25399999999999995
2,BR(PL2),0.14980398872039347,0.6552840828845576,0.3932338657587073,0.30799999999999983,0.23799999999999993
3,BR(InL2),0.1661142818537366,0.6539654997025849,0.4153936429582044,0.3439999999999999,0.27
4,BR(Hiemstra_LM),0.21907335601907515,0.7730104010893484,0.4813629855834145,0.444,0.3239999999999999
