,name,map,recip_rank,ndcg,P_5,P_10
0,BR(TF_IDF),0.16027767121641323,0.6142565044750736,0.41286598727162316,0.3319999999999999,0.26599999999999996
1,BR(BM25),0.16256648917677674,0.6209033085964584,0.41577608537581406,0.33599999999999985,0.26999999999999996
2,BR(PL2),0.15403386388169552,0.5994960227960129,0.40371755394731024,0.3279999999999999,0.26
3,BR(InL2),0.17088841234949226,0.6466949270072105,0.4280064573995959,0.3479999999999999,0.272
4,BR(Hiemstra_LM),0.2217115947338106,0.7627969810775675,0.4904137390633878,0.43599999999999994,0.34
