,name,map,recip_rank,ndcg,P_5,P_10
0,BR(TF_IDF),0.1523461838971,0.621621644505633,0.39445799515422697,0.3159999999999999,0.25999999999999995
1,BR(BM25),0.1534245549655081,0.6272679172679173,0.39719057515889566,0.3159999999999999,0.25599999999999995
2,BR(PL2),0.14633313264682288,0.6026992961141096,0.3844003930920351,0.3039999999999998,0.23799999999999993
3,BR(InL2),0.15789022609568462,0.615605767184893,0.40224114992031057,0.33999999999999986,0.264
4,BR(Hiemstra_LM),0.2160179316515218,0.7629636773810426,0.4740034852992313,0.43999999999999995,0.31399999999999995
