,name,map,recip_rank,ndcg,P_5,P_10
0,BR(TF_IDF),0.1540868220520428,0.6271362178614656,0.3959448845681699,0.31999999999999984,0.2559999999999999
1,BR(BM25),0.15508849116452372,0.6405905209272247,0.39875911595018637,0.3159999999999999,0.25599999999999995
2,BR(PL2),0.14751684155044717,0.6032422488714365,0.38512499982486076,0.3079999999999999,0.2359999999999999
3,BR(InL2),0.1591670739676706,0.621114566821654,0.403426694361696,0.3439999999999999,0.264
4,BR(Hiemstra_LM),0.21822929211739236,0.7629589547098208,0.47513607747099307,0.444,0.316
