,name,map,recip_rank,ndcg,P_5,P_10
0,BR(TF_IDF),0.15911430657833783,0.6551547992237647,0.40476972884025497,0.31999999999999984,0.254
1,BR(BM25),0.15984739578478305,0.658740943466957,0.4069776586907233,0.3319999999999999,0.252
2,BR(PL2),0.15197653473170925,0.6432561477991463,0.39425107583977526,0.31199999999999983,0.24199999999999997
3,BR(InL2),0.16699013434333435,0.6356953667507534,0.41347887192713556,0.35599999999999987,0.26999999999999996
4,BR(Hiemstra_LM),0.22194850197875965,0.7629384188907542,0.48032985935005185,0.44800000000000006,0.324
