,name,map,recip_rank,ndcg,P_5,P_10
0,BR(TF_IDF),0.15242022404696326,0.6229549778389663,0.39459274578041975,0.3159999999999999,0.2539999999999999
1,BR(BM25),0.15358017694137713,0.6300557960557961,0.39754162545338984,0.3199999999999999,0.2539999999999999
2,BR(PL2),0.1465466518705538,0.6066247484430665,0.38509267320518836,0.3039999999999998,0.23799999999999993
3,BR(InL2),0.1582785747123867,0.61728113700967,0.40318665036603313,0.34399999999999986,0.264
4,BR(Hiemstra_LM),0.21599779688168091,0.7629636773810426,0.47398861655854446,0.43999999999999995,0.31599999999999995
