,name,map,recip_rank,ndcg,P_5,P_10
0,BR(TF_IDF),0.15314745480660633,0.6279933607186083,0.39511390820352255,0.31999999999999984,0.25199999999999995
1,BR(BM25),0.15548701259963782,0.6417106195520829,0.3991098378325129,0.3159999999999999,0.2539999999999999
2,BR(PL2),0.14755171400498546,0.6037735581693492,0.3852013273645706,0.3079999999999999,0.2359999999999999
3,BR(InL2),0.15945987263300718,0.6232645494496619,0.4037456693397322,0.3479999999999999,0.264
4,BR(Hiemstra_LM),0.21818542345508987,0.7629589547098208,0.47509890710039704,0.444,0.31799999999999995
