,name,map,recip_rank,ndcg,P_5,P_10
0,BR(TF_IDF),0.15785493728172445,0.6359617813269509,0.40000853832583727,0.3199999999999999,0.25199999999999995
1,BR(BM25),0.15876440823288637,0.6405056787745983,0.40236721102440426,0.3199999999999999,0.25399999999999995
2,BR(PL2),0.15021522245781044,0.611306727528758,0.38881273738935207,0.3039999999999998,0.2379999999999999
3,BR(InL2),0.16587404783399812,0.631251137019939,0.40998071814596515,0.3479999999999999,0.268
4,BR(Hiemstra_LM),0.22064259460629987,0.7629526976716104,0.4776565448401138,0.44,0.322
