,name,map,recip_rank,ndcg,P_5,P_10
0,BR(TF_IDF),0.1527637745380382,0.632943117301688,0.3951649030547074,0.3159999999999999,0.2559999999999999
1,BR(BM25),0.1538575923784029,0.6381278823524503,0.39712904075800914,0.3319999999999999,0.2559999999999999
2,BR(PL2),0.14671328014428273,0.6173443601878156,0.38524272896065276,0.30799999999999983,0.23999999999999994
3,BR(InL2),0.15910891521936932,0.6280915738405978,0.40347140711152735,0.34399999999999986,0.264
4,BR(Hiemstra_LM),0.2158025201896874,0.7629645673972854,0.4737065565323779,0.43999999999999995,0.31599999999999995
