,name,map,recip_rank,ndcg,P_5,P_10
0,BR(TF_IDF),0.1590239197572139,0.6490159293625304,0.4034044948799071,0.3239999999999999,0.248
1,BR(BM25),0.16129196602003795,0.6546957991996379,0.40629196478786206,0.324,0.25199999999999995
2,BR(PL2),0.1514345940821117,0.6466088554137294,0.3928135487699951,0.2999999999999998,0.236
3,BR(InL2),0.16791015369424414,0.654879772961333,0.41711558052615294,0.33599999999999985,0.268
4,BR(Hiemstra_LM),0.22037040912097516,0.7694586657187469,0.48248221166434246,0.436,0.32799999999999996
