,name,map,recip_rank,ndcg,P_5,P_10
0,BR(TF_IDF),0.15454472900386157,0.6223401627370045,0.4016135795456237,0.3239999999999999,0.2499999999999999
1,BR(BM25),0.15608234911048846,0.6289560956832497,0.4040463569705963,0.3319999999999999,0.25799999999999995
2,BR(PL2),0.14696491722820493,0.6043851070049052,0.39017439302201445,0.3039999999999998,0.2379999999999999
3,BR(InL2),0.16246382058136366,0.6185995261800603,0.41352616135748277,0.3439999999999999,0.26799999999999996
4,BR(Hiemstra_LM),0.21680658417685691,0.7661356457103018,0.4829919205298372,0.428,0.3299999999999999
