,name,map,recip_rank,ndcg,P_5,P_10
0,BR(TF_IDF),0.16137957149130333,0.6549666627285795,0.4069124675567133,0.3319999999999999,0.258
1,BR(BM25),0.16193826247655352,0.6579982724131659,0.4090111094130978,0.3239999999999999,0.258
2,BR(PL2),0.153035990200107,0.643421975970819,0.3942119460329803,0.31199999999999983,0.23999999999999994
3,BR(InL2),0.16845411193003076,0.6354035101591432,0.4145797894248941,0.3439999999999999,0.272
4,BR(Hiemstra_LM),0.22290484490302198,0.7729815482264136,0.48215522502554636,0.44,0.324
