,name,map,recip_rank,ndcg,P_5,P_10
0,BR(TF_IDF),0.15699376374605867,0.6307731234916415,0.40279874816065075,0.3199999999999999,0.24999999999999997
1,BR(BM25),0.15884694970838692,0.635516213389733,0.4049944356781074,0.33199999999999996,0.25199999999999995
2,BR(PL2),0.15051841276130687,0.6251808192708544,0.39372735013883026,0.30799999999999983,0.23799999999999993
3,BR(InL2),0.16625443044076016,0.6286697154757271,0.4160091839206504,0.33999999999999986,0.272
4,BR(Hiemstra_LM),0.21948122031351328,0.7694697422181176,0.48388651189112075,0.43199999999999994,0.32799999999999996
