,name,map,recip_rank,ndcg,P_5,P_10
0,BR(TF_IDF),0.15613069648041672,0.6445176142243306,0.4024838481875887,0.3239999999999999,0.252
1,BR(BM25),0.15840017807614823,0.6567762458130103,0.40614017640091776,0.3279999999999999,0.254
2,BR(PL2),0.1491911868947709,0.6505551469709135,0.3927431090404761,0.3079999999999999,0.23799999999999993
3,BR(InL2),0.1664753530120818,0.6559411314596956,0.41624762961140876,0.3479999999999999,0.26599999999999996
4,BR(Hiemstra_LM),0.21951189210210154,0.7730104010893484,0.4816766508209243,0.444,0.32799999999999996
