,name,map,recip_rank,ndcg,P_5,P_10
0,BR(TF_IDF),0.16409809136012682,0.6297624235915863,0.41399492556111334,0.34399999999999986,0.284
1,BR(BM25),0.1665645996624929,0.6666849137297344,0.41831627258239307,0.3479999999999998,0.284
2,BR(PL2),0.15351741273014588,0.5974426064412272,0.39960898602215844,0.33599999999999985,0.264
3,BR(InL2),0.1715813031532606,0.647646461027579,0.42488400242845337,0.35599999999999987,0.29
4,BR(Hiemstra_LM),0.22132699588348678,0.7567374448180901,0.48750447424749604,0.4279999999999999,0.344
