,name,map,recip_rank,ndcg,P_5,P_10
0,BR(TF_IDF),0.150722973771227,0.6232860275506855,0.3920480818860288,0.3039999999999999,0.25199999999999995
1,BR(BM25),0.15220950692351023,0.6301705119187955,0.3946762598617349,0.31999999999999984,0.2539999999999999
2,BR(PL2),0.14495753578618506,0.609039430929273,0.38208032066469744,0.3039999999999999,0.2379999999999999
3,BR(InL2),0.15848899246955878,0.6290902066860595,0.40238724496809747,0.3319999999999998,0.26199999999999996
4,BR(Hiemstra_LM),0.21579659066332224,0.7727804128837701,0.47320105126385914,0.43999999999999995,0.31399999999999995
