,name,map,recip_rank,ndcg,P_5,P_10
0,BR(TF_IDF),0.15055851171783105,0.627266226043749,0.3908906974164061,0.3039999999999999,0.25199999999999995
1,BR(BM25),0.15163740147357965,0.6336293326556484,0.3930927646872131,0.3159999999999999,0.24999999999999992
2,BR(PL2),0.1436173802483272,0.599959011416785,0.3789478143249135,0.2999999999999999,0.23999999999999988
3,BR(InL2),0.1575370283230311,0.6231194470903096,0.40073907468943726,0.3399999999999998,0.26399999999999996
4,BR(Hiemstra_LM),0.214536582690831,0.7628950993524171,0.4711252665615941,0.43999999999999995,0.31399999999999995
