,name,map,recip_rank,ndcg,P_5,P_10
0,BR(TF_IDF),0.1582607439245749,0.6496656815686128,0.4022968247309426,0.3239999999999999,0.254
1,BR(BM25),0.1586944429535183,0.6427469717798907,0.40294997709877867,0.3239999999999999,0.254
2,BR(PL2),0.15073318404873096,0.633359141748749,0.3909022499033401,0.3079999999999999,0.242
3,BR(InL2),0.16693008632260406,0.6419711966604822,0.41254784283571166,0.35599999999999987,0.27399999999999997
4,BR(Hiemstra_LM),0.22207412334332524,0.7630517145553014,0.48021881369496305,0.452,0.324
