,name,map,recip_rank,ndcg,P_5,P_10
0,BR(TF_IDF),0.15695145099517244,0.6354041129223316,0.40269051573014364,0.3199999999999999,0.254
1,BR(BM25),0.15874466504075316,0.6391764765735354,0.40423875772189943,0.3319999999999999,0.256
2,BR(PL2),0.14966822272612149,0.6262869676437481,0.39324632088955774,0.3039999999999998,0.244
3,BR(InL2),0.16627665746955853,0.6370481543689517,0.41607814326563114,0.33999999999999986,0.278
4,BR(Hiemstra_LM),0.22099936145169463,0.7827969298344751,0.48606263614390544,0.43599999999999994,0.33
