,name,map,recip_rank,ndcg,P_5,P_10
0,BR(TF_IDF),0.15194344979761717,0.6269640865670278,0.3929405299074085,0.3159999999999999,0.25599999999999995
1,BR(BM25),0.1523788371075678,0.6319404346971674,0.39427182645687914,0.32799999999999985,0.25399999999999995
2,BR(PL2),0.14611972532864417,0.6182819463624509,0.3833671753084507,0.3039999999999998,0.23999999999999994
3,BR(InL2),0.15911094824349942,0.6317961820083682,0.4031660994207328,0.34799999999999975,0.26799999999999996
4,BR(Hiemstra_LM),0.2155396478285003,0.7630757546026997,0.473217795941588,0.43999999999999995,0.31599999999999995
