,name,map,recip_rank,ndcg,P_5,P_10
0,BR(TF_IDF),0.1514110078368242,0.6175265547855233,0.3921344353831329,0.3159999999999999,0.25199999999999995
1,BR(BM25),0.15257133548918506,0.6245747852692966,0.3950045742644901,0.32799999999999985,0.25399999999999995
2,BR(PL2),0.14612766155456552,0.6097251944181036,0.383992298261954,0.3039999999999998,0.2379999999999999
3,BR(InL2),0.15831531426240977,0.6214621542185338,0.40240879191309736,0.34799999999999975,0.264
4,BR(Hiemstra_LM),0.2160665978304097,0.763072997521483,0.47382194091968627,0.43999999999999995,0.31599999999999995
