,name,map,recip_rank,ndcg,P_5,P_10
0,BR(TF_IDF),0.16252562984968522,0.6201621553300847,0.4114845045322832,0.3359999999999998,0.286
1,BR(BM25),0.16415500123413668,0.6468374128641365,0.4147070444921714,0.3399999999999998,0.27999999999999997
2,BR(PL2),0.1527228906266553,0.597137631076007,0.3985273243443229,0.3319999999999998,0.26599999999999996
3,BR(InL2),0.17087738473417663,0.6399803770860263,0.42358555653549035,0.3519999999999998,0.29
4,BR(Hiemstra_LM),0.2224564166713266,0.7700714686428973,0.48929633578784665,0.4319999999999999,0.342
