,name,map,recip_rank,ndcg,P_5,P_10
0,BR(TF_IDF),0.15245656183272266,0.6225063718987991,0.39238843615171426,0.31999999999999984,0.24999999999999992
1,BR(BM25),0.154853936456166,0.6359525365701836,0.39641591437433354,0.31999999999999984,0.25399999999999995
2,BR(PL2),0.14739967642514157,0.6128852554798894,0.3841195438516355,0.3079999999999999,0.2379999999999999
3,BR(InL2),0.16017638271515472,0.6274451670390467,0.40385205378655575,0.3519999999999998,0.26599999999999996
4,BR(Hiemstra_LM),0.2179848247203238,0.7630692951890137,0.47466551743637714,0.444,0.31799999999999995
