,name,map,recip_rank,ndcg,P_5,P_10
0,BR(TF_IDF),0.157460738813559,0.6552547872026235,0.4022114461599086,0.3239999999999999,0.25000000000000006
1,BR(BM25),0.15977805981422277,0.6583556816531781,0.40500351385144073,0.3239999999999999,0.256
2,BR(PL2),0.15007060421642796,0.6494775641025641,0.3914457445935632,0.2959999999999998,0.236
3,BR(InL2),0.16736358065001716,0.6610086901242636,0.4166658721578074,0.33999999999999986,0.272
4,BR(Hiemstra_LM),0.22147043233851005,0.7827877566278377,0.48425281945276033,0.44,0.32799999999999996
