,name,map,recip_rank,ndcg,P_5,P_10
0,BR(TF_IDF),0.151576531221025,0.6362570923086687,0.3927658770868963,0.31999999999999984,0.252
1,BR(BM25),0.15358745386856548,0.6493583248450896,0.3962149761237365,0.31599999999999984,0.256
2,BR(PL2),0.14383469160432452,0.6325300431624895,0.3819062820867267,0.2959999999999998,0.23
3,BR(InL2),0.16118638088482773,0.6504567268370827,0.4056503592117957,0.34,0.27
4,BR(Hiemstra_LM),0.2164813918999586,0.7753312559134478,0.47773716395819293,0.436,0.32799999999999996
