,name,map,recip_rank,ndcg,P_5,P_10
0,BR(TF_IDF),0.14564775702222932,0.6049024220001663,0.3802485187254153,0.2999999999999999,0.24399999999999994
1,BR(BM25),0.14712344749787531,0.6118114388284167,0.38400139515565807,0.3199999999999999,0.24399999999999994
2,BR(PL2),0.13892884187515062,0.5815408583807878,0.3697228863025616,0.2879999999999999,0.2259999999999999
3,BR(InL2),0.1522298709489984,0.5999411038919623,0.3893933767673123,0.3319999999999999,0.256
4,BR(Hiemstra_LM),0.20994512794984327,0.7568871043755329,0.46581361673738625,0.43199999999999994,0.31599999999999995
