,name,map,recip_rank,ndcg,P_5,P_10
0,BR(TF_IDF),0.14728496011436512,0.6043949784747976,0.3820585336705793,0.3159999999999999,0.24599999999999997
1,BR(BM25),0.14802608794827427,0.6104333994897491,0.38501395246089215,0.3319999999999999,0.24599999999999997
2,BR(PL2),0.14135295996187094,0.6001050604958162,0.37328421426097663,0.2959999999999998,0.22599999999999995
3,BR(InL2),0.1543853975207097,0.6106954939560703,0.39262972219429915,0.34399999999999986,0.26
4,BR(Hiemstra_LM),0.21098680465587985,0.7570667650306033,0.4679368349557114,0.43199999999999994,0.31799999999999995
