,name,map,recip_rank,ndcg,P_5,P_10
0,BR(TF_IDF),0.1554778734804551,0.6033651744721353,0.4022691791832089,0.3239999999999999,0.256
1,BR(BM25),0.158568145951081,0.6257259347259346,0.4081082670896696,0.3319999999999999,0.25799999999999995
2,BR(PL2),0.15094967067112192,0.5901229312449751,0.39570480983127,0.31999999999999984,0.24999999999999997
3,BR(InL2),0.16580249878521852,0.6254712353048284,0.4182461902940605,0.33999999999999986,0.26599999999999996
4,BR(Hiemstra_LM),0.21896494967890018,0.7584526971479163,0.4869425798168333,0.43999999999999995,0.336
