,name,map,recip_rank,ndcg,P_5,P_10
0,BR(TF_IDF),0.15248581023582425,0.6467194977096955,0.3945473885152559,0.31999999999999984,0.25
1,BR(BM25),0.15375974588562877,0.651509327458828,0.39669741812158976,0.31599999999999984,0.252
2,BR(PL2),0.14467682653301042,0.6387570350669093,0.383071785455633,0.3039999999999998,0.23199999999999998
3,BR(InL2),0.16158692567308358,0.6488238366956991,0.405728797084157,0.3479999999999999,0.27
4,BR(Hiemstra_LM),0.21651442998528872,0.775315445040408,0.4776093035601114,0.436,0.3279999999999999
