,name,map,recip_rank,ndcg,P_5,P_10
0,BR(TF_IDF),0.1477757010801357,0.5992298687907518,0.38263406693692886,0.31599999999999984,0.23799999999999996
1,BR(BM25),0.15046355852682958,0.6141810547875064,0.38806039563117883,0.3239999999999999,0.23999999999999996
2,BR(PL2),0.14199071865149285,0.5942549404944377,0.3736831670897025,0.2959999999999998,0.21999999999999992
3,BR(InL2),0.15522316041208722,0.6053238138263367,0.3939049245127781,0.3479999999999998,0.256
4,BR(Hiemstra_LM),0.2140254330091252,0.7570604737352382,0.46930553663099966,0.436,0.32199999999999995
