,name,map,recip_rank,ndcg,P_5,P_10
0,BR(TF_IDF),0.15297940142882133,0.6361074100991314,0.3917347463189564,0.3199999999999999,0.244
1,BR(BM25),0.15381363251274138,0.6305250168777369,0.3935311427185184,0.31999999999999984,0.244
2,BR(PL2),0.14604590123878564,0.6290050820634733,0.38137302993561384,0.2959999999999998,0.22799999999999992
3,BR(InL2),0.1624592334111665,0.6303189900786559,0.4036653009218276,0.35599999999999987,0.262
4,BR(Hiemstra_LM),0.2180963939852326,0.7570425520117793,0.4752656055888183,0.444,0.32799999999999996
