,name,map,recip_rank,ndcg,P_5,P_10
0,BR(TF_IDF),0.14655869860702328,0.5948110665562857,0.38188822045341475,0.31999999999999984,0.24399999999999994
1,BR(BM25),0.14803170900130116,0.6018994277058792,0.3857049565025331,0.3279999999999999,0.24399999999999994
2,BR(PL2),0.14117375644776578,0.5914399487311441,0.37328943126430864,0.2959999999999998,0.22199999999999995
3,BR(InL2),0.15366429089344374,0.5996944302017265,0.3924305961682377,0.34399999999999975,0.26
4,BR(Hiemstra_LM),0.2115276343509036,0.7570641760677076,0.46795018044829534,0.436,0.31799999999999995
