,name,map,recip_rank,ndcg,P_5,P_10
0,BR(TF_IDF),0.15183929187156062,0.6113937901139461,0.39635688949950565,0.3159999999999999,0.252
1,BR(BM25),0.15442743345987486,0.629445978641961,0.4016123463039743,0.32399999999999984,0.26
2,BR(PL2),0.14294484106009298,0.5863754231667995,0.38455488503324914,0.3039999999999998,0.242
3,BR(InL2),0.15984317506742945,0.6165656999409417,0.4076418076386252,0.35599999999999987,0.26
4,BR(Hiemstra_LM),0.21789307049523743,0.7623301095243888,0.4844934396636881,0.43599999999999994,0.33199999999999996
