,name,map,recip_rank,ndcg,P_5,P_10
0,BR(TF_IDF),0.15184673579341645,0.6377199897222585,0.3925453887818211,0.3239999999999999,0.252
1,BR(BM25),0.15346506052960576,0.6431260147558241,0.3955019592197472,0.3279999999999999,0.254
2,BR(PL2),0.1439361984969773,0.6290089802839889,0.3804188324079119,0.3079999999999999,0.23600000000000002
3,BR(InL2),0.16122646398830906,0.6488737629184281,0.40441063719644854,0.352,0.25999999999999995
4,BR(Hiemstra_LM),0.21492180990582305,0.7753198637121055,0.47514848119316483,0.428,0.32199999999999995
