,name,map,recip_rank,ndcg,P_5,P_10
0,BR(TF_IDF),0.15185569559724688,0.6227228964094562,0.39068010943810977,0.3119999999999999,0.25000000000000006
1,BR(BM25),0.1543948891736093,0.6286977670999194,0.39372990812388464,0.3159999999999999,0.256
2,BR(PL2),0.14534094740294226,0.6209896594302705,0.3808763385315389,0.2999999999999999,0.23
3,BR(InL2),0.16288675480757323,0.6405485405978674,0.4036725720762865,0.348,0.256
4,BR(Hiemstra_LM),0.21556702081314158,0.7751147768298579,0.4765953745507283,0.42,0.32199999999999995
