,name,map,recip_rank,ndcg,P_5,P_10
0,BR(TF_IDF),0.1453972737921911,0.6054372830982954,0.3792282677042831,0.3079999999999999,0.244
1,BR(BM25),0.14664783985095486,0.6084086830978677,0.38238106434581665,0.3159999999999999,0.242
2,BR(PL2),0.13843837589644803,0.5812364150021994,0.36832911585872824,0.2879999999999999,0.22799999999999992
3,BR(InL2),0.1522402992474318,0.5997513397786989,0.3877449681120963,0.3319999999999999,0.256
4,BR(Hiemstra_LM),0.20883751681578544,0.7668975004786945,0.4646337173583386,0.41999999999999993,0.3139999999999999
