,name,map,recip_rank,ndcg,P_5,P_10
0,BR(TF_IDF),0.1548331358530395,0.6378100146797755,0.3936267320515306,0.3239999999999999,0.25400000000000006
1,BR(BM25),0.1560653518092051,0.6325779554606351,0.3957564837769759,0.3279999999999999,0.25600000000000006
2,BR(PL2),0.1470270722214264,0.6208352825053743,0.3817996331084767,0.3079999999999999,0.23600000000000002
3,BR(InL2),0.16387678246386364,0.6299078082987616,0.40414054905869806,0.35199999999999987,0.266
4,BR(Hiemstra_LM),0.2181551042980957,0.7769762160002436,0.47660983123518724,0.428,0.32199999999999995
