,name,map,recip_rank,ndcg,P_5,P_10
0,BR(TF_IDF),0.15273628790057397,0.637232429551527,0.39102690831661663,0.3239999999999999,0.24400000000000002
1,BR(BM25),0.15393843705225713,0.6311208753054561,0.3937862648418491,0.3279999999999999,0.244
2,BR(PL2),0.14540399978579638,0.622835269506994,0.3810483825539049,0.2999999999999999,0.22999999999999995
3,BR(InL2),0.1615530466884285,0.628570023275375,0.4011067425030755,0.3599999999999999,0.262
4,BR(Hiemstra_LM),0.21741590639664132,0.7670368476356478,0.47430334525702245,0.4319999999999999,0.32199999999999995
