,name,map,recip_rank,ndcg,P_5,P_10
0,BR(TF_IDF),0.1513419983843786,0.6081487967484205,0.385691563752229,0.31999999999999984,0.24400000000000002
1,BR(BM25),0.15268848183952835,0.6107520725620844,0.38934504932294145,0.33199999999999996,0.24
2,BR(PL2),0.14424649649084967,0.6033075362270748,0.3760684332954338,0.29199999999999987,0.22599999999999995
3,BR(InL2),0.16025163027203845,0.6115265093329608,0.3968381956181826,0.35199999999999987,0.258
4,BR(Hiemstra_LM),0.21573376038908132,0.7670729156984851,0.4708227876395793,0.42399999999999993,0.32199999999999995
