,name,map,recip_rank,ndcg,P_5,P_10
0,BR(TF_IDF),0.1512297093690449,0.6131330585678411,0.3950900175146495,0.31999999999999984,0.252
1,BR(BM25),0.15397874684688392,0.6285454205292914,0.39969599729625627,0.3319999999999998,0.26
2,BR(PL2),0.142891166610845,0.5956206667508457,0.38296614399182066,0.30799999999999983,0.24400000000000002
3,BR(InL2),0.15989001707637088,0.6159079630719195,0.4066592969094295,0.36399999999999977,0.262
4,BR(Hiemstra_LM),0.21580799507240012,0.7622731371687892,0.48207162277698556,0.42399999999999993,0.33
