,name,map,recip_rank,ndcg,P_5,P_10
0,BR(TF_IDF),0.14684374091924635,0.6049023874237258,0.38063490241097314,0.32799999999999985,0.24599999999999997
1,BR(BM25),0.1474673446262591,0.607040145564058,0.38334640887948773,0.3319999999999999,0.244
2,BR(PL2),0.14088263890573435,0.5998563905498802,0.37260600238398217,0.2959999999999998,0.22799999999999998
3,BR(InL2),0.1534910584070901,0.6100332878616126,0.39011527383050315,0.3479999999999998,0.25799999999999995
4,BR(Hiemstra_LM),0.2099529141787463,0.767076807766925,0.4668556675080627,0.41999999999999993,0.3159999999999999
