,name,map,recip_rank,ndcg,P_5,P_10
0,BR(TF_IDF),0.1485871813804832,0.5935314020893362,0.3880110016353062,0.3039999999999999,0.248
1,BR(BM25),0.1500828218030953,0.5993831235484289,0.3901019549746576,0.3159999999999999,0.254
2,BR(PL2),0.1411651367007709,0.5876191902420709,0.37812866143438834,0.2879999999999998,0.23
3,BR(InL2),0.15826228637729062,0.6193455333378872,0.40159263770267833,0.33999999999999986,0.256
4,BR(Hiemstra_LM),0.2141571032131556,0.7717921142861915,0.47948916843957706,0.4159999999999999,0.32799999999999996
