,name,map,recip_rank,ndcg,P_5,P_10
0,BR(TF_IDF),0.15141097043663668,0.6052075721023954,0.39014073239802693,0.3119999999999999,0.252
1,BR(BM25),0.15261410972746753,0.6112957728912067,0.39286942187725205,0.3239999999999999,0.25200000000000006
2,BR(PL2),0.14416062601316001,0.6013188827233449,0.38089722622608013,0.2959999999999998,0.23800000000000002
3,BR(InL2),0.16261015300692244,0.6315810511729103,0.4051539934185755,0.348,0.262
4,BR(Hiemstra_LM),0.21595805690497938,0.7751240384202576,0.47878904338991923,0.4159999999999999,0.32799999999999996
