,name,map,recip_rank,ndcg,P_5,P_10
0,BR(TF_IDF),0.14747304410079928,0.6014887665368723,0.38217720139483774,0.32399999999999984,0.242
1,BR(BM25),0.1502660069088757,0.6130618745969226,0.38766305784889776,0.3319999999999999,0.23599999999999993
2,BR(PL2),0.14160726238770877,0.5956783537149479,0.3730062651607209,0.2999999999999999,0.22399999999999998
3,BR(InL2),0.1543423406873956,0.6033478310185412,0.3915705252320069,0.3479999999999999,0.256
4,BR(Hiemstra_LM),0.2121521460069994,0.7670763606597086,0.4678048785522842,0.42399999999999993,0.31799999999999995
