,name,map,recip_rank,ndcg,P_5,P_10
0,BR(TF_IDF),0.1401759612403755,0.5556153889947146,0.3887469010945273,0.2999999999999999,0.236
1,BR(BM25),0.13954502289989476,0.5614084648814187,0.38928970807659835,0.3039999999999998,0.22799999999999998
2,BR(PL2),0.13446570912305794,0.5520102108216774,0.38267575245702956,0.29199999999999987,0.22799999999999992
3,BR(InL2),0.14636348020506917,0.5710219007922723,0.39653855657800136,0.3119999999999999,0.242
4,BR(Hiemstra_LM),0.20228044831265496,0.723276658115863,0.4594628354792158,0.39199999999999996,0.30799999999999994
