,name,map,recip_rank,ndcg,P_5,P_10
0,BR(TF_IDF),0.14308862510407958,0.5727422496842407,0.39664815400957293,0.29599999999999993,0.23799999999999993
1,BR(BM25),0.1451509031138849,0.5876041767375039,0.40014207608992025,0.3039999999999999,0.23999999999999996
2,BR(PL2),0.1372089957064099,0.5647673506990046,0.3915961269066649,0.28799999999999987,0.22199999999999992
3,BR(InL2),0.15331373995311798,0.5882785814898567,0.40810933784887105,0.3159999999999999,0.258
4,BR(Hiemstra_LM),0.203926420530126,0.7256761485077277,0.46457444143494003,0.40399999999999986,0.3059999999999999
