,name,map,recip_rank,ndcg,P_5,P_10
0,BR(TF_IDF),0.1297897122158479,0.5611125466666943,0.3617757306316257,0.292,0.21199999999999997
1,BR(BM25),0.13273226453682235,0.5824084444334603,0.3673978643444718,0.29600000000000004,0.21799999999999997
2,BR(PL2),0.12491273288456521,0.5738038460820503,0.356750950016417,0.284,0.20199999999999996
3,BR(InL2),0.1388996219127982,0.5737307981548462,0.3733234699517237,0.32799999999999996,0.23200000000000007
4,BR(Hiemstra_LM),0.19230541885734428,0.7099627248969783,0.4406031899260644,0.3839999999999999,0.29399999999999993
