,name,map,recip_rank,ndcg,P_5,P_10
0,BR(TF_IDF),0.1329698914818066,0.6088660926461141,0.36860908003267956,0.3039999999999999,0.20999999999999994
1,BR(BM25),0.13587534683013708,0.6228352063511065,0.3730311469915067,0.3079999999999999,0.21799999999999997
2,BR(PL2),0.12803947042158456,0.5951057935934453,0.3617911849802588,0.2919999999999999,0.204
3,BR(InL2),0.14119184318468275,0.6154048314196355,0.38073914206840187,0.33199999999999996,0.22800000000000004
4,BR(Hiemstra_LM),0.19502859862148691,0.6969558616955196,0.4440165095968944,0.3919999999999999,0.29799999999999993
