,name,map,recip_rank,ndcg,P_5,P_10
0,BR(TF_IDF),0.12869343148863213,0.5723734040515482,0.36080669222681644,0.28,0.21799999999999994
1,BR(BM25),0.13094637459505784,0.5804705213651357,0.3642506977067698,0.3,0.21999999999999992
2,BR(PL2),0.12459034926182357,0.5705518620920806,0.35456188883391165,0.28,0.20799999999999993
3,BR(InL2),0.1380942875806308,0.5826691154933251,0.3719121924126658,0.316,0.2340000000000001
4,BR(Hiemstra_LM),0.1906977797654805,0.7094677028022918,0.4378093601585394,0.37599999999999995,0.2919999999999999
