,name,map,recip_rank,ndcg,P_5,P_10
0,BR(TF_IDF),0.13082365647267327,0.5803095772049377,0.3644804862299667,0.288,0.21999999999999992
1,BR(BM25),0.1327824751041062,0.5851552735491478,0.3671241667524933,0.304,0.21999999999999992
2,BR(PL2),0.12510467669842076,0.5776011388392114,0.3568575915172779,0.27999999999999997,0.20999999999999994
3,BR(InL2),0.13937350404764748,0.5861700445839968,0.3745813610593226,0.324,0.2340000000000001
4,BR(Hiemstra_LM),0.19130459369385952,0.7099268190331539,0.4390352837349864,0.37599999999999995,0.29399999999999993
