,name,map,recip_rank,ndcg,P_5,P_10
0,BR(TF_IDF),0.13072463709247598,0.5631756186208883,0.36516682844404064,0.292,0.21199999999999997
1,BR(BM25),0.13355211551873902,0.5842525437596024,0.36935801231632354,0.29600000000000004,0.21599999999999994
2,BR(PL2),0.12528084731854708,0.5781231977658714,0.3584233615384606,0.284,0.2039999999999999
3,BR(InL2),0.14082273463256853,0.5824929522273842,0.377793270748729,0.316,0.23000000000000007
4,BR(Hiemstra_LM),0.19495734140705065,0.7097247843840983,0.4446313678538094,0.3919999999999999,0.29399999999999993
