,name,map,recip_rank,ndcg,P_5,P_10
0,BR(TF_IDF),0.13418260463890522,0.5875526683873158,0.3755284735515547,0.31199999999999994,0.21600000000000003
1,BR(BM25),0.1361857438801131,0.5967467231992947,0.3782589245217537,0.29999999999999993,0.21400000000000002
2,BR(PL2),0.1275428230544395,0.5591856952615625,0.36551779055203015,0.29199999999999987,0.204
3,BR(InL2),0.14249928787007193,0.6116821207060773,0.3876093837360966,0.3239999999999999,0.226
4,BR(Hiemstra_LM),0.19607332859892362,0.7149253039706079,0.4521039446481177,0.3839999999999999,0.29599999999999993
