,name,map,recip_rank,ndcg,P_5,P_10
0,BR(TF_IDF),0.13145491915769564,0.582890194297202,0.36762053511752024,0.29999999999999993,0.21199999999999997
1,BR(BM25),0.1346940462486225,0.5933221220302304,0.3716400633940939,0.30799999999999994,0.21999999999999992
2,BR(PL2),0.12697518457943907,0.5872371551457544,0.3610355790444303,0.288,0.2039999999999999
3,BR(InL2),0.14126115629947467,0.5892409795950183,0.37943558150082984,0.31999999999999995,0.23200000000000004
4,BR(Hiemstra_LM),0.19560464098835006,0.7000131375812362,0.4448240132582418,0.3919999999999999,0.29599999999999993
