,name,map,recip_rank,ndcg,P_5,P_10
0,BR(TF_IDF),0.1434315390447529,0.607763706861444,0.3906769727680697,0.3199999999999999,0.2439999999999999
1,BR(BM25),0.14604377758695042,0.6276877381877382,0.39510236781897745,0.31199999999999994,0.23999999999999994
2,BR(PL2),0.13857110043266946,0.5867446022845824,0.3815639533800334,0.3119999999999999,0.23199999999999996
3,BR(InL2),0.15462115059539452,0.6415725643762474,0.40554564648037583,0.352,0.25599999999999995
4,BR(Hiemstra_LM),0.2103260786119222,0.7342251480030118,0.46960090116816317,0.40399999999999997,0.3139999999999999
