,name,map,recip_rank,ndcg,P_5,P_10
0,BR(TF_IDF),0.14019213504710726,0.6012875400743047,0.38468532402579514,0.3159999999999999,0.2379999999999999
1,BR(BM25),0.14316102065798655,0.6142110233192576,0.3893058970010728,0.31599999999999995,0.2419999999999999
2,BR(PL2),0.13536903266919603,0.5837887321441444,0.3764344234068872,0.31199999999999994,0.22399999999999992
3,BR(InL2),0.14973046726143718,0.6267287915233944,0.39813209057748794,0.348,0.252
4,BR(Hiemstra_LM),0.20694875423498688,0.7342319100672943,0.4651674289993653,0.40399999999999997,0.3079999999999999
