,name,map,recip_rank,ndcg,P_5,P_10
0,BR(TF_IDF),0.1457298594340889,0.5764026441812977,0.39979264405523957,0.33599999999999985,0.2439999999999999
1,BR(BM25),0.14699385449705743,0.5814768746398085,0.4013238977190061,0.3359999999999998,0.24599999999999994
2,BR(PL2),0.13724026688835442,0.5690331673892799,0.3901126509251684,0.31999999999999984,0.22399999999999992
3,BR(InL2),0.15819092691299316,0.6434616899941703,0.4176784436657359,0.3559999999999998,0.262
4,BR(Hiemstra_LM),0.21762251567827157,0.7764013070263072,0.4832392787203708,0.4159999999999999,0.33199999999999996
