,name,map,recip_rank,ndcg,P_5,P_10
0,BR(TF_IDF),0.15255865772830263,0.5962014866934264,0.4118376387896809,0.31999999999999984,0.24599999999999994
1,BR(BM25),0.15381419124189177,0.6058786146103219,0.4149008665576476,0.3279999999999999,0.25399999999999995
2,BR(PL2),0.14581516137610653,0.5896070578061997,0.4050801696578117,0.3079999999999999,0.23799999999999993
3,BR(InL2),0.16346806910942902,0.6172621493204765,0.4252519502315447,0.3559999999999998,0.2779999999999999
4,BR(Hiemstra_LM),0.22085702457244047,0.7730804988662132,0.4916018950503292,0.4279999999999999,0.33399999999999996
