,name,map,recip_rank,ndcg,P_5,P_10
0,BR(TF_IDF),0.14323830441804278,0.6234178834343238,0.38979610251037655,0.3199999999999999,0.25
1,BR(BM25),0.14571684690936051,0.6537601952401915,0.3946037037558392,0.3159999999999999,0.24599999999999997
2,BR(PL2),0.13730888258245216,0.598833889813787,0.37985619205359056,0.31199999999999994,0.22999999999999995
3,BR(InL2),0.15437538807069562,0.6642868977790092,0.4049592148669947,0.348,0.262
4,BR(Hiemstra_LM),0.2111269342891765,0.7418911280004096,0.46921912716972336,0.412,0.3159999999999999
