,name,map,recip_rank,ndcg,P_5,P_10
0,BR(TF_IDF),0.14224458659319328,0.6105301978439137,0.388720057565053,0.3199999999999999,0.23999999999999994
1,BR(BM25),0.14390540325272694,0.6291738722723353,0.3927269809822487,0.31199999999999994,0.2359999999999999
2,BR(PL2),0.13726140760834954,0.6010421920672505,0.38179232876880126,0.3199999999999999,0.22999999999999993
3,BR(InL2),0.15303259755563878,0.6418789748191128,0.40304963073183214,0.3479999999999999,0.256
4,BR(Hiemstra_LM),0.2099624322904844,0.734190322999837,0.4692865167626837,0.40800000000000003,0.3079999999999999
