,name,map,recip_rank,ndcg,P_5,P_10
0,BR(TF_IDF),0.14913357571280184,0.5797666434303074,0.4044227454971587,0.3359999999999998,0.24399999999999988
1,BR(BM25),0.15113126653846376,0.5895981604463899,0.407814858625194,0.3399999999999998,0.2579999999999999
2,BR(PL2),0.14447044013194066,0.5750171570928861,0.3973018157332867,0.31999999999999984,0.23999999999999988
3,BR(InL2),0.16069410315072674,0.6219691941932092,0.4188769236149144,0.34799999999999975,0.2599999999999999
4,BR(Hiemstra_LM),0.2179889895122664,0.7664866127036938,0.483033453339809,0.4159999999999999,0.32799999999999996
