,name,map,recip_rank,ndcg,P_5,P_10
0,BR(TF_IDF),0.15734226733650286,0.6461936757830539,0.40793331197691995,0.3479999999999998,0.26
1,BR(BM25),0.16000824223902987,0.656568897778969,0.41160765659546333,0.35199999999999987,0.25999999999999995
2,BR(PL2),0.15176624220073912,0.6260311929149736,0.3977529711031039,0.3359999999999998,0.252
3,BR(InL2),0.16743094791335394,0.6655981314033725,0.4215048750602405,0.3719999999999997,0.28
4,BR(Hiemstra_LM),0.225236764792568,0.7714138683915561,0.4864285151282053,0.43200000000000005,0.32799999999999996
