,name,map,recip_rank,ndcg,P_5,P_10
0,BR(TF_IDF),0.16233973495497847,0.6588483877233875,0.41242274917270483,0.34399999999999986,0.26600000000000007
1,BR(BM25),0.16483356843742394,0.6667606190674625,0.41615579779369904,0.3439999999999999,0.268
2,BR(PL2),0.1562031273963542,0.6388941286320702,0.40244471370602086,0.33599999999999985,0.254
3,BR(InL2),0.17422301680151756,0.6771214196724632,0.4273982240184512,0.37199999999999983,0.28600000000000003
4,BR(Hiemstra_LM),0.23008848467443205,0.7703967724099801,0.4891954739114406,0.4360000000000001,0.326
