,name,map,recip_rank,ndcg,P_5,P_10
0,BR(TF_IDF),0.16458885288182018,0.6599019728645402,0.41689465254279723,0.3519999999999998,0.2720000000000001
1,BR(BM25),0.1670053844129009,0.6779984862631921,0.42069952554663687,0.3479999999999999,0.274
2,BR(PL2),0.15876330929621468,0.6466623292101219,0.4084632228055686,0.3479999999999998,0.25600000000000006
3,BR(InL2),0.1768381226952298,0.681723743074954,0.4317806645445975,0.3839999999999998,0.2880000000000001
4,BR(Hiemstra_LM),0.23165898692872397,0.7714635771158194,0.4927397397534562,0.4360000000000001,0.33
