,name,map,recip_rank,ndcg,P_5,P_10
0,BR(TF_IDF),0.16675982803758704,0.621419904348933,0.4252881954403332,0.35999999999999993,0.28400000000000003
1,BR(BM25),0.16839862874738287,0.6352376142130539,0.42777045755163967,0.36399999999999993,0.28400000000000003
2,BR(PL2),0.1570354019805057,0.5962840109833633,0.4127836772528329,0.3479999999999998,0.27199999999999996
3,BR(InL2),0.17713579148765735,0.6848335248751036,0.44047366624739615,0.37999999999999984,0.284
4,BR(Hiemstra_LM),0.23306935614540095,0.770821018306861,0.49972739743451355,0.44,0.34800000000000003
