,name,map,recip_rank,ndcg,P_5,P_10
0,BR(TF_IDF),0.1616980310243899,0.6279620364274741,0.4200737165948961,0.35199999999999987,0.266
1,BR(BM25),0.1637818795724687,0.6399759302628154,0.4229866787986727,0.3639999999999998,0.266
2,BR(PL2),0.15222769719826645,0.6020753883833596,0.40845389324217685,0.3439999999999999,0.256
3,BR(InL2),0.1727402098985474,0.6581213882865227,0.4355644850738878,0.38399999999999984,0.276
4,BR(Hiemstra_LM),0.23274674625806416,0.7807378362146825,0.5012067432702201,0.4360000000000001,0.35400000000000004
