,name,map,recip_rank,ndcg,P_5,P_10
0,BR(TF_IDF),0.16169632180598692,0.6803919180474963,0.41673428651530026,0.3479999999999998,0.2700000000000001
1,BR(BM25),0.16276373107583494,0.682398852438059,0.41805173898780945,0.348,0.268
2,BR(PL2),0.1535122145875816,0.6536294544772058,0.4051564117799801,0.3439999999999999,0.24400000000000005
3,BR(InL2),0.17367320723934274,0.6995613473428783,0.4308737388121802,0.38399999999999984,0.28400000000000003
4,BR(Hiemstra_LM),0.22871125667944966,0.7714623074107431,0.49153039006613525,0.43200000000000005,0.33399999999999996
