,name,map,recip_rank,ndcg,P_5,P_10
0,BR(TF_IDF),0.16625650131032338,0.62957487585198,0.42947016730697307,0.35199999999999987,0.278
1,BR(BM25),0.1693221103460289,0.6468620594008959,0.4333530845313552,0.3679999999999999,0.27399999999999997
2,BR(PL2),0.15883363040794032,0.613961282694896,0.4202144754291034,0.34399999999999986,0.266
3,BR(InL2),0.17651645948224576,0.6481493259858127,0.44287301918404043,0.37199999999999983,0.28800000000000003
4,BR(Hiemstra_LM),0.2334395765892204,0.7880795795795796,0.5064477701826456,0.44799999999999995,0.35200000000000004
