,name,map,recip_rank,ndcg,P_5,P_10
0,BR(TF_IDF),0.16116450410496277,0.6744745213748551,0.4152295784500595,0.3559999999999998,0.2740000000000001
1,BR(BM25),0.16260559301925587,0.6805236027639576,0.41742503008596804,0.35199999999999987,0.272
2,BR(PL2),0.15468825880843964,0.6600871757286303,0.4063637422626973,0.3519999999999998,0.24800000000000005
3,BR(InL2),0.17395429587303435,0.7014003084982037,0.430906196197361,0.38799999999999973,0.2840000000000001
4,BR(Hiemstra_LM),0.2283889018926409,0.7714635158443208,0.4916389072959997,0.436,0.32599999999999996
