,name,map,recip_rank,ndcg,P_5,P_10
0,BR(TF_IDF),0.1586993591553618,0.6505160118089981,0.40905591504469463,0.3479999999999998,0.26200000000000007
1,BR(BM25),0.1622081256706114,0.6687522690638698,0.4138605846053059,0.3479999999999998,0.26199999999999996
2,BR(PL2),0.15289605941446158,0.6298130074945584,0.3988389652660673,0.3359999999999998,0.25
3,BR(InL2),0.16900723120676506,0.6713575625471347,0.42303806009997685,0.37199999999999983,0.28
4,BR(Hiemstra_LM),0.22775150722282608,0.7714012479595191,0.48774888511019976,0.4360000000000001,0.326
