,name,map,recip_rank,ndcg,P_5,P_10
0,BR(TF_IDF),0.1574742948111908,0.6445612468671679,0.40767317311937284,0.3519999999999998,0.26
1,BR(BM25),0.15967057898680814,0.6638083684535298,0.41146997901173926,0.3479999999999998,0.262
2,BR(PL2),0.15054391484938018,0.6242480833345276,0.39619470893820286,0.33599999999999985,0.252
3,BR(InL2),0.16768860878963593,0.6758126171031449,0.42192406126818005,0.3759999999999997,0.278
4,BR(Hiemstra_LM),0.2247684023753028,0.7714094755388726,0.4854482813154562,0.43200000000000005,0.33
