,name,map,recip_rank,ndcg,P_5,P_10
0,BR(TF_IDF),0.1563232016206428,0.6419784543417256,0.40444062303294037,0.34399999999999986,0.268
1,BR(BM25),0.15956580501028603,0.6598434708384527,0.40933614139757196,0.3519999999999998,0.26799999999999996
2,BR(PL2),0.14925957553967997,0.6219251856369133,0.39302236308723865,0.32799999999999985,0.254
3,BR(InL2),0.16655744069221368,0.6706410830261541,0.4181108081316923,0.36799999999999977,0.276
4,BR(Hiemstra_LM),0.22056407871451086,0.7481211764542206,0.4800192089968215,0.428,0.324
