,name,map,recip_rank,ndcg,P_5,P_10
0,BR(TF_IDF),0.16077003578024773,0.674485422646137,0.41370355088251193,0.34399999999999986,0.2720000000000001
1,BR(BM25),0.16259735473399003,0.6920478768391652,0.4169049514700972,0.3439999999999999,0.276
2,BR(PL2),0.15406941483051825,0.6615073682293197,0.4036453042495885,0.33999999999999986,0.24600000000000005
3,BR(InL2),0.17244595612852082,0.6944420755170754,0.4278909228497662,0.3759999999999998,0.2860000000000001
4,BR(Hiemstra_LM),0.22551019822094864,0.7598189063249514,0.4887362164128744,0.44000000000000006,0.32800000000000007
