,name,map,recip_rank,ndcg,P_5,P_10
0,BR(TF_IDF),0.16110671304951743,0.6710639552608144,0.4147690230901815,0.3319999999999999,0.26600000000000007
1,BR(BM25),0.16235151621246083,0.6782427258930297,0.4170675062041771,0.33999999999999986,0.2720000000000001
2,BR(PL2),0.15202744724969816,0.6328428315084379,0.4014644597869191,0.3239999999999999,0.248
3,BR(InL2),0.17053383659429866,0.6632207892137629,0.42617401932942245,0.3639999999999998,0.2820000000000001
4,BR(Hiemstra_LM),0.2252738696490429,0.7569589240938008,0.4910882548136496,0.4159999999999999,0.33
