,name,map,recip_rank,ndcg,P_5,P_10
0,BR(TF_IDF),0.1604979417678042,0.6801675068499273,0.4141035238780727,0.34399999999999986,0.27
1,BR(BM25),0.16289042496170306,0.6938785704340215,0.4169600414580658,0.3439999999999999,0.2800000000000001
2,BR(PL2),0.15221330984799875,0.6516657327154418,0.40182733431285395,0.33599999999999985,0.24400000000000005
3,BR(InL2),0.17163635713825312,0.6825946891480998,0.4263104749163164,0.3759999999999998,0.28400000000000003
4,BR(Hiemstra_LM),0.2256623170943576,0.7588158146276613,0.4881347491827107,0.43200000000000005,0.32800000000000007
