,name,map,recip_rank,ndcg,P_5,P_10
0,BR(TF_IDF),0.16412749019959602,0.6685121453590429,0.41507448794891205,0.3479999999999998,0.2740000000000001
1,BR(BM25),0.16624129811116192,0.6896543748327855,0.4191074294212769,0.3479999999999998,0.274
2,BR(PL2),0.15783423329788449,0.6533338834332213,0.40540961444814266,0.3399999999999998,0.26200000000000007
3,BR(InL2),0.1750403718955109,0.6764998976222643,0.42860236008972213,0.36799999999999977,0.29200000000000004
4,BR(Hiemstra_LM),0.2285999936235039,0.7581296735438322,0.4894132165900094,0.44000000000000006,0.32800000000000007
