,name,map,recip_rank,ndcg,P_5,P_10
0,BR(TF_IDF),0.1591932553789422,0.6615230812057448,0.41424488949085536,0.33599999999999985,0.26800000000000007
1,BR(BM25),0.16016129836380577,0.6639635545149968,0.41527971810684905,0.33599999999999985,0.27
2,BR(PL2),0.14883864706554817,0.6105388749322571,0.39873742357603925,0.31999999999999984,0.25
3,BR(InL2),0.16705173155658098,0.6561912809072339,0.4250964870011063,0.35599999999999987,0.2800000000000001
4,BR(Hiemstra_LM),0.22299342256891275,0.7569612765269268,0.4901711923922978,0.42,0.33199999999999996
