,name,map,recip_rank,ndcg,P_5,P_10
0,BR(TF_IDF),0.16168890248794862,0.6555005175983436,0.4096637401447951,0.3479999999999998,0.268
1,BR(BM25),0.16360190124605645,0.6640774404426485,0.4126288773615208,0.3479999999999998,0.268
2,BR(PL2),0.1550441774862377,0.6372791296001893,0.39903564064672054,0.3399999999999998,0.254
3,BR(InL2),0.17291986262770498,0.6730455803901992,0.42422498036563455,0.36399999999999977,0.28200000000000003
4,BR(Hiemstra_LM),0.22672673385809505,0.7480980716687685,0.4846264837979982,0.44000000000000006,0.326
