,name,map,recip_rank,ndcg,P_5,P_10
0,BR(TF_IDF),0.15689807216620236,0.6434494363457772,0.4056609818746059,0.34799999999999975,0.268
1,BR(BM25),0.15916778643765794,0.6523148260897195,0.40853799990746126,0.3479999999999998,0.26799999999999996
2,BR(PL2),0.1504205524255424,0.6236596963021979,0.3940396880836704,0.3359999999999998,0.254
3,BR(InL2),0.16592147667882923,0.6621390462160435,0.4178597491039263,0.36799999999999977,0.274
4,BR(Hiemstra_LM),0.221252744247063,0.7481127822009558,0.48117167387238796,0.428,0.326
