,name,map,recip_rank,ndcg,P_5,P_10
0,BR(TF_IDF),0.15994191109598824,0.6240357267253818,0.41686397467249536,0.3479999999999999,0.268
1,BR(BM25),0.1618618370946309,0.6401854224898227,0.4198894881039651,0.3479999999999999,0.268
2,BR(PL2),0.15168452487572,0.6038632789056515,0.4063013532079274,0.33599999999999985,0.254
3,BR(InL2),0.1715653301360776,0.6603233252738357,0.4325270487753067,0.3759999999999998,0.28200000000000003
4,BR(Hiemstra_LM),0.22883141269511836,0.7675179995443154,0.49663363864778065,0.4360000000000001,0.34600000000000003
