,name,map,recip_rank,ndcg,P_5,P_10
0,BR(TF_IDF),0.16645873466265987,0.6230037367838586,0.42299701685854685,0.36399999999999993,0.28200000000000003
1,BR(BM25),0.1676727266443567,0.6336022868084236,0.4251975773261558,0.3599999999999999,0.28
2,BR(PL2),0.1576764420058999,0.6049587515899391,0.41169608190341767,0.3479999999999998,0.27
3,BR(InL2),0.17888517483346944,0.6832984452618319,0.4410105484440181,0.3759999999999999,0.29
4,BR(Hiemstra_LM),0.22970569117120682,0.7669431017300696,0.4960084080673402,0.43199999999999994,0.3460000000000001
