,name,map,recip_rank,ndcg,P_5,P_10
0,BR(TF_IDF),0.16296920691047934,0.6799104506189125,0.41510173182168225,0.3479999999999998,0.268
1,BR(BM25),0.1628720270025408,0.6827193126706768,0.41523505822146867,0.33599999999999985,0.2700000000000001
2,BR(PL2),0.15371263144245606,0.6524031271369469,0.40144837294674296,0.3239999999999999,0.24400000000000002
3,BR(InL2),0.1723528709501514,0.6836877507469056,0.42588664751257427,0.36399999999999977,0.2780000000000001
4,BR(Hiemstra_LM),0.22618368574859282,0.7586163724426374,0.4884447824360546,0.42,0.32799999999999996
