,name,map,recip_rank,ndcg,P_5,P_10
0,BR(TF_IDF),0.16062137069515983,0.6621717883824718,0.413406925241646,0.33599999999999985,0.268
1,BR(BM25),0.16093131297286029,0.6650384150766615,0.41447964621578154,0.3319999999999999,0.264
2,BR(PL2),0.15074179559215195,0.6233682882371951,0.3983046812694914,0.32399999999999984,0.25000000000000006
3,BR(InL2),0.16942230659689655,0.6544709687588007,0.422590027211955,0.35999999999999976,0.2780000000000001
4,BR(Hiemstra_LM),0.22504918899043858,0.7568074654084217,0.4883970216091519,0.41999999999999993,0.33
