,name,map,recip_rank,ndcg,P_5,P_10
0,BR(TF_IDF),0.15663698968784887,0.6564359670054514,0.4047265455241888,0.34399999999999975,0.264
1,BR(BM25),0.15867851765912735,0.6644372656861534,0.40754502380287233,0.34399999999999975,0.262
2,BR(PL2),0.1503624718124568,0.6376123599043448,0.3943126763082663,0.3319999999999998,0.25
3,BR(InL2),0.16442782342809045,0.6561732369981484,0.4152213053414508,0.3559999999999997,0.268
4,BR(Hiemstra_LM),0.22075347577306947,0.7479788776884999,0.47870528572957377,0.428,0.326
