,name,map,recip_rank,ndcg,P_5,P_10
0,BR(TF_IDF),0.15544535597863424,0.6561717288764503,0.4008323414247074,0.3319999999999998,0.262
1,BR(BM25),0.15767556858330628,0.6628723436573333,0.40419628376238464,0.33599999999999985,0.25999999999999995
2,BR(PL2),0.14771252855795708,0.6171458119683032,0.3890365815920444,0.32799999999999985,0.254
3,BR(InL2),0.16401811197437696,0.6546548903754785,0.4131861733011794,0.34399999999999986,0.266
4,BR(Hiemstra_LM),0.21909678532899143,0.7494557195975117,0.476242099045607,0.43199999999999994,0.31999999999999995
