,name,map,recip_rank,ndcg,P_5,P_10
0,BR(TF_IDF),0.1603045917022108,0.6810972443520436,0.41244319027616855,0.33999999999999986,0.26600000000000007
1,BR(BM25),0.16206243348517518,0.6852210774264605,0.41475166585730383,0.33999999999999986,0.2720000000000001
2,BR(PL2),0.15160707466510104,0.6560813241813241,0.3993594806172122,0.32399999999999984,0.24200000000000008
3,BR(InL2),0.1701360431985667,0.6724206638740107,0.42292665617501696,0.3639999999999998,0.2800000000000001
4,BR(Hiemstra_LM),0.22494020614186383,0.7586801555260881,0.4868099171281738,0.436,0.33
