,name,map,recip_rank,ndcg,P_5,P_10
0,BR(TF_IDF),0.15966614976595442,0.6343359412578162,0.41460926833064604,0.35199999999999987,0.264
1,BR(BM25),0.16018622251239517,0.626522925006816,0.41541915928106155,0.35599999999999987,0.264
2,BR(PL2),0.15002085384389519,0.5960591191753981,0.4019935711908261,0.3319999999999999,0.258
3,BR(InL2),0.16913791036286743,0.6459156756656377,0.4267400431215212,0.37199999999999983,0.276
4,BR(Hiemstra_LM),0.22771536825862357,0.7673468096194209,0.4944176521262087,0.4360000000000001,0.344
