,name,map,recip_rank,ndcg,P_5,P_10
0,BR(TF_IDF),0.1570141236253068,0.6656865556289284,0.40495473909344576,0.3399999999999998,0.264
1,BR(BM25),0.15936985202152412,0.6717003953369294,0.40789149544999154,0.3479999999999998,0.262
2,BR(PL2),0.15010525868384997,0.6358929919088205,0.39384959156157995,0.3239999999999998,0.25
3,BR(InL2),0.16527622592812022,0.6655083423635924,0.4161087953187617,0.3559999999999998,0.268
4,BR(Hiemstra_LM),0.22025139741127805,0.7479793164581898,0.47814005364122525,0.43199999999999994,0.324
