,name,map,recip_rank,ndcg,P_5,P_10
0,BR(TF_IDF),0.158493886621133,0.649829403151091,0.4112846521682865,0.33599999999999985,0.26000000000000006
1,BR(BM25),0.15905680738329508,0.6538631525844403,0.4126430179636907,0.33999999999999986,0.26200000000000007
2,BR(PL2),0.1487583088095781,0.6101321149863654,0.39724937436070945,0.32399999999999984,0.25000000000000006
3,BR(InL2),0.1655999509812386,0.6409469456908784,0.4206579789006286,0.3519999999999998,0.2720000000000001
4,BR(Hiemstra_LM),0.22263220994584537,0.7568171466316354,0.48799505719919617,0.424,0.33
