,name,map,recip_rank,ndcg,P_5,P_10
0,BR(TF_IDF),0.1603724360066647,0.6774717462249743,0.4122087355802815,0.34399999999999986,0.2700000000000001
1,BR(BM25),0.16223157932531318,0.6871809545983265,0.4155375418343406,0.3479999999999998,0.268
2,BR(PL2),0.153483036152161,0.6751074942874584,0.4019486955176245,0.32399999999999984,0.252
3,BR(InL2),0.1717936542318785,0.6839700931971648,0.4258074326700642,0.3639999999999998,0.2840000000000001
4,BR(Hiemstra_LM),0.22491700535346038,0.759670543185773,0.4863554867113142,0.44400000000000006,0.32799999999999996
