,name,map,recip_rank,ndcg,P_5,P_10
0,BR(TF_IDF),0.16123371689083668,0.6665662747990333,0.4094357070857883,0.3399999999999998,0.266
1,BR(BM25),0.16329532248901732,0.6750682431943055,0.4122908762205475,0.34399999999999986,0.264
2,BR(PL2),0.15479314606163577,0.6484199712849009,0.398826320197761,0.32799999999999974,0.252
3,BR(InL2),0.17216658382831887,0.6733992496088385,0.42137029810421495,0.3679999999999998,0.278
4,BR(Hiemstra_LM),0.22570442490090914,0.7479684658438831,0.48202729250188514,0.436,0.324
