,name,map,recip_rank,ndcg,P_5,P_10
0,BR(TF_IDF),0.1642155672159149,0.6798388572953378,0.4143640626038502,0.34399999999999975,0.27
1,BR(BM25),0.16599381934799248,0.691705315996876,0.41796638674884995,0.3479999999999998,0.27
2,BR(PL2),0.1570770935709792,0.6643289868279174,0.40307531768487037,0.32799999999999974,0.26
3,BR(InL2),0.17452615267667382,0.6774769244030371,0.4270939670282182,0.35999999999999976,0.28600000000000003
4,BR(Hiemstra_LM),0.22809325649501522,0.757992588599112,0.4869581289684626,0.44400000000000006,0.32799999999999996
