,name,map,recip_rank,ndcg,P_5,P_10
0,BR(TF_IDF),0.165608322391816,0.6124222010724251,0.4186636416973289,0.3599999999999999,0.28200000000000003
1,BR(BM25),0.16674520669574602,0.6231085346608601,0.4207026397800429,0.3639999999999998,0.28
2,BR(PL2),0.15818082443545123,0.5987093489721571,0.4086650020436044,0.3479999999999998,0.272
3,BR(InL2),0.1785736578825631,0.6827757555921332,0.43783795653069774,0.3759999999999999,0.29000000000000004
4,BR(Hiemstra_LM),0.22910247780987347,0.7667385274286316,0.49469114459252433,0.43599999999999994,0.3440000000000001
