,name,map,recip_rank,ndcg,P_5,P_10
0,BR(TF_IDF),0.15800014629909942,0.6584584202222934,0.40544120938734174,0.34799999999999975,0.262
1,BR(BM25),0.1614680633156845,0.6772842163953583,0.41048338899511017,0.34399999999999975,0.262
2,BR(PL2),0.1518408766017017,0.6392364454941162,0.3950175494454599,0.3359999999999998,0.25
3,BR(InL2),0.16647864904493972,0.661808122666316,0.41592217320108044,0.35999999999999976,0.272
4,BR(Hiemstra_LM),0.2230215788249839,0.7479745850943036,0.4799126660435276,0.43200000000000005,0.326
