,name,map,recip_rank,ndcg,P_5,P_10
0,BR(TF_IDF),0.16268636633951877,0.6581335437137404,0.4127669324821924,0.33999999999999986,0.26799999999999996
1,BR(BM25),0.16367204179069916,0.6666675167906546,0.4148410167527341,0.3359999999999998,0.262
2,BR(PL2),0.155618356311277,0.6398034533370015,0.4007611952904569,0.32399999999999984,0.25599999999999995
3,BR(InL2),0.172354975740414,0.6554436133008185,0.4234209977952409,0.3599999999999999,0.28
4,BR(Hiemstra_LM),0.22634238733588766,0.7613185478926711,0.4862347247658411,0.44,0.322
