,name,map,recip_rank,ndcg,P_5,P_10
0,BR(TF_IDF),0.157161850129678,0.6252224441319357,0.4090294961033343,0.3279999999999999,0.26
1,BR(BM25),0.1580963200534756,0.6275152349789639,0.4097103298237238,0.3319999999999999,0.25799999999999995
2,BR(PL2),0.14784413585972664,0.5931061715246209,0.3957315244688821,0.3159999999999999,0.24799999999999997
3,BR(InL2),0.16402092881599825,0.6184972066737332,0.41782649063085386,0.35599999999999987,0.27
4,BR(Hiemstra_LM),0.22169328664839275,0.7611506150828243,0.4887273092067449,0.43200000000000005,0.33
