,name,map,recip_rank,ndcg,P_5,P_10
0,BR(TF_IDF),0.1598892471488546,0.6585568161598906,0.40988767625821054,0.3319999999999998,0.26399999999999996
1,BR(BM25),0.16131237083221744,0.6670898964519566,0.4122730973852955,0.34399999999999986,0.25999999999999995
2,BR(PL2),0.15366263134371963,0.6398265143495006,0.3993072644121514,0.3319999999999998,0.25199999999999995
3,BR(InL2),0.17054252767902633,0.6556549029678641,0.4212053141238792,0.37199999999999983,0.282
4,BR(Hiemstra_LM),0.2248005193445124,0.7512783787443215,0.48413734531280683,0.444,0.322
