,name,map,recip_rank,ndcg,P_5,P_10
0,BR(TF_IDF),0.16588226743034584,0.6115650566163874,0.41843388004323756,0.35599999999999987,0.282
1,BR(BM25),0.16751790806495415,0.6247592574956948,0.42096045953527683,0.3599999999999999,0.286
2,BR(PL2),0.157076335044678,0.5948251024042629,0.4062802576938702,0.3439999999999999,0.276
3,BR(InL2),0.17717535683451652,0.6670985071326091,0.4351860171069823,0.3679999999999998,0.29
4,BR(Hiemstra_LM),0.2283478173698006,0.7683501277929898,0.49491201072673163,0.44,0.3420000000000001
