,name,map,recip_rank,ndcg,P_5,P_10
0,BR(TF_IDF),0.16042865939052306,0.6548889318703724,0.4099423321303586,0.33999999999999986,0.262
1,BR(BM25),0.16156862287879825,0.6576080704854722,0.41126547991957,0.3279999999999999,0.26599999999999996
2,BR(PL2),0.1522203484137712,0.6322301974010721,0.3983637819294051,0.3079999999999999,0.24600000000000005
3,BR(InL2),0.1693003168554029,0.6491394745746879,0.4206025306391744,0.3479999999999998,0.2740000000000001
4,BR(Hiemstra_LM),0.2244597941370355,0.7627941894470777,0.4868601919204657,0.43200000000000005,0.32799999999999996
