,name,map,recip_rank,ndcg,P_5,P_10
0,BR(TF_IDF),0.1547754591193473,0.6301372194854953,0.4014655347313184,0.3399999999999998,0.25599999999999995
1,BR(BM25),0.15675055235138188,0.6383217144739032,0.4046592483143591,0.3359999999999998,0.25599999999999995
2,BR(PL2),0.14904235672178,0.6110908411370001,0.3921142775787365,0.32799999999999985,0.2439999999999999
3,BR(InL2),0.16259092357806673,0.630167370816451,0.41063895990622934,0.3559999999999997,0.272
4,BR(Hiemstra_LM),0.21933300307550785,0.7529686609686611,0.47837747678583953,0.436,0.31999999999999995
