,name,map,recip_rank,ndcg,P_5,P_10
0,BR(TF_IDF),0.15561467689216998,0.6420439034853669,0.40228389566440886,0.33599999999999985,0.25599999999999995
1,BR(BM25),0.15690458963993623,0.6455589602386719,0.4043466212265267,0.3359999999999998,0.25599999999999995
2,BR(PL2),0.14896548878880464,0.6142092689608856,0.39148982002046606,0.32399999999999984,0.24599999999999994
3,BR(InL2),0.16433052082849742,0.6426451357084474,0.41220513471905545,0.3559999999999997,0.27599999999999997
4,BR(Hiemstra_LM),0.21912306103467605,0.7529690916318826,0.4776610193492042,0.44,0.32199999999999995
