,name,map,recip_rank,ndcg,P_5,P_10
0,BR(TF_IDF),0.15933287385194853,0.6424884474468492,0.40618241120297943,0.33999999999999986,0.25799999999999995
1,BR(BM25),0.16063157558556274,0.6479313740934846,0.4081534402483286,0.33599999999999985,0.25399999999999995
2,BR(PL2),0.15236020903510405,0.623661793188236,0.39482828291725364,0.32799999999999985,0.24399999999999994
3,BR(InL2),0.16927821729199122,0.6425753101959646,0.4169240689317581,0.3639999999999998,0.278
4,BR(Hiemstra_LM),0.22405393568572238,0.7512920350001124,0.48142746169915107,0.436,0.32
