,name,map,recip_rank,ndcg,P_5,P_10
0,BR(TF_IDF),0.15898559303565696,0.651051649067778,0.40987230319131357,0.3319999999999999,0.26599999999999996
1,BR(BM25),0.16070161477973735,0.664020148428689,0.4129962830437616,0.33999999999999986,0.266
2,BR(PL2),0.15258963983542306,0.6615414136538906,0.4007169379542972,0.31199999999999983,0.254
3,BR(InL2),0.16935531418344194,0.6612088277616077,0.4225916401877139,0.35599999999999987,0.28400000000000003
4,BR(Hiemstra_LM),0.2238728305186112,0.7629976656855098,0.4865139658766292,0.44800000000000006,0.326
