,name,map,recip_rank,ndcg,P_5,P_10
0,BR(TF_IDF),0.16588799836975418,0.6098726400323741,0.42330805677911376,0.3399999999999998,0.278
1,BR(BM25),0.16715131171805545,0.619640046841799,0.4254802036326851,0.3479999999999998,0.27599999999999997
2,BR(PL2),0.15585185504644597,0.5767660118046483,0.4087560057202517,0.3399999999999998,0.264
3,BR(InL2),0.17476886349311896,0.6386311858639445,0.4358518126522361,0.36399999999999993,0.29
4,BR(Hiemstra_LM),0.2264737034261853,0.7577067932067932,0.4965176145398956,0.43999999999999995,0.344
