,name,map,recip_rank,ndcg,P_5,P_10
0,BR(TF_IDF),0.15374167092561122,0.6324927615681206,0.39841655214203064,0.3279999999999999,0.25799999999999995
1,BR(BM25),0.15540750387954222,0.6365167577601051,0.40104460312204293,0.3239999999999999,0.2539999999999999
2,BR(PL2),0.14657349101426598,0.5952961521803241,0.38674943511935,0.3239999999999999,0.24799999999999994
3,BR(InL2),0.1624160734066008,0.6329818431854514,0.40968285974721086,0.3359999999999998,0.27199999999999996
4,BR(Hiemstra_LM),0.218218121094347,0.7561092533803194,0.47628261808575834,0.44,0.31799999999999995
