,name,map,recip_rank,ndcg,P_5,P_10
0,BR(TF_IDF),0.15901373117401119,0.6545291428895768,0.40968351726537966,0.33599999999999985,0.26599999999999996
1,BR(BM25),0.16061886368237754,0.6599974516265803,0.4116623143846688,0.3399999999999999,0.268
2,BR(PL2),0.15157576627816907,0.6533716206995618,0.39995700111477556,0.31199999999999983,0.248
3,BR(InL2),0.1680639083824318,0.6476583307079049,0.4201009515103097,0.35599999999999987,0.28200000000000003
4,BR(Hiemstra_LM),0.22393291400322726,0.762994212115549,0.48713271460078356,0.444,0.32800000000000007
