,name,map,recip_rank,ndcg,P_5,P_10
0,BR(TF_IDF),0.15847013319101286,0.6358265427639801,0.4098088189414241,0.3239999999999999,0.266
1,BR(BM25),0.15927275340887453,0.6399869766975366,0.4117165757261241,0.3279999999999999,0.264
2,BR(PL2),0.1506239202941399,0.6082259310485897,0.39746254350721927,0.31999999999999984,0.24599999999999997
3,BR(InL2),0.16767385469787732,0.629202665150941,0.41974505075438506,0.3559999999999998,0.278
4,BR(Hiemstra_LM),0.22386225800944592,0.7611362378784677,0.4889144884420888,0.43199999999999994,0.332
