,name,map,recip_rank,ndcg,P_5,P_10
0,BR(TF_IDF),0.1586830474910067,0.6220761159626556,0.410884677335552,0.34399999999999986,0.264
1,BR(BM25),0.1617098984137443,0.6272646374451897,0.41510010482449167,0.35199999999999987,0.26799999999999996
2,BR(PL2),0.15018245445882733,0.6028131390350892,0.4013462315959518,0.3319999999999998,0.25799999999999995
3,BR(InL2),0.16816995925141304,0.6303141493232843,0.4250223418517923,0.3639999999999998,0.276
4,BR(Hiemstra_LM),0.22683144636166475,0.7716282968501131,0.4946462183362747,0.44400000000000006,0.342
