,name,map,recip_rank,ndcg,P_5,P_10
0,BR(TF_IDF),0.15637924080987298,0.6450201350853526,0.40189545994032516,0.3239999999999999,0.26599999999999996
1,BR(BM25),0.1577980484659841,0.6485267825161443,0.40411472681486527,0.3319999999999999,0.25999999999999995
2,BR(PL2),0.14951092445370162,0.6160511715060896,0.3907932740163646,0.3199999999999999,0.2479999999999999
3,BR(InL2),0.1641621731705504,0.6452611479331712,0.4109102358208015,0.3519999999999998,0.27599999999999997
4,BR(Hiemstra_LM),0.2161296478719554,0.7396302142732513,0.47430530377198193,0.43199999999999994,0.31999999999999995
