,name,map,recip_rank,ndcg,P_5,P_10
0,BR(TF_IDF),0.15469583054238645,0.6355469779553471,0.3987240693718721,0.31999999999999995,0.2619999999999999
1,BR(BM25),0.15591544940008284,0.6395560378430153,0.4009042900294312,0.31999999999999995,0.25599999999999995
2,BR(PL2),0.14696597181065627,0.597038657346552,0.38634741220959923,0.31999999999999995,0.2499999999999999
3,BR(InL2),0.16216314509412352,0.6362703977944216,0.4079778486224948,0.33599999999999985,0.272
4,BR(Hiemstra_LM),0.21517568115965865,0.7394265662935515,0.47242817113519636,0.43199999999999994,0.31799999999999995
