,name,map,recip_rank,ndcg,P_5,P_10
0,BR(TF_IDF),0.1601709112484667,0.6473483293734033,0.4062544701157305,0.3319999999999999,0.264
1,BR(BM25),0.16141396992182375,0.6509450751998702,0.4081429552211934,0.3319999999999999,0.256
2,BR(PL2),0.15386931767282275,0.6288765391937661,0.395973199644587,0.3199999999999999,0.24399999999999994
3,BR(InL2),0.16933465380371016,0.6474304126197,0.4156902503102264,0.35599999999999987,0.278
4,BR(Hiemstra_LM),0.22162250159151756,0.7379431383463845,0.4780125270640097,0.436,0.31999999999999995
