,name,map,recip_rank,ndcg,P_5,P_10
0,BR(TF_IDF),0.16081042533868709,0.6613157909162851,0.4110498695112884,0.33599999999999985,0.26599999999999996
1,BR(BM25),0.16198393006299386,0.6656209677847714,0.4123042235062424,0.33599999999999997,0.268
2,BR(PL2),0.15211955453427414,0.6503063742853847,0.3988630960413158,0.3119999999999999,0.25
3,BR(InL2),0.16919054452403195,0.6538290317795792,0.42094879786368333,0.35599999999999987,0.28400000000000003
4,BR(Hiemstra_LM),0.22117320233772353,0.7496588817125329,0.4834315576563661,0.444,0.32800000000000007
