,name,map,recip_rank,ndcg,P_5,P_10
0,BR(TF_IDF),0.16132767990927274,0.641514804422699,0.4138041110023308,0.34399999999999986,0.264
1,BR(BM25),0.16363685509013962,0.6576881156541736,0.4173524647020848,0.35199999999999987,0.26799999999999996
2,BR(PL2),0.15095348109223045,0.6042032936558577,0.40019304718398485,0.3319999999999998,0.256
3,BR(InL2),0.16989232206901148,0.6490445247646222,0.42584357928058886,0.37199999999999983,0.2740000000000001
4,BR(Hiemstra_LM),0.22401814114454718,0.7583429589827593,0.4916541824502624,0.44400000000000006,0.34
