,name,map,recip_rank,ndcg,P_5,P_10
0,BR(TF_IDF),0.16378238129805683,0.6630470587245072,0.4128485593021785,0.33599999999999985,0.26799999999999996
1,BR(BM25),0.1645896132356183,0.6697049048275033,0.41499691129054034,0.3319999999999999,0.262
2,BR(PL2),0.15689316232366338,0.6448228937728936,0.40088336583157835,0.31599999999999984,0.256
3,BR(InL2),0.1725409446543081,0.6587791924179588,0.42253660951763095,0.35599999999999987,0.28400000000000003
4,BR(Hiemstra_LM),0.22395306855654817,0.7479839040389862,0.48348569572544436,0.44,0.32199999999999995
