,name,map,recip_rank,ndcg,P_5,P_10
0,BR(TF_IDF),0.15822046248371932,0.6322006225823464,0.40817398563782925,0.3319999999999999,0.26
1,BR(BM25),0.1596142349676868,0.6338485449735449,0.40981704701228466,0.3319999999999999,0.25799999999999995
2,BR(PL2),0.14900347490659482,0.6052974559164649,0.39593584154830425,0.3199999999999999,0.24599999999999997
3,BR(InL2),0.16487159872738366,0.6264528945189466,0.41784586347746766,0.35999999999999976,0.268
4,BR(Hiemstra_LM),0.21902157117106694,0.7478120894176733,0.4852825082730763,0.43200000000000005,0.33
