,name,map,recip_rank,ndcg,P_5,P_10
0,BR(TF_IDF),0.16024564147310463,0.6434771413699353,0.40921179743907304,0.33599999999999985,0.264
1,BR(BM25),0.16069090001182207,0.6469906370531568,0.4111433366109193,0.3319999999999999,0.268
2,BR(PL2),0.15183508465611445,0.6170996520493908,0.39749095061614453,0.32399999999999984,0.248
3,BR(InL2),0.16873926466218558,0.639824662932253,0.42113939067582445,0.35999999999999976,0.28
4,BR(Hiemstra_LM),0.22129897848170949,0.7477973985920215,0.48644338173120694,0.428,0.332
