,name,map,recip_rank,ndcg,P_5,P_10
0,BR(TF_IDF),0.15700762312665711,0.6391069575054479,0.4020320877520361,0.3319999999999999,0.25999999999999995
1,BR(BM25),0.1598180683416152,0.6529358164408743,0.40689621859540864,0.3319999999999999,0.25799999999999995
2,BR(PL2),0.15094636034728284,0.6194164075308475,0.3918891455862421,0.3279999999999999,0.2439999999999999
3,BR(InL2),0.1642847389429917,0.6389645606671823,0.4111790442871617,0.3519999999999998,0.27399999999999997
4,BR(Hiemstra_LM),0.21887509462104787,0.7379489173617081,0.47594019505529434,0.436,0.31799999999999995
