,name,map,recip_rank,ndcg,P_5,P_10
0,BR(TF_IDF),0.1674103185038476,0.6228015648393613,0.4230268121123176,0.34399999999999975,0.278
1,BR(BM25),0.16876013378872515,0.631998600984241,0.4255786374883147,0.3559999999999998,0.27599999999999997
2,BR(PL2),0.15642807979474296,0.5773564115171362,0.4073601911180861,0.34399999999999975,0.264
3,BR(InL2),0.17598535817165742,0.6475675573153749,0.43499114041402687,0.36399999999999993,0.292
4,BR(Hiemstra_LM),0.22403035939600893,0.747700656352555,0.49351011649738813,0.43999999999999984,0.344
