,name,map,recip_rank,ndcg,P_5,P_10
0,BR(TF_IDF),0.1606981664028718,0.6582709679259628,0.4110601846055642,0.33599999999999985,0.268
1,BR(BM25),0.16184061188236448,0.6707538555470686,0.4136297109467773,0.33599999999999985,0.268
2,BR(PL2),0.15293193822099702,0.6583837639896111,0.3991145611093653,0.31199999999999983,0.254
3,BR(InL2),0.17074456647051214,0.6676275610354555,0.42358770571937426,0.35599999999999987,0.28800000000000003
4,BR(Hiemstra_LM),0.22099320338215822,0.7496625597385831,0.4830772657791176,0.444,0.32799999999999996
