,name,map,recip_rank,ndcg,P_5,P_10
0,BR(TF_IDF),0.1611742779576816,0.6667480190326723,0.41075020103152804,0.3319999999999999,0.26399999999999996
1,BR(BM25),0.1623951950901517,0.6700644589328797,0.41265380984969136,0.33999999999999986,0.25799999999999995
2,BR(PL2),0.1546032164437078,0.6447025536901398,0.3988212243659603,0.32399999999999984,0.25199999999999995
3,BR(InL2),0.17062034834033957,0.6587185467421733,0.4205420339865401,0.3639999999999998,0.282
4,BR(Hiemstra_LM),0.22252484042062384,0.7379289176868086,0.48094961178310697,0.444,0.32199999999999995
