,name,map,recip_rank,ndcg,P_5,P_10
0,BR(TF_IDF),0.16133362450238625,0.6573042576644649,0.4105317049357728,0.3279999999999999,0.26799999999999996
1,BR(BM25),0.16329706107383304,0.6705099118066938,0.4134404804360104,0.33599999999999985,0.26599999999999996
2,BR(PL2),0.15516748328803875,0.6481418935161982,0.3999714309695023,0.3159999999999999,0.24799999999999997
3,BR(InL2),0.17054160354148984,0.6500382749461696,0.4209307533914152,0.3599999999999999,0.282
4,BR(Hiemstra_LM),0.22638514785848174,0.7612619052386759,0.48683145756469093,0.44400000000000006,0.33
