,name,map,recip_rank,ndcg,P_5,P_10
0,BR(TF_IDF),0.1554902706931448,0.6357284079130688,0.3998198912169947,0.31199999999999994,0.2679999999999999
1,BR(BM25),0.1558183498329606,0.6399607874706654,0.4012872018273283,0.31199999999999994,0.2619999999999999
2,BR(PL2),0.14779676940400444,0.596269902704556,0.3876527818610699,0.31199999999999994,0.2479999999999999
3,BR(InL2),0.16189352523479209,0.6369236577937866,0.40859241018987885,0.3319999999999999,0.27599999999999997
4,BR(Hiemstra_LM),0.21876494902474242,0.762760251231962,0.47815696216182396,0.43199999999999994,0.324
