,name,map,recip_rank,ndcg,P_5,P_10
0,BR(TF_IDF),0.16567791988520075,0.623800023106816,0.42217683979973886,0.3359999999999998,0.278
1,BR(BM25),0.16836046229474416,0.6337639278086123,0.4256283689365752,0.34799999999999975,0.27999999999999997
2,BR(PL2),0.15665512641072726,0.5797393879048317,0.40864066663520965,0.3359999999999998,0.26199999999999996
3,BR(InL2),0.1769615644887212,0.6487473261835731,0.4370475081026377,0.36399999999999993,0.29
4,BR(Hiemstra_LM),0.22737290714763564,0.76103590983829,0.49734708058834315,0.4479999999999999,0.35200000000000004
