,name,map,recip_rank,ndcg,P_5,P_10
0,BR(TF_IDF),0.1611955587259409,0.6621689673639548,0.41133025358881165,0.3279999999999999,0.264
1,BR(BM25),0.16294336748876698,0.66726639915794,0.41427748878546916,0.33599999999999997,0.268
2,BR(PL2),0.15191941941331824,0.6507127361133321,0.39887941038019326,0.3119999999999999,0.25
3,BR(InL2),0.1697316148308246,0.6551232964467721,0.42255717476456717,0.35599999999999987,0.28400000000000003
4,BR(Hiemstra_LM),0.22466591829780927,0.7729928155382702,0.48871439298932473,0.44,0.338
