,name,map,recip_rank,ndcg,P_5,P_10
0,BR(TF_IDF),0.16264467315852918,0.6627290034600202,0.4117475391568473,0.3319999999999999,0.264
1,BR(BM25),0.16371972895532416,0.6667068216175358,0.41313699967046574,0.3279999999999999,0.27
2,BR(PL2),0.1543713213603555,0.6519076249363813,0.40036197942756646,0.3119999999999999,0.248
3,BR(InL2),0.17078668448330292,0.6466327550064492,0.4224557101980788,0.3479999999999998,0.278
4,BR(Hiemstra_LM),0.22451141040346287,0.7627902684794202,0.4875750550391252,0.43200000000000005,0.338
