,name,map,recip_rank,ndcg,P_5,P_10
0,BR(TF_IDF),0.15749273001648917,0.6391077808156755,0.40318742330731483,0.3239999999999999,0.26399999999999996
1,BR(BM25),0.16004232426624018,0.6529818722900674,0.40746678699392874,0.3239999999999999,0.2619999999999999
2,BR(PL2),0.15191125858123306,0.6191083569208569,0.39311935279002597,0.3199999999999999,0.24599999999999994
3,BR(InL2),0.16445913818820745,0.6403781466407064,0.4119770575579133,0.35199999999999987,0.27399999999999997
4,BR(Hiemstra_LM),0.2230272701444825,0.7612822506950414,0.48177428701126657,0.44,0.32800000000000007
