,name,map,recip_rank,ndcg,P_5,P_10
0,BR(TF_IDF),0.16210719483725916,0.6432372437718971,0.41472044255070317,0.33599999999999985,0.26599999999999996
1,BR(BM25),0.16345848461380288,0.6597299740079697,0.4179150729888966,0.3439999999999999,0.2699999999999999
2,BR(PL2),0.14986513717225972,0.6068025422814327,0.39961664160262167,0.32799999999999985,0.25999999999999995
3,BR(InL2),0.17067438592309422,0.6509588046988977,0.42677475152618344,0.3679999999999998,0.28
4,BR(Hiemstra_LM),0.22670489995865672,0.7683438588311893,0.49514326510747,0.44400000000000006,0.34800000000000003
