,name,map,recip_rank,ndcg,P_5,P_10
0,BR(TF_IDF),0.1611509086277973,0.6478426651483339,0.407416217429564,0.3239999999999999,0.26799999999999996
1,BR(BM25),0.16176380633662388,0.6514834676121776,0.4088484615653175,0.324,0.26199999999999996
2,BR(PL2),0.15449464174475117,0.6288580449042608,0.3968168560336811,0.3199999999999999,0.24399999999999994
3,BR(InL2),0.16970732512145748,0.6484812953408843,0.4172073942507057,0.35199999999999987,0.276
4,BR(Hiemstra_LM),0.2255660652220957,0.7612745491573684,0.48415799836216794,0.44,0.32800000000000007
