,name,map,recip_rank,ndcg,P_5,P_10
0,BR(TF_IDF),0.1564722201181865,0.63532791005291,0.40230952568847494,0.3199999999999999,0.2719999999999999
1,BR(BM25),0.15764194289740324,0.6413347353516198,0.4046524004226195,0.3239999999999999,0.2639999999999999
2,BR(PL2),0.15094057140882333,0.6160384596011362,0.39257929165987854,0.3159999999999999,0.24599999999999994
3,BR(InL2),0.16300489016020492,0.6360603892347138,0.41104672183474533,0.3479999999999998,0.272
4,BR(Hiemstra_LM),0.2209009490714036,0.7629631129184733,0.48146355544847474,0.43599999999999994,0.326
