,name,map,recip_rank,ndcg,P_5,P_10
0,BR(TF_IDF),0.16062583487667872,0.644423086593034,0.41115418198276066,0.3319999999999999,0.264
1,BR(BM25),0.16125138172018957,0.6490240690010707,0.4127296780621215,0.3319999999999999,0.272
2,BR(PL2),0.15184154045176687,0.6215384351841313,0.3987702750872109,0.31999999999999984,0.252
3,BR(InL2),0.16957032919272133,0.6309944128118188,0.4218799703530934,0.3559999999999998,0.28200000000000003
4,BR(Hiemstra_LM),0.22308888770534555,0.7577984186812572,0.4890767856478444,0.424,0.3400000000000001
