,name,map,recip_rank,ndcg,P_5,P_10
0,BR(TF_IDF),0.15739385551294272,0.6452021777290234,0.4031894808189924,0.31999999999999995,0.2719999999999999
1,BR(BM25),0.15750475555546153,0.6485735093854517,0.40410202023935043,0.3239999999999999,0.2639999999999999
2,BR(PL2),0.15025918258743032,0.615117575269098,0.39179795335383405,0.3119999999999999,0.24599999999999994
3,BR(InL2),0.16384086668848827,0.6465378313845409,0.41119121196519504,0.3519999999999998,0.27799999999999997
4,BR(Hiemstra_LM),0.21995394187868894,0.7612833856632648,0.48015567965385303,0.43199999999999994,0.326
