,name,map,recip_rank,ndcg,P_5,P_10
0,BR(TF_IDF),0.14499047826533082,0.6074934606149465,0.3868468496513086,0.32399999999999984,0.25199999999999995
1,BR(BM25),0.146931888125484,0.6261060017359826,0.3908753006975527,0.32799999999999985,0.24999999999999992
2,BR(PL2),0.13832477965158807,0.5994908124897678,0.3765816267522297,0.3079999999999998,0.23199999999999987
3,BR(InL2),0.15135710262058777,0.6183523798912552,0.3970895074453554,0.33999999999999986,0.2619999999999999
4,BR(Hiemstra_LM),0.21006809158890774,0.7488105433906331,0.47228738394420594,0.4359999999999999,0.308
