,name,map,recip_rank,ndcg,P_5,P_10
0,BR(TF_IDF),0.18892396900831604,0.6750751212522046,0.4593650249655958,0.384,0.30400000000000005
1,BR(BM25),0.19120789645070563,0.6901011377204469,0.4623307566286631,0.38799999999999996,0.30400000000000005
2,BR(PL2),0.1800189914069868,0.6587111258538504,0.44852860007968004,0.37599999999999995,0.292
