,name,map,recip_rank,ndcg,P_5,P_10
0,BR(TF_IDF),0.18097896274243574,0.7411287241470729,0.45016393375058505,0.35599999999999987,0.28
1,BR(BM25),0.1831520414205263,0.757136810594233,0.4536515116674022,0.3599999999999999,0.28200000000000003
2,BR(PL2),0.1716502339284313,0.7176883338202356,0.43733408205006413,0.3519999999999998,0.26399999999999996
