,name,map,recip_rank,ndcg,P_5,P_10
0,BR(TF_IDF),0.18189064758603904,0.743284323409764,0.44860910991691055,0.36799999999999977,0.28800000000000003
1,BR(BM25),0.18343777633602695,0.7569583796911077,0.45111206582068497,0.37199999999999983,0.2900000000000001
2,BR(PL2),0.17280032151544422,0.7165087994817512,0.4367911224485526,0.3519999999999998,0.272
