,name,map,recip_rank,ndcg,P_5,P_10
0,BR(TF_IDF),0.17934395973355413,0.7103416219095733,0.44272157309925314,0.3679999999999998,0.28400000000000003
1,BR(BM25),0.18202602527272316,0.7243490619514961,0.4465566187577435,0.37199999999999983,0.28400000000000003
2,BR(PL2),0.1708418629996866,0.6825692929927187,0.4304548538909038,0.3559999999999998,0.27799999999999997
