,name,map,recip_rank,ndcg,P_5,P_10
0,BR(TF_IDF),0.1657083852357419,0.6324709611701104,0.42157375693231136,0.32799999999999996,0.23399999999999996
1,BR(BM25),0.1649745037753129,0.6298838608647955,0.4209883406711038,0.32799999999999996,0.23199999999999993
2,BR(PL2),0.16071608239208224,0.6386357241564325,0.4172624273622281,0.324,0.23399999999999996
