,name,map,recip_rank,ndcg,P_5,P_10
0,BR(TF_IDF),0.18331659773101805,0.6697999201326877,0.45477516272301244,0.3599999999999999,0.29200000000000004
1,BR(BM25),0.1857311549306685,0.6916390333151554,0.45805563098050395,0.3639999999999998,0.29200000000000004
2,BR(PL2),0.17295232499495822,0.6482769718865611,0.44164135907748386,0.3479999999999998,0.2799999999999999
