,name,map,recip_rank,ndcg,P_5,P_10
0,BR(TF_IDF),0.18266802107620891,0.7386370685742414,0.44902789181637415,0.3679999999999998,0.28
1,BR(BM25),0.1855428120351452,0.7403093308245284,0.45232728982425685,0.3679999999999999,0.28600000000000003
2,BR(PL2),0.17602438032050585,0.7019520255834623,0.4371281860468963,0.35999999999999993,0.27
