,name,map,recip_rank,ndcg,P_5,P_10
0,BR(TF_IDF),0.14937951792308973,0.6283732402994331,0.38863513323372223,0.316,0.23199999999999996
1,BR(BM25),0.15231545586134412,0.6609310697056933,0.394162109910717,0.32,0.236
2,BR(PL2),0.14214597078068625,0.6223559263371613,0.3799011752503159,0.308,0.21999999999999997
