,name,map,recip_rank,ndcg,P_5,P_10
0,BR(TF_IDF),0.18351155079193077,0.7266478652743031,0.4463674509756747,0.3679999999999999,0.288
1,BR(BM25),0.18574301613853159,0.7199085782822512,0.4491410855873577,0.3759999999999999,0.28800000000000003
2,BR(PL2),0.17732338008216814,0.7253385810272363,0.4373467622071481,0.3639999999999998,0.27399999999999997
