,name,map,recip_rank,ndcg,P_5,P_10
0,BR(TF_IDF),0.17893215364397977,0.723451386789171,0.44387289625646964,0.3679999999999998,0.28600000000000003
1,BR(BM25),0.18123652849290767,0.7404589374294779,0.4474603211693992,0.37199999999999983,0.28400000000000003
2,BR(PL2),0.17037515521853636,0.6964975993890747,0.4304692665936578,0.3559999999999998,0.274
