,name,map,recip_rank,ndcg,P_5,P_10
0,BR(TF_IDF),0.16007929329163922,0.5882514868632515,0.4099490924081913,0.33599999999999985,0.236
1,BR(BM25),0.16109229192453456,0.6013904130695603,0.41235229035521265,0.3399999999999999,0.24199999999999997
2,BR(PL2),0.15499272286697363,0.5886431800291064,0.40542836748153727,0.3239999999999999,0.23
