,name,map,recip_rank,ndcg,P_5,P_10
0,BR(TF_IDF),0.18453581180430942,0.7514363550458519,0.4531038414436263,0.3919999999999999,0.28
1,BR(BM25),0.18519758126755265,0.7498713193556635,0.4544707347498668,0.39599999999999985,0.28400000000000003
2,BR(PL2),0.1765294801799936,0.7142297936334081,0.4405291527729917,0.37999999999999984,0.26599999999999996
