,name,map,recip_rank,ndcg,P_5,P_10
0,BR(TF_IDF),0.17960733223256714,0.7496859517138518,0.44730312143322964,0.3719999999999999,0.2900000000000001
1,BR(BM25),0.18315991361651168,0.7530266221092755,0.4510345957519972,0.3759999999999998,0.2880000000000001
2,BR(PL2),0.17392765076421554,0.7365022017808163,0.4367380801886342,0.3639999999999998,0.272
