,name,map,recip_rank,ndcg,P_5,P_10
0,BR(TF_IDF),0.18223653673517692,0.7303206518664298,0.4486006358664591,0.3639999999999998,0.278
1,BR(BM25),0.18393928192903478,0.7573261319254696,0.451823776001334,0.3679999999999998,0.2800000000000001
2,BR(PL2),0.17347856527585337,0.7040223232313519,0.43664874334518894,0.3519999999999998,0.262
