,name,map,recip_rank,ndcg,P_5,P_10
0,BR(TF_IDF),0.15137226998327302,0.6455139162018949,0.39646739930434705,0.324,0.23600000000000004
1,BR(BM25),0.153858727847415,0.6461050667260093,0.39906682183906833,0.32799999999999996,0.23600000000000004
2,BR(PL2),0.1449750775972326,0.6219117259581148,0.3877317116862626,0.312,0.22599999999999998
