,name,map,recip_rank,ndcg,P_5,P_10
0,BR(TF_IDF),0.1532307494085101,0.6212188254729121,0.40084956868681176,0.33599999999999997,0.22399999999999998
1,BR(BM25),0.15516427450436263,0.6252912700175943,0.4038537411482012,0.3399999999999999,0.22399999999999998
2,BR(PL2),0.14979879092023876,0.6211793402275769,0.39583807157489537,0.33199999999999996,0.21399999999999994
