,name,map,recip_rank,ndcg,P_5,P_10
0,BR(TF_IDF),0.18365680709522236,0.7412656720916214,0.44834508885086216,0.3639999999999998,0.2900000000000001
1,BR(BM25),0.18568455699427594,0.7446051512600457,0.45064591277568733,0.37199999999999983,0.28600000000000003
2,BR(PL2),0.1780898538562453,0.739838076529272,0.43922417054195234,0.3679999999999998,0.272
