,name,map,recip_rank,ndcg,P_5,P_10
0,BR(TF_IDF),0.1842240695507469,0.7020112350299874,0.4524009041801854,0.3679999999999999,0.29400000000000004
1,BR(BM25),0.18544224460500225,0.7116644422474872,0.45418970088560107,0.3679999999999999,0.292
2,BR(PL2),0.17730527145195438,0.6910409211054371,0.443256946120235,0.3599999999999999,0.284
