,name,map,recip_rank,ndcg,P_5,P_10
0,BR(TF_IDF),0.1861291091324911,0.739842543947089,0.4534064535716159,0.3919999999999999,0.286
1,BR(BM25),0.18862531212154668,0.7496464288072252,0.45659467523538005,0.39999999999999986,0.28600000000000003
2,BR(PL2),0.17889155734603482,0.7133945528993634,0.44191253279418546,0.37999999999999984,0.27599999999999997
