,name,map,recip_rank,ndcg,P_5,P_10
0,BR(TF_IDF),0.16296465939384805,0.7028257162731795,0.4220686500624476,0.34399999999999986,0.2559999999999999
1,BR(BM25),0.1638164916217853,0.7040165806703956,0.4232612630066355,0.3359999999999998,0.256
2,BR(PL2),0.15446950535462606,0.6662298849975085,0.41157745871863693,0.3239999999999999,0.24399999999999994
