,name,map,recip_rank,ndcg,P_5,P_10
0,BR(TF_IDF),0.18157865733245426,0.7158145189749235,0.44822749378117044,0.3599999999999999,0.28600000000000003
1,BR(BM25),0.1829062727384173,0.7158237297638145,0.4498209337286776,0.3679999999999999,0.282
2,BR(PL2),0.172037217767074,0.6987201696770662,0.4361709620592009,0.3639999999999998,0.27999999999999997
