,name,map,recip_rank,ndcg,P_5,P_10
0,BR(TF_IDF),0.18052627094164933,0.7232111293971457,0.44666275444164794,0.3639999999999998,0.28600000000000003
1,BR(BM25),0.18167111403762484,0.736584474213732,0.44889205029225115,0.35999999999999993,0.28400000000000003
2,BR(PL2),0.17063876816411724,0.6941469011469011,0.4340353370121932,0.35199999999999987,0.27399999999999997
