,name,map,recip_rank,ndcg,P_5,P_10
0,BR(TF_IDF),0.1814837209412499,0.7261516928019948,0.4500071229261238,0.35999999999999976,0.2799999999999999
1,BR(BM25),0.1826254594704485,0.7261603684085698,0.45130374599329653,0.3679999999999998,0.2819999999999999
2,BR(PL2),0.17218822294625868,0.6988877034557014,0.43752322947056527,0.3639999999999998,0.2799999999999999
