,name,map,recip_rank,ndcg,P_5,P_10
0,BR(TF_IDF),0.16501152221061907,0.6562357519630898,0.4328351093232557,0.3559999999999999,0.2499999999999999
1,BR(BM25),0.1669592541613773,0.6672470612800124,0.4353338891115619,0.3679999999999999,0.2559999999999999
2,BR(PL2),0.1571472761967487,0.6367336060997126,0.4211984651177151,0.33599999999999985,0.2359999999999999
