,name,map,recip_rank,ndcg,P_5,P_10
0,BR(TF_IDF),0.1885067482314603,0.7276674544817926,0.4612896292176284,0.39599999999999985,0.286
1,BR(BM25),0.1904630537168753,0.7273191894145057,0.4632377837055481,0.39599999999999985,0.28800000000000003
2,BR(PL2),0.1775793343975929,0.6929200952730364,0.44756053794209827,0.3719999999999999,0.27599999999999997
