,name,map,recip_rank,ndcg,P_5,P_10
0,BR(TF_IDF),0.18102290666587087,0.7394653554048827,0.44796068502561026,0.3679999999999998,0.2820000000000001
1,BR(BM25),0.18174185243572658,0.7520108852514211,0.44946323798346915,0.35999999999999976,0.2820000000000001
2,BR(PL2),0.1715252725453338,0.712913279606494,0.43505220481944695,0.3519999999999998,0.264
