,name,map,recip_rank,ndcg,P_5,P_10
0,BR(TF_IDF),0.18330883553169539,0.7033367451618414,0.44303294271875465,0.3679999999999999,0.29
1,BR(BM25),0.18580494507305306,0.7059533879661752,0.4462887886941578,0.37599999999999995,0.29000000000000004
2,BR(PL2),0.17657289743308127,0.7035242321867701,0.4336806876494379,0.37199999999999983,0.27
