,name,map,recip_rank,ndcg,P_5,P_10
0,BR(TF_IDF),0.18317048322358914,0.6587468361218362,0.4511190817933649,0.36399999999999977,0.29600000000000004
1,BR(BM25),0.18580549960144407,0.6762064668423367,0.4544230881849636,0.3719999999999999,0.286
2,BR(PL2),0.17147929047208138,0.6450356782106783,0.43808940897139304,0.3519999999999998,0.27999999999999997
