,name,map,recip_rank,ndcg,P_5,P_10
0,BR(TF_IDF),0.18547975794277602,0.7116037921730372,0.4566274470527442,0.3679999999999999,0.29800000000000004
1,BR(BM25),0.18635378880724687,0.7112618068206302,0.4570914787005702,0.36399999999999993,0.29600000000000004
2,BR(PL2),0.17785105467559773,0.7006152584845602,0.4476568477368229,0.35599999999999987,0.286
