,name,map,recip_rank,ndcg,P_5,P_10
0,BR(TF_IDF),0.18300667320284142,0.6894027091339043,0.4464859689706781,0.3759999999999999,0.2879999999999999
1,BR(BM25),0.18538160310100668,0.714466225957505,0.45017608098589035,0.3759999999999999,0.292
2,BR(PL2),0.1745757901534481,0.6753564527892886,0.4344687406017736,0.3679999999999998,0.27599999999999997
