,name,map,recip_rank,ndcg,P_5,P_10
0,BR(TF_IDF),0.14949203471916733,0.6328421965363185,0.3945515442174101,0.324,0.22999999999999995
1,BR(BM25),0.15133014555660915,0.6439030763778544,0.3973184483145207,0.32400000000000007,0.22799999999999998
2,BR(PL2),0.1423975621729128,0.616524460191134,0.38504713632178217,0.316,0.2119999999999999
