,name,map,recip_rank,ndcg,P_5,P_10
0,BR(TF_IDF),0.16156624947526665,0.6813362573099415,0.4245862315686788,0.33999999999999986,0.25199999999999995
1,BR(BM25),0.16369484665020195,0.7005993254996276,0.42767474772157094,0.352,0.2559999999999999
2,BR(PL2),0.15297490459649993,0.6701875101642543,0.413104245736849,0.31999999999999995,0.23399999999999996
