,name,map,recip_rank,ndcg,P_5,P_10
0,BR(TF_IDF),0.16742794817541307,0.6120404452141589,0.43396660219463273,0.3399999999999999,0.2599999999999999
1,BR(BM25),0.1681026441314335,0.6182948823207444,0.4355909793870881,0.3399999999999999,0.26199999999999996
2,BR(PL2),0.1605065272753309,0.6104592261723216,0.42677377002483075,0.32799999999999996,0.2559999999999999
