,name,map,recip_rank,ndcg,P_5,P_10
0,BR(TF_IDF),0.18003845574476265,0.7335795890718875,0.4459211921266282,0.36399999999999977,0.2740000000000001
1,BR(BM25),0.18283101954441222,0.7585852847471126,0.45050711603565224,0.37199999999999983,0.27800000000000014
2,BR(PL2),0.1721406815377023,0.705214615883654,0.43393686475846144,0.3559999999999998,0.26
