,name,map,recip_rank,ndcg,P_5,P_10
0,BR(TF_IDF),0.18127954748346906,0.7527464751012665,0.44915881979690164,0.37199999999999983,0.278
1,BR(BM25),0.18336180097726607,0.7627530813572823,0.45200089713602865,0.37199999999999983,0.2820000000000001
2,BR(PL2),0.17311753208153724,0.7116523937703643,0.4351841151279156,0.3519999999999998,0.27
