,name,map,recip_rank,ndcg,P_5,P_10
0,BR(TF_IDF),0.18361966363223783,0.7450813425704729,0.4497885150132195,0.37199999999999983,0.29000000000000004
1,BR(BM25),0.18662986480345048,0.7484217083406189,0.45289579915438744,0.37199999999999983,0.28800000000000003
2,BR(PL2),0.17740111906425649,0.7332524108011866,0.43992605573665067,0.3679999999999998,0.27399999999999997
