,name,map,recip_rank,ndcg,P_5,P_10
0,BR(TF_IDF),0.18338332837491714,0.6989826708909369,0.4554525079298928,0.36399999999999993,0.29600000000000004
1,BR(BM25),0.1865829857339804,0.7119714117051779,0.4588462636805362,0.3679999999999999,0.29600000000000004
2,BR(PL2),0.1754592974078372,0.6806928428329261,0.44481332275868835,0.35599999999999987,0.288
