,name,map,recip_rank,ndcg,P_5,P_10
0,BR(TF_IDF),0.18911273150802516,0.6636084291187738,0.4615675872246301,0.37999999999999995,0.298
1,BR(BM25),0.19028680779796153,0.6629440511307767,0.4622961398804389,0.37999999999999995,0.3
2,BR(PL2),0.1789512402705919,0.6384518124280782,0.44927654045742743,0.3679999999999999,0.2899999999999999
