,name,map,recip_rank,ndcg,P_5,P_10
0,BR(TF_IDF),0.18294923374637687,0.6998950090157519,0.44415352959033955,0.3759999999999998,0.288
1,BR(BM25),0.1851817559313073,0.7022911325171287,0.4466396391707723,0.3759999999999999,0.286
2,BR(PL2),0.1764431901128063,0.6892987530399302,0.4338332340001819,0.3639999999999998,0.284
