,name,map,recip_rank,ndcg,P_5,P_10
0,BR(TF_IDF),0.18254746181722348,0.7084525033410123,0.44362140202836486,0.3759999999999999,0.28600000000000003
1,BR(BM25),0.1850711079956307,0.7107464557307915,0.4459624077735446,0.3759999999999999,0.28400000000000003
2,BR(PL2),0.17618952002814012,0.7097260580855999,0.4337273776284835,0.3679999999999998,0.27199999999999996
