,name,map,recip_rank,ndcg,P_5,P_10
0,BR(TF_IDF),0.17927070371800366,0.722355569644031,0.44745525188428054,0.3599999999999999,0.278
1,BR(BM25),0.18022983268966417,0.7249351279169741,0.44884043052426165,0.3599999999999999,0.28
2,BR(PL2),0.17095510202360295,0.6957582544137884,0.4370900435553683,0.35199999999999987,0.27199999999999996
