,name,map,recip_rank,ndcg,P_5,P_10
0,BR(TF_IDF),0.18203718164181837,0.6595797801893692,0.4542572878438632,0.3639999999999998,0.29000000000000004
1,BR(BM25),0.18513420768307198,0.68158460983461,0.4577996999052183,0.3679999999999998,0.29
2,BR(PL2),0.17280094538105398,0.638696368688096,0.44195258815337846,0.34399999999999986,0.2779999999999999
