,name,map,recip_rank,ndcg,P_5,P_10
0,BR(TF_IDF),0.18302098178771986,0.7431720210874438,0.45187639778307037,0.35599999999999987,0.2880000000000001
1,BR(BM25),0.18437306643481677,0.7558471255520435,0.4546427091920158,0.3599999999999999,0.2900000000000001
2,BR(PL2),0.17169667068672556,0.7072842889324903,0.43772706868812067,0.35599999999999987,0.272
