,name,map,recip_rank,ndcg,P_5,P_10
0,BR(TF_IDF),0.1627669328317834,0.699412048111559,0.4217434489032271,0.33999999999999986,0.2539999999999999
1,BR(BM25),0.16307652104549183,0.6915980898455031,0.4216952554425309,0.3359999999999998,0.25399999999999995
2,BR(PL2),0.15442942813358754,0.6724712579354566,0.41200160858838125,0.3199999999999999,0.24199999999999997
