,name,map,recip_rank,ndcg,P_5,P_10
0,BR(TF_IDF),0.15289099775875808,0.6356098806642904,0.39793773381484016,0.3319999999999999,0.226
1,BR(BM25),0.1531758481423365,0.6362285698104284,0.3983631133184612,0.3319999999999999,0.228
2,BR(PL2),0.14760748196521148,0.6379466858871815,0.3910641025263608,0.316,0.21799999999999997
