,name,map,recip_rank,ndcg,P_5,P_10
0,BR(TF_IDF),0.15042738777628192,0.6076610391852642,0.3975825273162608,0.316,0.22400000000000003
1,BR(BM25),0.15185852401719488,0.6298486784361192,0.4005557818319868,0.32400000000000007,0.228
2,BR(PL2),0.14395190124301308,0.606330884642202,0.390003112865858,0.31199999999999994,0.212
