,name,map,recip_rank,ndcg,P_5,P_10
0,BR(TF_IDF),0.1850608025817076,0.724629802121652,0.4549035643229528,0.3879999999999999,0.288
1,BR(BM25),0.1879815268559717,0.7506357713558777,0.4594987001436411,0.3839999999999999,0.28600000000000003
2,BR(PL2),0.1727078676849863,0.6869444168548213,0.43960596893963255,0.3759999999999999,0.26999999999999996
