,name,map,recip_rank,ndcg,P_5,P_10
0,BR(TF_IDF),0.18119263866554897,0.7101184177374652,0.44611239544876613,0.3599999999999999,0.28800000000000003
1,BR(BM25),0.1839021720549193,0.7243814548456855,0.45024077828385267,0.3719999999999999,0.286
2,BR(PL2),0.17167655815165608,0.6807605535533752,0.4336346810159554,0.3559999999999998,0.282
