,name,map,recip_rank,ndcg,P_5,P_10
0,BR(TF_IDF),0.18174050207770528,0.7260804372932032,0.452928277970135,0.3599999999999999,0.27999999999999997
1,BR(BM25),0.18331918993024365,0.7420886335886334,0.45557564015312274,0.35599999999999987,0.27999999999999997
2,BR(PL2),0.172971397415221,0.7109380254291757,0.44218213037451803,0.3479999999999998,0.2739999999999999
