,name,map,recip_rank,ndcg,P_5,P_10
0,BR(TF_IDF),0.18320980672930964,0.7363062767713993,0.45068712893474,0.3639999999999998,0.28600000000000003
1,BR(BM25),0.18473506045559474,0.7633118693387151,0.4536118706763824,0.3679999999999998,0.28600000000000003
2,BR(PL2),0.1743264506951131,0.7080115528307114,0.43694780508424286,0.3519999999999998,0.276
