,name,map,recip_rank,ndcg,P_5,P_10
0,BR(TF_IDF),0.18155033835582357,0.7120521924059893,0.4442656659831151,0.37599999999999995,0.29200000000000004
1,BR(BM25),0.1836371954893587,0.7143925097890615,0.44647913739294576,0.3839999999999999,0.2900000000000001
2,BR(PL2),0.1746316478378245,0.7090599993118242,0.43370157193237924,0.3639999999999998,0.27
