,name,map,recip_rank,ndcg,P_5,P_10
0,BR(TF_IDF),0.16188158216601536,0.689072523282686,0.42031201300910126,0.33999999999999986,0.25199999999999995
1,BR(BM25),0.16487929823383923,0.7067505951370494,0.4253220750270304,0.3479999999999999,0.256
2,BR(PL2),0.1557777437612117,0.6831146543388884,0.4129788281126425,0.3319999999999999,0.23599999999999993
