,name,map,recip_rank,ndcg,P_5,P_10
0,BR(TF_IDF),0.17878223001714516,0.6801526215813126,0.4409944262198173,0.3639999999999998,0.288
1,BR(BM25),0.1808809666595202,0.7018290354686934,0.44461930946571704,0.3639999999999998,0.2859999999999999
2,BR(PL2),0.17105008485360312,0.6736656986797533,0.4305063120919319,0.35999999999999976,0.27599999999999997
