,name,map,recip_rank,ndcg,P_5,P_10
0,BR(TF_IDF),0.18394491260633203,0.6662057293772066,0.4522552083855112,0.3679999999999998,0.29600000000000004
1,BR(BM25),0.18613332478303016,0.6718505892255894,0.45503909750478805,0.37999999999999984,0.292
2,BR(PL2),0.17198788462358972,0.6400831026208933,0.4374067603119797,0.3559999999999998,0.27599999999999997
