,name,map,recip_rank,ndcg,P_5,P_10
0,BR(TF_IDF),0.18638912530532753,0.6957370652336171,0.4528224293492606,0.3719999999999999,0.298
1,BR(BM25),0.18704357876708183,0.7057470092631383,0.45470436034265205,0.3719999999999999,0.296
2,BR(PL2),0.17645135770998435,0.674765138173033,0.44085926558616023,0.3719999999999999,0.292
