,name,map,recip_rank,ndcg,P_5,P_10
0,BR(TF_IDF),0.1532463455268864,0.6440882855034268,0.3925713668001665,0.3319999999999999,0.23199999999999998
1,BR(BM25),0.15372559546463227,0.6419892704868417,0.3940021027553881,0.3319999999999999,0.23399999999999999
2,BR(PL2),0.14585751387824555,0.6331190581980055,0.3840791337072929,0.31999999999999995,0.228
