,name,map,recip_rank,ndcg,P_5,P_10
0,BR(TF_IDF),0.15095823303806274,0.6432464516879131,0.39057654678979714,0.316,0.23800000000000004
1,BR(BM25),0.1533284840317292,0.6613058242992096,0.394888230670858,0.316,0.23800000000000007
2,BR(PL2),0.14454838393284394,0.6230519762687234,0.3814495012166547,0.312,0.23
