,name,map,recip_rank,ndcg,P_5,P_10
0,BR(TF_IDF),0.1831325574527635,0.6597043243494857,0.4522618630808781,0.3639999999999998,0.29200000000000004
1,BR(BM25),0.18551614000642716,0.6819779230462413,0.4552398742658502,0.3679999999999998,0.29
2,BR(PL2),0.17135817015882715,0.6390119047619046,0.4372490885437034,0.3519999999999998,0.2759999999999999
