,name,map,recip_rank,ndcg,P_5,P_10
0,BR(TF_IDF),0.1503720561631171,0.6321575578216687,0.3892874787734399,0.3319999999999999,0.21799999999999997
1,BR(BM25),0.15103781475811995,0.6331678744640228,0.3917150921954299,0.32799999999999996,0.222
2,BR(PL2),0.14352387925091986,0.6228693824345204,0.3820633431238617,0.31999999999999995,0.22399999999999995
