,name,map,recip_rank,ndcg,P_5,P_10
0,BR(TF_IDF),0.17935909056147764,0.7433845164717546,0.4467054012485489,0.3679999999999998,0.28200000000000003
1,BR(BM25),0.18214857841615942,0.7550595542962487,0.4505390041959471,0.3679999999999999,0.2860000000000001
2,BR(PL2),0.17276669978286865,0.7126109519975462,0.43564546773576673,0.35599999999999987,0.264
