,name,map,recip_rank,ndcg,P_5,P_10
0,BR(TF_IDF),0.18031155134652238,0.7531002938855538,0.447047888474579,0.3759999999999999,0.28
1,BR(BM25),0.18236116074800687,0.7530255390824651,0.4490515612481189,0.3759999999999999,0.2820000000000001
2,BR(PL2),0.17246036467020617,0.7132648091640027,0.4333317132682506,0.3519999999999998,0.27
