,name,map,recip_rank,ndcg,P_5,P_10
0,BR(TF_IDF),0.16864508604587544,0.6447257471264366,0.436181385994523,0.3519999999999998,0.25999999999999984
1,BR(BM25),0.16920764602928096,0.6509025571532534,0.43786188998367953,0.3519999999999998,0.26599999999999985
2,BR(PL2),0.16096602236971191,0.6239415987133377,0.4260068554923467,0.3239999999999999,0.2559999999999999
