,name,map,recip_rank,ndcg,P_5,P_10
0,BR(TF_IDF),0.18067476884193734,0.7389242896897167,0.44602723977321385,0.37199999999999983,0.28400000000000003
1,BR(BM25),0.18308102405846052,0.7289316035586084,0.44821330599290204,0.3759999999999999,0.28800000000000003
2,BR(PL2),0.1735639710946988,0.7172357757446186,0.4349644301540856,0.3559999999999997,0.27
