,name,map,recip_rank,ndcg,P_5,P_10
0,BR(TF_IDF),0.18005399295719546,0.6943128073128071,0.44175868920806116,0.37199999999999983,0.29
1,BR(BM25),0.18300244439050364,0.7176537117934499,0.4468434475482691,0.37999999999999984,0.29
2,BR(PL2),0.17353610050315493,0.6945013298849525,0.43189133320492945,0.3679999999999998,0.272
