,name,map,recip_rank,ndcg,P_5,P_10
0,BR(TF_IDF),0.18057964752786193,0.7575539399669746,0.4494705035435899,0.3679999999999998,0.29000000000000004
1,BR(BM25),0.18388971599490658,0.7592281856715521,0.45272272598915614,0.3759999999999998,0.29200000000000004
2,BR(PL2),0.17371834251782775,0.7197198529731138,0.43637956013188345,0.35999999999999976,0.276
