,name,map,recip_rank,ndcg,P_5,P_10
0,BR(TF_IDF),0.1570319282113307,0.6030539117975559,0.41049691191800136,0.31999999999999995,0.24199999999999997
1,BR(BM25),0.15760462396239555,0.612076599001064,0.411850621550258,0.32799999999999996,0.24399999999999994
2,BR(PL2),0.1530365280208283,0.594943277624993,0.4050740608629226,0.308,0.2379999999999999
