,name,map,recip_rank,ndcg,P_5,P_10
0,BR(TF_IDF),0.1529990448733234,0.6645132732403631,0.3944118169134685,0.32799999999999996,0.22599999999999998
1,BR(BM25),0.1536199452004131,0.6635538733889536,0.39585069056251226,0.32799999999999996,0.228
2,BR(PL2),0.14797106691732873,0.656464496121671,0.38787296495536944,0.32799999999999996,0.22199999999999995
