,name,map,recip_rank,ndcg,P_5,P_10
0,BR(TF_IDF),0.1510035484188446,0.6322300826311499,0.39813038690768104,0.33599999999999997,0.22400000000000003
1,BR(BM25),0.1521389847658176,0.6341229738454495,0.4000626861702429,0.33599999999999997,0.222
2,BR(PL2),0.1460516628479099,0.6318673596116896,0.3912576131499931,0.3279999999999999,0.21599999999999997
