,name,map,recip_rank,ndcg,P_5,P_10
0,BR(TF_IDF),0.1422960920855959,0.5896152001650651,0.3705043910122629,0.3079999999999999,0.22599999999999998
1,BR(BM25),0.14330987382876514,0.6051309615215943,0.37395403244236003,0.2999999999999999,0.22799999999999998
2,BR(PL2),0.13584538746341904,0.5881989923309443,0.36193962711421457,0.29199999999999987,0.21599999999999997
3,BR(InL2),0.15186815144917162,0.6245391427568847,0.3855323488952919,0.31599999999999984,0.23799999999999996
4,BR(Hiemstra_LM),0.20718980625112773,0.7697040626472241,0.4592386930571158,0.4039999999999999,0.31599999999999995
