,name,map,recip_rank,ndcg,P_5,P_10
0,BR(TF_IDF),0.13089257248052863,0.5403736466684917,0.3501555419146471,0.27599999999999997,0.2039999999999999
1,BR(BM25),0.13226777658461705,0.5548753229127354,0.35412191400796195,0.26399999999999996,0.2079999999999999
2,BR(PL2),0.12330137465805067,0.533221921041035,0.340977473875922,0.264,0.2059999999999999
3,BR(InL2),0.14164080042772492,0.574380388522257,0.3648034794972219,0.2919999999999999,0.21599999999999994
4,BR(Hiemstra_LM),0.19749138178841597,0.7375554028571869,0.4447818927134675,0.39599999999999985,0.3
