,name,map,recip_rank,ndcg,P_5,P_10
0,BR(TF_IDF),0.12202332991603906,0.5380877499119728,0.33734480952738904,0.26799999999999996,0.20199999999999987
1,BR(BM25),0.12659607677914905,0.5415626932483196,0.3450708323513721,0.27599999999999997,0.20999999999999988
2,BR(PL2),0.11576586939082519,0.5325352135994229,0.32947874435453495,0.256,0.18399999999999994
3,BR(InL2),0.13202840682514194,0.5649247128553001,0.3527260793322263,0.2879999999999999,0.21599999999999991
4,BR(Hiemstra_LM),0.19435018631214832,0.7307203490362578,0.441903596142336,0.4039999999999999,0.29399999999999993
