,name,map,recip_rank,ndcg,P_5,P_10
0,BR(TF_IDF),0.12744509821534505,0.5462763773703828,0.3477962103519715,0.27599999999999997,0.2079999999999999
1,BR(BM25),0.12881090378788376,0.544183753722286,0.35115379089260806,0.27599999999999997,0.2119999999999999
2,BR(PL2),0.12239850934799834,0.5589531892842554,0.3403735304579269,0.264,0.1979999999999999
3,BR(InL2),0.13683696960761205,0.5670884529861708,0.35969365991900104,0.29599999999999993,0.22199999999999992
4,BR(Hiemstra_LM),0.19624273402778936,0.7399943103547212,0.44473766760684236,0.39999999999999986,0.29599999999999993
