,name,map,recip_rank,ndcg,P_5,P_10
0,BR(TF_IDF),0.13531601161382714,0.554763950272461,0.3615389831142785,0.29199999999999987,0.2179999999999999
1,BR(BM25),0.13683781993354432,0.5600884374356996,0.3652006288323145,0.2839999999999999,0.2259999999999999
2,BR(PL2),0.12979736630237526,0.5414734814865794,0.35411431894656836,0.2719999999999999,0.21599999999999994
3,BR(InL2),0.14367500594739466,0.569647845075259,0.37381432977704615,0.31999999999999984,0.23399999999999999
4,BR(Hiemstra_LM),0.1995093598296828,0.7324317402429783,0.4506239984444459,0.41199999999999987,0.30199999999999994
