,name,map,recip_rank,ndcg,P_5,P_10
0,BR(TF_IDF),0.1317529909682171,0.5538522026739465,0.3527568352610045,0.2799999999999999,0.2059999999999999
1,BR(BM25),0.13262924281658608,0.557214563702647,0.356502671419197,0.2759999999999999,0.21199999999999988
2,BR(PL2),0.12593736799078079,0.546548095152619,0.34484014575066074,0.25999999999999995,0.2059999999999999
3,BR(InL2),0.14361671189185693,0.5910809553521422,0.36885886391418315,0.29999999999999993,0.22199999999999995
4,BR(Hiemstra_LM),0.1960671621703388,0.7374043849869936,0.4465473078836249,0.3919999999999999,0.30199999999999994
