,name,map,recip_rank,ndcg,P_5,P_10
0,BR(TF_IDF),0.1456426220112909,0.5645491969339842,0.3793274963407989,0.31199999999999983,0.24600000000000002
1,BR(BM25),0.14591587562226063,0.5783209658033734,0.3831797647207372,0.31199999999999983,0.24599999999999997
2,BR(PL2),0.13975671352368443,0.5516136606280204,0.3719717959545538,0.2959999999999998,0.23
3,BR(InL2),0.15294674786959964,0.5688559243828005,0.39033478284000045,0.33599999999999985,0.25
4,BR(Hiemstra_LM),0.20681598488740355,0.7570622915076709,0.4671240828180395,0.40399999999999986,0.30999999999999994
