,name,map,recip_rank,ndcg,P_5,P_10
0,BR(TF_IDF),0.13076332469393312,0.5526597608240771,0.3501591476965364,0.2799999999999999,0.21199999999999988
1,BR(BM25),0.13164490670631165,0.5523705750121577,0.35240849589237955,0.268,0.20999999999999988
2,BR(PL2),0.12454159057445569,0.5488501204956033,0.34319119655927677,0.268,0.20399999999999988
3,BR(InL2),0.14173379591272003,0.5823322616815136,0.36528086228618284,0.2919999999999999,0.21599999999999994
4,BR(Hiemstra_LM),0.1978483353539282,0.7353110820235149,0.4453018052191949,0.39599999999999985,0.30199999999999994
