,name,map,recip_rank,ndcg,P_5,P_10
0,BR(TF_IDF),0.12244848945927622,0.5404477812955933,0.3380193261581566,0.26799999999999996,0.1999999999999999
1,BR(BM25),0.1251906101006856,0.5336477772696023,0.3434892387744539,0.27599999999999997,0.2079999999999999
2,BR(PL2),0.11620429149713934,0.5351123695346913,0.3297666959253272,0.256,0.1819999999999999
3,BR(InL2),0.1323388869877389,0.5663931091745039,0.3532350374679959,0.2879999999999999,0.21799999999999994
4,BR(Hiemstra_LM),0.1945411753152907,0.7306912931947466,0.44180988931769394,0.4039999999999999,0.29399999999999993
