,name,map,recip_rank,ndcg,P_5,P_10
0,BR(TF_IDF),0.13091030468927392,0.5576656575551846,0.35092939801793466,0.2799999999999999,0.2039999999999999
1,BR(BM25),0.13221437410548173,0.5590446855303395,0.3546021536369469,0.2719999999999999,0.20599999999999988
2,BR(PL2),0.12416822224298121,0.5589014924483053,0.34264055271943616,0.26399999999999996,0.20199999999999993
3,BR(InL2),0.14313542271870772,0.5903590363443108,0.3673260835956047,0.2919999999999999,0.21599999999999994
4,BR(Hiemstra_LM),0.1966776940147513,0.7375807871866695,0.4449255792903665,0.3919999999999999,0.29799999999999993
