,name,map,recip_rank,ndcg,P_5,P_10
0,BR(TF_IDF),0.13408398882974934,0.5480216556575424,0.3571681807035633,0.2799999999999999,0.21399999999999988
1,BR(BM25),0.13506665381466426,0.5511553225892137,0.36122871411990715,0.2759999999999999,0.2179999999999999
2,BR(PL2),0.12898758564072296,0.5339689520073777,0.35069665255838506,0.2639999999999999,0.21399999999999994
3,BR(InL2),0.14412438742674438,0.5792389611635853,0.37352297857427574,0.3079999999999999,0.22799999999999992
4,BR(Hiemstra_LM),0.19900575403396384,0.7405770417512676,0.4503092615593868,0.40399999999999986,0.30199999999999994
