,name,map,recip_rank,ndcg,P_5,P_10
0,BR(TF_IDF),0.14560513505140643,0.5577059748999403,0.381948104844155,0.3159999999999999,0.248
1,BR(BM25),0.1470546825378131,0.5732380853680442,0.38542662842089226,0.3199999999999999,0.254
2,BR(PL2),0.13924769583983412,0.5578674382141285,0.3739572541232033,0.2959999999999998,0.23800000000000002
3,BR(InL2),0.1514681781754425,0.5589752914554644,0.39141918916868257,0.3319999999999999,0.25000000000000006
4,BR(Hiemstra_LM),0.2046346197138062,0.739218228643433,0.4669003525302975,0.4079999999999999,0.31199999999999994
