,name,map,recip_rank,ndcg,P_5,P_10
0,BR(TF_IDF),0.13053796628322048,0.5603641497048468,0.3511436803975915,0.2759999999999999,0.20999999999999988
1,BR(BM25),0.13044093656569028,0.5418845352283382,0.3522362215832857,0.272,0.20799999999999985
2,BR(PL2),0.12499977324010964,0.5606580988584537,0.3442483840204126,0.26399999999999996,0.20399999999999988
3,BR(InL2),0.13933652551513231,0.5630070924977298,0.3622858025111714,0.29199999999999987,0.22199999999999992
4,BR(Hiemstra_LM),0.19833962019929824,0.7486554967666079,0.44703586398307155,0.39999999999999986,0.30199999999999994
