,name,map,recip_rank,ndcg,P_5,P_10
0,BR(TF_IDF),0.12872678760225795,0.5522527753415531,0.3475267229725894,0.284,0.2039999999999999
1,BR(BM25),0.12926524426611438,0.5412141150151023,0.3493373090992997,0.268,0.20799999999999993
2,BR(PL2),0.12175208100984451,0.5349840158692786,0.33937768402791346,0.25999999999999995,0.1979999999999999
3,BR(InL2),0.13993320590127353,0.5689165306879325,0.3612262698632574,0.29599999999999993,0.21599999999999994
4,BR(Hiemstra_LM),0.19667611764882934,0.7353106989698109,0.44362181813926893,0.39599999999999985,0.30199999999999994
