,name,map,recip_rank,ndcg,P_5,P_10
0,BR(TF_IDF),0.12519553580053386,0.5331715386036985,0.34383376086509737,0.26799999999999996,0.2079999999999999
1,BR(BM25),0.1274997230462923,0.5421589023586671,0.34920567346027537,0.272,0.20399999999999988
2,BR(PL2),0.12001342765126158,0.5334855170423163,0.33633280450778646,0.26,0.1979999999999999
3,BR(InL2),0.13513449226973745,0.5655572841132052,0.35826543997573146,0.2879999999999999,0.22399999999999992
4,BR(Hiemstra_LM),0.19555126243528204,0.7499935928196153,0.44438718537120203,0.39999999999999986,0.29399999999999993
