,name,map,recip_rank,ndcg,P_5,P_10
0,BR(TF_IDF),0.1286913835544843,0.5399819517190383,0.34731516251266037,0.27599999999999997,0.1999999999999999
1,BR(BM25),0.13073975749562816,0.5543814100191577,0.35260254178868583,0.26799999999999996,0.20199999999999987
2,BR(PL2),0.12217752459845074,0.5294405559765896,0.33906862535261645,0.25999999999999995,0.19999999999999993
3,BR(InL2),0.14005110382641542,0.565046390067077,0.3616549817343799,0.2879999999999999,0.21599999999999994
4,BR(Hiemstra_LM),0.19543006688944164,0.7375550231343846,0.4423055245035521,0.3919999999999999,0.3
