,name,map,recip_rank,ndcg,P_5,P_10
0,BR(TF_IDF),0.14364731503622313,0.562490961862081,0.3771837076870017,0.3039999999999998,0.24400000000000002
1,BR(BM25),0.1445485037196261,0.5771662482538845,0.38133908320771326,0.2999999999999999,0.24199999999999997
2,BR(PL2),0.13889761769433653,0.5524619139409905,0.3703596480411717,0.2959999999999998,0.22599999999999995
3,BR(InL2),0.150619439854506,0.5703237021704741,0.38828118691619345,0.32799999999999985,0.24799999999999997
4,BR(Hiemstra_LM),0.2064688583460162,0.7570620181716042,0.4668228658913972,0.4039999999999999,0.31199999999999994
