,name,map,recip_rank,ndcg,P_5,P_10
0,BR(TF_IDF),0.14178977760231387,0.5768913423587861,0.372159283597266,0.31199999999999983,0.22999999999999995
1,BR(BM25),0.1443816971189237,0.5822926712831591,0.3767890971739649,0.31599999999999984,0.22999999999999995
2,BR(PL2),0.13678245994769736,0.5661951617580138,0.3646692618142364,0.2919999999999998,0.21999999999999997
3,BR(InL2),0.15017501724900692,0.5827017989025965,0.38291443332137837,0.32799999999999985,0.23800000000000002
4,BR(Hiemstra_LM),0.20719194628281426,0.754626561709438,0.46219369343689853,0.4159999999999999,0.30199999999999994
