,name,map,recip_rank,ndcg,P_5,P_10
0,BR(TF_IDF),0.12916842925387764,0.5564398298212035,0.3485446603969791,0.27599999999999997,0.1999999999999999
1,BR(BM25),0.13040508777882492,0.5587166128558161,0.3519528376536513,0.2759999999999999,0.20399999999999988
2,BR(PL2),0.12335481643925153,0.5576925899618406,0.3411251902404184,0.256,0.19999999999999993
3,BR(InL2),0.14019426471279492,0.5709011470568793,0.3618838018516751,0.292,0.21399999999999994
4,BR(Hiemstra_LM),0.19509861798769113,0.7375848021436258,0.44281536372683433,0.3879999999999999,0.29799999999999993
