,name,map,recip_rank,ndcg,P_5,P_10
0,BR(TF_IDF),0.13294973946995461,0.5416344397931726,0.35786211469879936,0.28799999999999987,0.21399999999999988
1,BR(BM25),0.13516586471739725,0.5593774159046844,0.3631344439138832,0.29199999999999987,0.21599999999999991
2,BR(PL2),0.12852849398829277,0.5394267568424966,0.3511215239075716,0.27599999999999986,0.21399999999999994
3,BR(InL2),0.1425614596859147,0.5672409785242909,0.37119925591516434,0.3199999999999998,0.23199999999999996
4,BR(Hiemstra_LM),0.19894787977165232,0.731432566706335,0.44985625212455266,0.41199999999999987,0.29599999999999993
