,name,map,recip_rank,ndcg,P_5,P_10
0,BR(TF_IDF),0.14209296028089458,0.5866232713640145,0.3754184458590658,0.2999999999999998,0.24200000000000002
1,BR(BM25),0.14327205351767297,0.5975291551449412,0.37876775293909054,0.3039999999999998,0.236
2,BR(PL2),0.13691581766106956,0.5755997218440416,0.3678550888625924,0.29199999999999987,0.222
3,BR(InL2),0.14930869581821274,0.5850625349858906,0.385644245415661,0.33999999999999986,0.24399999999999994
4,BR(Hiemstra_LM),0.20419168275728994,0.7572977161642143,0.46211796368795144,0.4039999999999999,0.3059999999999999
