,name,map,recip_rank,ndcg,P_5,P_10
0,BR(TF_IDF),0.14204260563312773,0.5767121011570943,0.37126984891789744,0.2999999999999999,0.22199999999999992
1,BR(BM25),0.14349799105118216,0.5814645381717171,0.3742457140564727,0.3039999999999998,0.22199999999999992
2,BR(PL2),0.135495987183719,0.5752409267807561,0.3630316012404361,0.28399999999999986,0.22199999999999995
3,BR(InL2),0.15060387580325496,0.5917514049990507,0.38202809275945365,0.32799999999999985,0.236
4,BR(Hiemstra_LM),0.20777788364256358,0.7447658629583441,0.4603730671569124,0.41999999999999993,0.30999999999999994
