,name,map,recip_rank,ndcg,P_5,P_10
0,BR(TF_IDF),0.1201537764656553,0.5254938655321905,0.33454327189891886,0.25999999999999995,0.20199999999999987
1,BR(BM25),0.12404461829621116,0.534211417210621,0.34250832946969695,0.26799999999999996,0.1999999999999999
2,BR(PL2),0.11358794613783697,0.5100536749400687,0.3251962622196644,0.24799999999999997,0.17999999999999994
3,BR(InL2),0.1311567958841754,0.565313090222334,0.35128094930152715,0.284,0.21799999999999994
4,BR(Hiemstra_LM),0.19446393270289294,0.740693118421987,0.44245059047488666,0.4039999999999999,0.2919999999999999
