,name,map,recip_rank,ndcg,P_5,P_10
0,BR(TF_IDF),0.12898243508743656,0.5535564372792744,0.34971890330667565,0.27599999999999997,0.20199999999999987
1,BR(BM25),0.13055558064968475,0.5568774493359855,0.3530070306006822,0.27599999999999997,0.20599999999999988
2,BR(PL2),0.12472817179791647,0.5474378413930209,0.3435868289644484,0.25999999999999995,0.20199999999999993
3,BR(InL2),0.14076108279413962,0.5706584245893918,0.3646283920697643,0.29999999999999993,0.21799999999999997
4,BR(Hiemstra_LM),0.19499443455816723,0.7374078609006353,0.4452262103933801,0.38799999999999985,0.3
