,name,map,recip_rank,ndcg,P_5,P_10
0,BR(TF_IDF),0.11765896442041324,0.5134523456970842,0.3309295138968308,0.264,0.20199999999999987
1,BR(BM25),0.12273597739314351,0.5318618850491887,0.3411250716688442,0.264,0.20999999999999994
2,BR(PL2),0.11159816358910472,0.4936247671823274,0.3213464704488123,0.248,0.18599999999999994
3,BR(InL2),0.12738207118838468,0.5518719634538395,0.34698528857234395,0.272,0.21399999999999994
4,BR(Hiemstra_LM),0.19078168629510736,0.7316722263911936,0.4395378413599345,0.39599999999999985,0.2859999999999999
