,name,map,recip_rank,ndcg,P_5,P_10
0,BR(TF_IDF),0.14244249599991365,0.5557087737550589,0.3754069911257352,0.30799999999999983,0.248
1,BR(BM25),0.1437236412642027,0.5705077270408181,0.3794388727441356,0.31199999999999983,0.25
2,BR(PL2),0.13718661224934833,0.5475038343664045,0.36850812193195437,0.3039999999999998,0.22799999999999992
3,BR(InL2),0.14808602397702,0.5626732493520707,0.3849251011301966,0.33999999999999986,0.252
4,BR(Hiemstra_LM),0.20402084089266215,0.7543918830916614,0.4650693144684581,0.4039999999999999,0.30799999999999994
