,name,map,recip_rank,ndcg,P_5,P_10
0,BR(TF_IDF),0.14387047518299412,0.5553853916176555,0.3778468827775345,0.2959999999999999,0.242
1,BR(BM25),0.14518607495121263,0.5702513606357339,0.3816524788598683,0.2999999999999999,0.248
2,BR(PL2),0.1382168888662048,0.5591261921870855,0.3728191827599289,0.2959999999999998,0.23
3,BR(InL2),0.1498531642567488,0.5594497009295409,0.38790605317907906,0.3279999999999999,0.248
4,BR(Hiemstra_LM),0.20414805103467124,0.739216854624498,0.4661272055321012,0.39999999999999986,0.31199999999999994
