,name,map,recip_rank,ndcg,P_5,P_10
0,BR(TF_IDF),0.12203399703832812,0.5078393737952586,0.3391962583648602,0.25999999999999995,0.20399999999999996
1,BR(BM25),0.12397172063373692,0.523062384952584,0.34556096111156653,0.25999999999999995,0.20999999999999994
2,BR(PL2),0.1148362461904818,0.49157496322404604,0.32937721629429784,0.2559999999999999,0.18799999999999997
3,BR(InL2),0.13178918095527592,0.5337882498642552,0.35238730611446,0.2839999999999999,0.21999999999999992
4,BR(Hiemstra_LM),0.19646284008048315,0.774037704229628,0.447121262723963,0.39599999999999985,0.2919999999999999
