,name,map,recip_rank,ndcg,P_5,P_10
0,BR(TF_IDF),0.1444559791065849,0.5689380251701155,0.3750777384792827,0.31599999999999984,0.23199999999999993
1,BR(BM25),0.14694968231755864,0.5723868272038151,0.3786925207531659,0.3159999999999999,0.22799999999999992
2,BR(PL2),0.1369111137389796,0.5556553658981586,0.3654415389751739,0.2959999999999998,0.21999999999999997
3,BR(InL2),0.1536964574402284,0.5798785164746123,0.3867027060136573,0.33599999999999985,0.236
4,BR(Hiemstra_LM),0.20861513711515406,0.751439928687558,0.4624738349901941,0.41199999999999987,0.306
