,name,map,recip_rank,ndcg,P_5,P_10
0,BR(TF_IDF),0.14432393708311306,0.5537138017961468,0.3773867072937985,0.2959999999999998,0.242
1,BR(BM25),0.14606160425912246,0.565996062814163,0.38085031640425787,0.2959999999999999,0.23599999999999993
2,BR(PL2),0.13755237207748516,0.5319251881611468,0.3685038762979213,0.2959999999999998,0.22199999999999992
3,BR(InL2),0.15133012375063049,0.5590523472959973,0.387256061916677,0.32799999999999985,0.248
4,BR(Hiemstra_LM),0.2069257511840968,0.7643949789692893,0.46810131711096725,0.39599999999999985,0.30999999999999994
