,name,map,recip_rank,ndcg,P_5,P_10
0,BR(TF_IDF),0.11911158662186594,0.49301436063451554,0.33354236776855933,0.256,0.20799999999999993
1,BR(BM25),0.12299051935373856,0.5123096965904619,0.3424425909146316,0.27199999999999996,0.20999999999999994
2,BR(PL2),0.11235746967365814,0.47484714712516735,0.3233226271473832,0.25999999999999995,0.19399999999999998
3,BR(InL2),0.1295642980081104,0.5337744319425063,0.35034061948608747,0.292,0.21599999999999994
4,BR(Hiemstra_LM),0.1934009952137248,0.7617014767491236,0.44503286390163377,0.39599999999999985,0.2879999999999999
