,name,map,recip_rank,ndcg,P_5,P_10
0,BR(TF_IDF),0.12827256710282936,0.5264904716202359,0.3497341096908779,0.284,0.2119999999999999
1,BR(BM25),0.12903030576996263,0.5457944308520178,0.35417863019046714,0.27599999999999997,0.2139999999999999
2,BR(PL2),0.1207061275943749,0.5135033878466989,0.3395910891347569,0.272,0.19999999999999993
3,BR(InL2),0.13677239814067332,0.54079897556891,0.36094891380644084,0.29599999999999993,0.22999999999999995
4,BR(Hiemstra_LM),0.19728749565723538,0.7650053914262142,0.44773244521832894,0.39599999999999985,0.29599999999999993
