,name,map,recip_rank,ndcg,P_5,P_10
0,BR(TF_IDF),0.13011327995545532,0.5272417246386383,0.35032074603279845,0.2839999999999999,0.2139999999999999
1,BR(BM25),0.13086242062822112,0.5442230196576557,0.35492655226405434,0.27199999999999996,0.2119999999999999
2,BR(PL2),0.1224855194654581,0.5182338113623988,0.3421065624242783,0.26799999999999996,0.19999999999999993
3,BR(InL2),0.13828326574177052,0.5341959847999583,0.3614066534691825,0.2959999999999999,0.22199999999999995
4,BR(Hiemstra_LM),0.19842007391236544,0.763838153729446,0.4485824537161262,0.39599999999999985,0.30199999999999994
