,name,map,recip_rank,ndcg,P_5,P_10
0,BR(TF_IDF),0.13266177736074783,0.5396219472643624,0.35565908483238223,0.2879999999999999,0.21799999999999994
1,BR(BM25),0.1333365342026963,0.5487806736809573,0.35914253366107773,0.2799999999999999,0.22199999999999995
2,BR(PL2),0.12696717780098427,0.5347993225869881,0.3471170544318024,0.2759999999999999,0.21199999999999997
3,BR(InL2),0.14186843014382056,0.5487433670595178,0.36769141297441865,0.3039999999999999,0.22799999999999998
4,BR(Hiemstra_LM),0.1965754403712251,0.7607564797784256,0.448740584649236,0.38399999999999984,0.3
