,name,map,recip_rank,ndcg,P_5,P_10
0,BR(TF_IDF),0.13186789184009312,0.531312879055468,0.35167175993016414,0.2879999999999999,0.2119999999999999
1,BR(BM25),0.13246131755965446,0.5438273611610874,0.3549320193466886,0.27599999999999997,0.21199999999999997
2,BR(PL2),0.12354719137363394,0.5210370320448618,0.3427637489007524,0.27599999999999997,0.2039999999999999
3,BR(InL2),0.1404850355487075,0.5539414301045368,0.3639741836074463,0.2999999999999999,0.21599999999999994
4,BR(Hiemstra_LM),0.1978432844792194,0.7508254806618311,0.4467607942735611,0.3919999999999999,0.29999999999999993
