,name,map,recip_rank,ndcg,P_5,P_10
0,BR(TF_IDF),0.13468149682415206,0.5323818021937812,0.3606800912772941,0.2959999999999998,0.21999999999999997
1,BR(BM25),0.13750589712410943,0.5479167091443745,0.36618897857788296,0.2959999999999998,0.22199999999999995
2,BR(PL2),0.12966920896429174,0.5217460082694716,0.352310224073624,0.2879999999999998,0.21399999999999994
3,BR(InL2),0.14528785335116587,0.5653922394273591,0.37571541369930744,0.31599999999999984,0.22799999999999992
4,BR(Hiemstra_LM),0.19993712177939243,0.7628966547363218,0.4529011685130807,0.39999999999999986,0.30399999999999994
