,name,map,recip_rank,ndcg,P_5,P_10
0,BR(TF_IDF),0.12153581161567337,0.5043984340894438,0.3373654615798431,0.264,0.20399999999999996
1,BR(BM25),0.12412845832318573,0.5206055884350431,0.34463404565609496,0.26399999999999996,0.20599999999999993
2,BR(PL2),0.11453501474580202,0.48645834436947055,0.32800210389273166,0.25999999999999995,0.192
3,BR(InL2),0.13209060972242573,0.5416374647697608,0.35324883251023975,0.2879999999999999,0.21799999999999994
4,BR(Hiemstra_LM),0.1963678606385404,0.7740666181608726,0.44704765975818256,0.39599999999999985,0.2919999999999999
