,name,map,recip_rank,ndcg,P_5,P_10
0,BR(TF_IDF),0.13309083321875992,0.542118569660528,0.3544119222468553,0.2879999999999999,0.21399999999999994
1,BR(BM25),0.13336054573587774,0.5412143534679454,0.3569588446356414,0.2799999999999999,0.20999999999999996
2,BR(PL2),0.12430554107533802,0.5224642217517366,0.3431397274523003,0.27599999999999997,0.20799999999999993
3,BR(InL2),0.14146658675421034,0.5598205475755934,0.36489133374380034,0.2999999999999999,0.22199999999999995
4,BR(Hiemstra_LM),0.19716345982392003,0.7602184268004184,0.44666803401903055,0.3879999999999999,0.29799999999999993
