,name,map,recip_rank,ndcg,P_5,P_10
0,BR(TF_IDF),0.14296962787614947,0.5778236319071021,0.37584001228200764,0.2999999999999998,0.23800000000000002
1,BR(BM25),0.14438905460038737,0.5882887334600406,0.378697129017138,0.2959999999999999,0.23399999999999999
2,BR(PL2),0.13582674917466014,0.554147419343913,0.3669333416821218,0.2959999999999998,0.21999999999999997
3,BR(InL2),0.1488074400973016,0.575101001754127,0.3844777974606343,0.31999999999999984,0.24400000000000002
4,BR(Hiemstra_LM),0.20453381701209972,0.7646328448824606,0.46402763296242794,0.39599999999999996,0.30399999999999994
