,name,map,recip_rank,ndcg,P_5,P_10
0,BR(TF_IDF),0.1363574965996291,0.5332051653869389,0.36247240718797147,0.30799999999999983,0.22199999999999992
1,BR(BM25),0.13826008843752777,0.5477139561067852,0.36693908022899335,0.3079999999999999,0.21999999999999992
2,BR(PL2),0.13045959438266524,0.5186736705013019,0.3544251829183247,0.2839999999999998,0.21399999999999994
3,BR(InL2),0.14527644083151028,0.5580295010520655,0.37572910718351304,0.32399999999999984,0.23399999999999999
4,BR(Hiemstra_LM),0.20019861755530216,0.751447455043804,0.45253884949295775,0.39999999999999986,0.29599999999999993
