,name,map,recip_rank,ndcg,P_5,P_10
0,BR(TF_IDF),0.12056537016954719,0.5161850819264486,0.3394897862040336,0.26799999999999996,0.20799999999999993
1,BR(BM25),0.12584736574612346,0.5389561037285159,0.3488076613783329,0.28,0.21199999999999997
2,BR(PL2),0.11415665044988285,0.4965555286028211,0.3272079386091798,0.25999999999999995,0.184
3,BR(InL2),0.13259486003709697,0.5538004768579606,0.3576914200003417,0.3,0.218
4,BR(Hiemstra_LM),0.1958805476179089,0.7650433828946488,0.4472191787170137,0.4159999999999999,0.2879999999999999
