,name,map,recip_rank,ndcg,P_5,P_10
0,BR(TF_IDF),0.13858718257387978,0.5633234937324821,0.36884085297282815,0.3159999999999999,0.22999999999999993
1,BR(BM25),0.1405749654846528,0.5788625573587897,0.3726929248168239,0.3079999999999999,0.2339999999999999
2,BR(PL2),0.13224721942538686,0.5467980105470491,0.35880401032920817,0.28399999999999986,0.21599999999999991
3,BR(InL2),0.14827744695325143,0.5844879335265444,0.3817796512997455,0.3479999999999999,0.24600000000000002
4,BR(Hiemstra_LM),0.20175681340851903,0.7447625064266857,0.4542181597339009,0.4159999999999998,0.2999999999999999
