,name,map,recip_rank,ndcg,P_5,P_10
0,BR(TF_IDF),0.13129634714607546,0.5499506568735868,0.35511314904345825,0.284,0.22199999999999995
1,BR(BM25),0.13230669372285478,0.5655432374513832,0.3577470246074402,0.296,0.2139999999999999
2,BR(PL2),0.12512692541109405,0.5415299114840333,0.34558157713872584,0.26399999999999996,0.20799999999999993
3,BR(InL2),0.14107864877393603,0.5660930586449202,0.36870710849171817,0.3079999999999999,0.22599999999999998
4,BR(Hiemstra_LM),0.19988126535017767,0.7531991066761553,0.4499772018773969,0.4079999999999998,0.29799999999999993
