,name,map,recip_rank,ndcg,P_5,P_10
0,BR(TF_IDF),0.14670252579559676,0.5931012544220348,0.3824934694341103,0.3199999999999998,0.24
1,BR(BM25),0.14722687613394586,0.5950278564885139,0.38420826384560774,0.3159999999999998,0.23599999999999993
2,BR(PL2),0.13973352180132084,0.5801676020242736,0.37264583504131127,0.3079999999999998,0.22999999999999995
3,BR(InL2),0.1568545634428211,0.6032254917284645,0.3949820175795207,0.3599999999999999,0.254
4,BR(Hiemstra_LM),0.21047829225837023,0.7546081116012382,0.46636663909943615,0.4279999999999999,0.308
