,name,map,recip_rank,ndcg,P_5,P_10
0,BR(TF_IDF),0.1338166470160714,0.554718588867157,0.3599195312079667,0.29599999999999993,0.21599999999999997
1,BR(BM25),0.13514547179899464,0.5669116987029388,0.363261345879798,0.29599999999999993,0.22199999999999995
2,BR(PL2),0.1288338529896495,0.5510399169639897,0.3522066464427009,0.2719999999999999,0.20999999999999996
3,BR(InL2),0.14581975197816832,0.5759618784673183,0.37570138011023824,0.31999999999999995,0.23199999999999998
4,BR(Hiemstra_LM),0.19850748832649667,0.750102647728554,0.44968141771395226,0.39599999999999985,0.298
