,name,map,recip_rank,ndcg,P_5,P_10
0,BR(TF_IDF),0.13306132132362555,0.5566881085131066,0.3582786763275908,0.29599999999999993,0.21999999999999997
1,BR(BM25),0.13410663125292316,0.5555276998578936,0.3599028436375983,0.292,0.21399999999999994
2,BR(PL2),0.12628822332781156,0.5364749986834105,0.3467672743845821,0.27199999999999996,0.2059999999999999
3,BR(InL2),0.14303398393744618,0.5870363788647861,0.37140231122657724,0.308,0.22999999999999995
4,BR(Hiemstra_LM),0.19900649541999088,0.7499965298997543,0.4479942607546701,0.40399999999999986,0.29799999999999993
