,name,map,recip_rank,ndcg,P_5,P_10
0,BR(TF_IDF),0.13192955730259792,0.5451083764319394,0.35755435837269933,0.296,0.21799999999999997
1,BR(BM25),0.13367251354717713,0.5597856513577877,0.36096934394820984,0.288,0.21599999999999997
2,BR(PL2),0.12679684294218865,0.5382248697604873,0.34787804278636353,0.26799999999999996,0.20799999999999993
3,BR(InL2),0.14245473369392403,0.5742904673693046,0.3706630499798556,0.308,0.22999999999999995
4,BR(Hiemstra_LM),0.19849186468874255,0.7500613250907713,0.4481336793113075,0.39999999999999986,0.29599999999999993
