,name,map,recip_rank,ndcg,P_5,P_10
0,BR(TF_IDF),0.14478911612003517,0.6024840681493534,0.38259524591636285,0.3039999999999998,0.24600000000000002
1,BR(BM25),0.14595256359284053,0.6126901751786685,0.3848183785463339,0.2999999999999999,0.23999999999999996
2,BR(PL2),0.13657708842374186,0.5768129266233385,0.3711441042241569,0.2999999999999998,0.222
3,BR(InL2),0.15207364687700833,0.6004126726317291,0.3926735540786494,0.33599999999999985,0.25399999999999995
4,BR(Hiemstra_LM),0.20646574621210984,0.7546140842301835,0.46512339757890087,0.4159999999999999,0.30799999999999994
