,name,map,recip_rank,ndcg,P_5,P_10
0,BR(TF_IDF),0.13014277071935645,0.5511017134014665,0.35447390123198985,0.292,0.21799999999999994
1,BR(BM25),0.13109209372129085,0.5676090526678812,0.35740896863498234,0.292,0.21799999999999994
2,BR(PL2),0.12279554654109362,0.5363775921598232,0.34356469555839647,0.25999999999999995,0.2039999999999999
3,BR(InL2),0.14040021836728503,0.5717399486156733,0.36903164871842215,0.31199999999999994,0.23600000000000002
4,BR(Hiemstra_LM),0.19876531851441584,0.7560089517288398,0.4489811815758472,0.4079999999999998,0.29799999999999993
