,name,map,recip_rank,ndcg,P_5,P_10
0,BR(TF_IDF),0.12323570253136028,0.5315126148771263,0.3449992889651216,0.26399999999999996,0.2059999999999999
1,BR(BM25),0.1261764434992801,0.5502970698390898,0.35019351096538726,0.27199999999999996,0.20799999999999996
2,BR(PL2),0.11658158965007454,0.5161953513967764,0.33182248083600185,0.24399999999999994,0.18799999999999997
3,BR(InL2),0.13522722611797636,0.5638947998043183,0.36078508182000296,0.296,0.22599999999999998
4,BR(Hiemstra_LM),0.19868323720972283,0.7643729046279353,0.44891589430010476,0.41199999999999987,0.2919999999999999
