,name,map,recip_rank,ndcg,P_5,P_10
0,BR(TF_IDF),0.14585638747078922,0.5787322593736308,0.3830956431823315,0.3039999999999998,0.24400000000000002
1,BR(BM25),0.1477586732246416,0.5921974236008122,0.38622751816455164,0.3039999999999998,0.242
2,BR(PL2),0.1388079762042655,0.5536642949366658,0.37303280077419637,0.29199999999999987,0.22799999999999998
3,BR(InL2),0.15416383163422942,0.58070060122471,0.3950835231644156,0.34399999999999986,0.258
4,BR(Hiemstra_LM),0.2086861070431042,0.7543964414341775,0.4697526835901744,0.4079999999999998,0.31599999999999995
