,name,map,recip_rank,ndcg,P_5,P_10
0,BR(TF_IDF),0.14641623508006094,0.5966645107543677,0.38158276364091437,0.3159999999999999,0.23600000000000002
1,BR(BM25),0.14800026606404265,0.5949433679751044,0.38400299130505944,0.31199999999999983,0.23799999999999996
2,BR(PL2),0.13806451094366606,0.579496715689785,0.37077391678959093,0.29199999999999987,0.2259999999999999
3,BR(InL2),0.15695126362665815,0.6082153874318122,0.39547731471422864,0.35199999999999987,0.25
4,BR(Hiemstra_LM),0.21056911791922242,0.7447510926484164,0.464109086562109,0.43199999999999994,0.30999999999999994
