,name,map,recip_rank,ndcg,P_5,P_10
0,BR(TF_IDF),0.13868148120907686,0.5723937308550957,0.3688463904990579,0.3119999999999999,0.2279999999999999
1,BR(BM25),0.14042582984079488,0.5821061278538058,0.3722314340608225,0.30799999999999983,0.2339999999999999
2,BR(PL2),0.13188817831206662,0.544339011398089,0.35790948083750274,0.28399999999999986,0.2139999999999999
3,BR(InL2),0.14853939115210524,0.5988712479607183,0.3830088132436365,0.3319999999999998,0.23799999999999996
4,BR(Hiemstra_LM),0.20316763861972054,0.7562385108772776,0.45585643143502586,0.41599999999999987,0.30399999999999994
