,name,map,recip_rank,ndcg,P_5,P_10
0,BR(TF_IDF),0.13243551563641046,0.5509848602552597,0.35593171905735743,0.2879999999999999,0.22199999999999992
1,BR(BM25),0.133288377431851,0.5646572480635413,0.35798858755037466,0.292,0.21799999999999994
2,BR(PL2),0.1261023499009425,0.5440172289194329,0.3458759311058287,0.26799999999999996,0.20799999999999993
3,BR(InL2),0.14179278878963417,0.5657970313998769,0.3685239536059601,0.3079999999999999,0.22999999999999995
4,BR(Hiemstra_LM),0.20060466064662605,0.7482134952545639,0.44925558991128456,0.41199999999999987,0.30199999999999994
