,name,map,recip_rank,ndcg,P_5,P_10
0,BR(TF_IDF),0.13098707981969812,0.5523479153048722,0.35541543019765115,0.292,0.22399999999999992
1,BR(BM25),0.13264769630130677,0.5683899132391278,0.3588595979871066,0.292,0.22199999999999995
2,BR(PL2),0.12362033421550082,0.53851063288573,0.3444978032019879,0.26399999999999996,0.20599999999999993
3,BR(InL2),0.14256400533642016,0.5852382787389274,0.37194455311590074,0.3119999999999999,0.23599999999999993
4,BR(Hiemstra_LM),0.1998297025227055,0.7510239936430415,0.4485592300970705,0.41199999999999987,0.29799999999999993
