,name,map,recip_rank,ndcg,P_5,P_10
0,BR(TF_IDF),0.1407343635630513,0.5892771358682248,0.37104818778787996,0.3079999999999999,0.23199999999999993
1,BR(BM25),0.1419417595652137,0.5830312451637111,0.3723839383824975,0.3079999999999999,0.23599999999999993
2,BR(PL2),0.1337512508554009,0.5610393176786133,0.35979477124267584,0.29199999999999987,0.21999999999999992
3,BR(InL2),0.15016120148384782,0.6026030886907098,0.38338821367376114,0.32399999999999984,0.244
4,BR(Hiemstra_LM),0.20366909057092827,0.7527081837194998,0.4549214906976069,0.41999999999999993,0.30999999999999994
