,name,map,recip_rank,ndcg,P_5,P_10
0,BR(TF_IDF),0.1331147422443445,0.558262530825271,0.3570110971594278,0.292,0.22199999999999995
1,BR(BM25),0.13544014144080735,0.5634699238131888,0.3605854525563259,0.288,0.22199999999999995
2,BR(PL2),0.128614855540785,0.5542569400315354,0.34897542532419173,0.27999999999999997,0.212
3,BR(InL2),0.14400225423587631,0.5749357385285739,0.3710394697093174,0.30399999999999994,0.234
4,BR(Hiemstra_LM),0.2000240755803376,0.7448667671180645,0.4481331391554275,0.4039999999999999,0.30199999999999994
