,name,map,recip_rank,ndcg,P_5,P_10
0,BR(TF_IDF),0.13181105492690975,0.5464655783873372,0.3537081125792998,0.2879999999999999,0.21999999999999992
1,BR(BM25),0.13307978261163686,0.5560796875014821,0.356836864727518,0.288,0.21599999999999994
2,BR(PL2),0.12670391313325893,0.5477214492673613,0.3462395779864464,0.26799999999999996,0.2059999999999999
3,BR(InL2),0.14280813512211163,0.5726628730269264,0.36869018104782625,0.30399999999999994,0.22399999999999995
4,BR(Hiemstra_LM),0.1998437161207384,0.735871112539368,0.4474752837210718,0.4079999999999999,0.29999999999999993
