,name,map,recip_rank,ndcg,P_5,P_10
0,BR(TF_IDF),0.13550202285822815,0.5545767060371971,0.3598533758986852,0.3,0.22799999999999998
1,BR(BM25),0.13714540903307712,0.565276843435122,0.3635206748196404,0.29599999999999993,0.22999999999999995
2,BR(PL2),0.1301279911313455,0.5538103831713671,0.3515934271218304,0.2839999999999999,0.214
3,BR(InL2),0.14714079739432745,0.5885620236100977,0.3760339728697146,0.31199999999999994,0.23600000000000002
4,BR(Hiemstra_LM),0.1999172401195288,0.7448947409985769,0.44893609250837807,0.4039999999999999,0.30399999999999994
