,name,map,recip_rank,ndcg,P_5,P_10
0,BR(TF_IDF),0.14688941508469386,0.5796978407478277,0.3825854503009256,0.3039999999999998,0.24600000000000005
1,BR(BM25),0.14872632704450545,0.5931410228648333,0.3857537325025827,0.2999999999999998,0.25000000000000006
2,BR(PL2),0.13981136412351863,0.5549981320224023,0.3722208754252553,0.2959999999999998,0.23
3,BR(InL2),0.15570076099678995,0.5866460387878025,0.39442123927698075,0.352,0.258
4,BR(Hiemstra_LM),0.2088158127562765,0.7510625788443231,0.4686515644892416,0.4079999999999998,0.31799999999999995
