,name,map,recip_rank,ndcg,P_5,P_10
0,BR(TF_IDF),0.14585401765885347,0.6050456982427899,0.3822770513968279,0.30799999999999983,0.25000000000000006
1,BR(BM25),0.14686650922597827,0.6135967779134607,0.38453150454305723,0.2999999999999998,0.24599999999999997
2,BR(PL2),0.1373957586973138,0.5782819782689824,0.37020161599346063,0.2999999999999998,0.23
3,BR(InL2),0.15329863289400106,0.6063995940325934,0.39176523396987284,0.33599999999999985,0.256
4,BR(Hiemstra_LM),0.20715062904077,0.751284669003016,0.46462340783733524,0.41999999999999993,0.30799999999999994
