,name,map,recip_rank,ndcg,P_5,P_10
0,BR(TF_IDF),0.14777677851462998,0.5954568866053552,0.382105307136515,0.3199999999999998,0.24800000000000005
1,BR(BM25),0.148468316627495,0.595984191787757,0.38400366706489636,0.31599999999999984,0.24399999999999994
2,BR(PL2),0.1412367320023518,0.5816812461287718,0.37288060369243875,0.31199999999999983,0.236
3,BR(InL2),0.15772641667130988,0.6090929863005706,0.3949936461136758,0.35199999999999987,0.25799999999999995
4,BR(Hiemstra_LM),0.21077773706855227,0.752081351669979,0.46526166056116464,0.4279999999999999,0.30999999999999994
