,name,map,recip_rank,ndcg,P_5,P_10
0,BR(TF_IDF),0.12402787442918632,0.5309215351077327,0.344482537645792,0.26399999999999996,0.20799999999999993
1,BR(BM25),0.12850403911524752,0.5572984016800688,0.3523816552597346,0.27599999999999997,0.20999999999999996
2,BR(PL2),0.11730710763102398,0.5183755671116309,0.3320645906787281,0.24799999999999994,0.18999999999999997
3,BR(InL2),0.1364025404081062,0.5707803532102755,0.3619232929781246,0.304,0.228
4,BR(Hiemstra_LM),0.19928997232286336,0.7593824415166265,0.4482774942234662,0.4159999999999999,0.29399999999999993
