,name,map,recip_rank,ndcg,P_5,P_10
0,BR(TF_IDF),0.14743337630451014,0.5976658331567422,0.38095526776982824,0.31199999999999983,0.24200000000000002
1,BR(BM25),0.14925064047245176,0.5949584458459569,0.3831732479804974,0.3079999999999999,0.242
2,BR(PL2),0.13917088021006221,0.5817256268471506,0.3701267608004893,0.2959999999999998,0.22599999999999995
3,BR(InL2),0.15812713197179007,0.6142276518954517,0.39484943871402456,0.35199999999999987,0.254
4,BR(Hiemstra_LM),0.21097808636776416,0.7412254901960784,0.4624895688886974,0.43599999999999994,0.31399999999999995
