,name,map,recip_rank,ndcg,P_5,P_10
0,BR(TF_IDF),0.1397346261786817,0.566247716070424,0.36941107948529056,0.3199999999999999,0.23599999999999993
1,BR(BM25),0.14173383459686345,0.5785164403279733,0.3733353946508102,0.3159999999999999,0.23599999999999993
2,BR(PL2),0.13376276129678313,0.5497752253037109,0.3602628612547939,0.2879999999999998,0.21999999999999992
3,BR(InL2),0.14956082234213386,0.5871544042602348,0.3825855477795074,0.3399999999999998,0.252
4,BR(Hiemstra_LM),0.2023194486432196,0.7412314547168262,0.4532086827241295,0.4199999999999999,0.3059999999999999
