,name,map,recip_rank,ndcg,P_5,P_10
0,BR(TF_IDF),0.14580385189038014,0.5722742361090628,0.3805737654962349,0.31199999999999983,0.256
1,BR(BM25),0.14627328007838936,0.5684328996016667,0.38164717047134106,0.31199999999999983,0.25800000000000006
2,BR(PL2),0.13832819463772678,0.5468189355143633,0.36935178399714985,0.3039999999999998,0.23199999999999998
3,BR(InL2),0.1526379033782632,0.5782809624949428,0.3900385667695507,0.352,0.26
4,BR(Hiemstra_LM),0.20697535812712883,0.7510588413167385,0.4693289093746396,0.41199999999999987,0.31799999999999995
