,name,map,recip_rank,ndcg,P_5,P_10
0,BR(TF_IDF),0.141141937714118,0.565086804391703,0.37195013842927915,0.3159999999999999,0.23799999999999996
1,BR(BM25),0.14264621231232413,0.5790149638502065,0.37608021797052993,0.3079999999999999,0.23599999999999993
2,BR(PL2),0.13514985939476426,0.5569788717788277,0.36312938142208084,0.28799999999999987,0.2259999999999999
3,BR(InL2),0.15241394325621738,0.5967950169136729,0.38714443820376404,0.3399999999999998,0.252
4,BR(Hiemstra_LM),0.20714223751497626,0.7643770253496851,0.46099273059398704,0.41599999999999987,0.3079999999999999
