,name,map,recip_rank,ndcg,P_5,P_10
0,BR(TF_IDF),0.13752981678070494,0.5680843688160995,0.36404593313004313,0.296,0.22399999999999998
1,BR(BM25),0.13835486571011427,0.572811741069587,0.36667660400024815,0.292,0.22599999999999998
2,BR(PL2),0.13166359518651757,0.5659351891827609,0.35521826323698646,0.2879999999999999,0.21599999999999997
3,BR(InL2),0.14815840837897393,0.5975900414519075,0.37802767585739205,0.30399999999999994,0.23200000000000004
4,BR(Hiemstra_LM),0.20423662484859423,0.7692891178982729,0.4560425965043066,0.3999999999999999,0.30599999999999994
