,name,map,recip_rank,ndcg,P_5,P_10
0,BR(TF_IDF),0.13353158715774513,0.5645780936684583,0.3583682728219641,0.2879999999999999,0.222
1,BR(BM25),0.13434434744498,0.5653399913919849,0.36066546211201816,0.288,0.21999999999999992
2,BR(PL2),0.12777804566871884,0.5551470262663355,0.3501556789099663,0.26799999999999996,0.20999999999999994
3,BR(InL2),0.14301122067954775,0.5778420100819929,0.37222931205317805,0.29999999999999993,0.22399999999999998
4,BR(Hiemstra_LM),0.20411346716450957,0.7725904701684765,0.4551622584367423,0.4039999999999999,0.30399999999999994
