,name,map,recip_rank,ndcg,P_5,P_10
0,BR(TF_IDF),0.14703463482093407,0.6033875236145834,0.38403135525145066,0.31199999999999983,0.25
1,BR(BM25),0.14825383624662675,0.6113134119750098,0.3874301645376563,0.3039999999999998,0.252
2,BR(PL2),0.13868004396553724,0.5831399263721553,0.3722777190071989,0.2999999999999998,0.228
3,BR(InL2),0.15419205744815004,0.6031305381236729,0.3933322102905416,0.3279999999999999,0.256
4,BR(Hiemstra_LM),0.21212753902227013,0.7745355470281257,0.4720933234439682,0.4159999999999999,0.30999999999999994
