,name,map,recip_rank,ndcg,P_5,P_10
0,BR(TF_IDF),0.14926811123533154,0.5860941444462474,0.38720802153926004,0.32399999999999984,0.252
1,BR(BM25),0.1506089872707104,0.5984706685128195,0.39089249562328443,0.31999999999999984,0.254
2,BR(PL2),0.1419902589978006,0.5806097248177946,0.37786603814978553,0.3079999999999998,0.24
3,BR(InL2),0.15599764097569996,0.5895107608573141,0.3980653902797952,0.3599999999999999,0.264
4,BR(Hiemstra_LM),0.2128907823141137,0.7625408634401631,0.4780555522521414,0.4079999999999999,0.32799999999999996
