,name,map,recip_rank,ndcg,P_5,P_10
0,BR(TF_IDF),0.12481848289346471,0.5365146569780715,0.3459097764817395,0.27199999999999996,0.2039999999999999
1,BR(BM25),0.12855518683133524,0.551335580244348,0.3532373235943379,0.27199999999999996,0.2119999999999999
2,BR(PL2),0.11824565075686466,0.5195075017877473,0.33361568139862574,0.25199999999999995,0.19399999999999998
3,BR(InL2),0.13649868525501213,0.5716924844950642,0.36286473630402033,0.296,0.222
4,BR(Hiemstra_LM),0.2027223733720841,0.7842718677762369,0.4541499683882079,0.4079999999999999,0.29599999999999993
