,name,map,recip_rank,ndcg,P_5,P_10
0,BR(TF_IDF),0.12303616120472496,0.5305280047652228,0.3433800098566698,0.27599999999999997,0.20999999999999988
1,BR(BM25),0.12885378480648035,0.5559685242083497,0.3547852196044489,0.28400000000000003,0.21399999999999994
2,BR(PL2),0.1165286360935053,0.5097241864522257,0.33154639557066595,0.264,0.19399999999999998
3,BR(InL2),0.1345104384653475,0.5725371626542423,0.36114380856303346,0.292,0.222
4,BR(Hiemstra_LM),0.200896529914407,0.7849131433678107,0.453161517365793,0.4159999999999999,0.29399999999999993
