,name,map,recip_rank,ndcg,P_5,P_10
0,BR(TF_IDF),0.14875475621535628,0.5943976457885549,0.3829279369385631,0.31599999999999984,0.24600000000000002
1,BR(BM25),0.15061163416652268,0.5963095853917771,0.38633174313095764,0.31199999999999983,0.244
2,BR(PL2),0.14076845112007036,0.5868049855052143,0.3726964340706573,0.2959999999999998,0.22999999999999995
3,BR(InL2),0.15930374566272013,0.6095299007687728,0.3971761656975418,0.35199999999999987,0.258
4,BR(Hiemstra_LM),0.2164226045313218,0.7643620143709658,0.47071374892243933,0.43199999999999994,0.31599999999999995
