,name,map,recip_rank,ndcg,P_5,P_10
0,BR(TF_IDF),0.13553528652890276,0.570747170306401,0.3602067524270949,0.292,0.22199999999999995
1,BR(BM25),0.1377008926448591,0.5644834981373413,0.36340884183825134,0.284,0.22
2,BR(PL2),0.12851817374548438,0.5497382861080417,0.3479971532864547,0.28,0.21199999999999997
3,BR(InL2),0.14581197277002533,0.5906754215635186,0.3745523141215626,0.29599999999999993,0.23
4,BR(Hiemstra_LM),0.20444122315236207,0.7694124856925558,0.4541613731040101,0.3999999999999999,0.30399999999999994
