,name,map,recip_rank,ndcg,P_5,P_10
0,BR(TF_IDF),0.13321052794371452,0.5532874074859371,0.35682373242048304,0.2879999999999999,0.22199999999999995
1,BR(BM25),0.13390216375537378,0.5550304301692226,0.358658021291048,0.288,0.21599999999999994
2,BR(PL2),0.12830044006502853,0.5555154525213348,0.3496846179602684,0.26799999999999996,0.20999999999999994
3,BR(InL2),0.14362523322749904,0.5767961941640997,0.37099560786241553,0.3079999999999999,0.22199999999999995
4,BR(Hiemstra_LM),0.20400120542271905,0.7602487005310863,0.4543232202335744,0.4039999999999999,0.30199999999999994
