,name,map,recip_rank,ndcg,P_5,P_10
0,BR(TF_IDF),0.14619005971697718,0.5801619732291364,0.38276019730185296,0.3079999999999999,0.254
1,BR(BM25),0.14775013243921778,0.5829464341668806,0.3856665012331012,0.30799999999999983,0.25200000000000006
2,BR(PL2),0.13979962862313197,0.5785863959334145,0.37395868872501525,0.2959999999999998,0.22999999999999995
3,BR(InL2),0.1552011810914781,0.6087169106528856,0.39608601837134066,0.3439999999999999,0.254
4,BR(Hiemstra_LM),0.21282611404315696,0.7741241052538199,0.4771270187010789,0.42399999999999993,0.33199999999999996
