,name,map,recip_rank,ndcg,P_5,P_10
0,BR(TF_IDF),0.13202755446415293,0.5671677432483885,0.3599046918004389,0.28800000000000003,0.22
1,BR(BM25),0.1336279484525276,0.5685245805286635,0.3630859314633482,0.284,0.21599999999999994
2,BR(PL2),0.12490886586989344,0.5484536947204559,0.3487824655926821,0.26799999999999996,0.20599999999999993
3,BR(InL2),0.14195055744997073,0.5821086261423251,0.3743038496425479,0.30399999999999994,0.22999999999999993
4,BR(Hiemstra_LM),0.20418184085756572,0.7743964036848188,0.4567433306263711,0.4079999999999999,0.30399999999999994
