,name,map,recip_rank,ndcg,P_5,P_10
0,BR(TF_IDF),0.14631601840556727,0.6145975593357007,0.38565110749411446,0.3079999999999999,0.24600000000000005
1,BR(BM25),0.14905414343298562,0.6349888455437896,0.39028168063110513,0.3079999999999999,0.24400000000000002
2,BR(PL2),0.13961248780547048,0.6075545576563649,0.3755935461073051,0.2959999999999998,0.22
3,BR(InL2),0.15541564290138926,0.627536461590395,0.3979503738020567,0.3399999999999999,0.254
4,BR(Hiemstra_LM),0.21340553400117276,0.7753168031440341,0.47384157139897115,0.4279999999999999,0.31599999999999995
