,name,map,recip_rank,ndcg,P_5,P_10
0,BR(TF_IDF),0.13313348263146965,0.5543799372134218,0.3581579637532971,0.284,0.21599999999999997
1,BR(BM25),0.13486464154174369,0.5588410067467136,0.36161751332573977,0.288,0.21599999999999994
2,BR(PL2),0.12776958451715184,0.5516355127239222,0.35034881497961734,0.27199999999999996,0.2079999999999999
3,BR(InL2),0.14364323072821703,0.5790264186412505,0.37398456035188765,0.3119999999999999,0.22199999999999995
4,BR(Hiemstra_LM),0.20446306760926014,0.7609042227580204,0.4554913221561556,0.4039999999999999,0.30199999999999994
