,name,map,recip_rank,ndcg,P_5,P_10
0,BR(TF_IDF),0.15028808586030626,0.6189496683075287,0.38875939894763534,0.31999999999999984,0.24400000000000005
1,BR(BM25),0.15092827370841025,0.6122622890809413,0.3904468634088172,0.31999999999999984,0.24400000000000002
2,BR(PL2),0.14255343185907401,0.6043517657317099,0.3779869626358883,0.2999999999999999,0.22799999999999998
3,BR(InL2),0.15926944094705128,0.6170981809732118,0.3999419605755805,0.35199999999999987,0.26
4,BR(Hiemstra_LM),0.2171577380733989,0.7769730833322166,0.47452755836148525,0.428,0.31999999999999995
