,name,map,recip_rank,ndcg,P_5,P_10
0,BR(TF_IDF),0.12295734597669906,0.5333022614740885,0.3446985079040712,0.272,0.21199999999999997
1,BR(BM25),0.128966212287551,0.5658731055944805,0.3571723264789374,0.28800000000000003,0.21399999999999994
2,BR(PL2),0.1167184807604292,0.5101317901271486,0.33257083420778455,0.256,0.19199999999999995
3,BR(InL2),0.1358359161701735,0.578948841590227,0.3644591706877209,0.3,0.222
4,BR(Hiemstra_LM),0.20182403200423674,0.7848774135719091,0.4552682765617279,0.412,0.2979999999999999
