,name,map,recip_rank,ndcg,P_5,P_10
0,BR(TF_IDF),0.14880871796462153,0.5984864788553383,0.38966175747512316,0.31999999999999984,0.24999999999999997
1,BR(BM25),0.15035273450433562,0.6128938635290265,0.3921363996768809,0.31999999999999984,0.24999999999999997
2,BR(PL2),0.14195868360832148,0.591878963368497,0.3793683521771601,0.2999999999999998,0.236
3,BR(InL2),0.15705537304781958,0.6148677245650357,0.40160909669838446,0.3479999999999998,0.26
4,BR(Hiemstra_LM),0.21393195822361855,0.7656556448338594,0.47934221488448897,0.4199999999999999,0.33
