,name,map,recip_rank,ndcg,P_5,P_10
0,BR(TF_IDF),0.13272845176065556,0.557409110947532,0.3584795718823801,0.284,0.21999999999999997
1,BR(BM25),0.1345007685420111,0.55824441106787,0.3623082202063675,0.288,0.21799999999999994
2,BR(PL2),0.1273631538705278,0.5546313520690427,0.3514074321515248,0.26799999999999996,0.2079999999999999
3,BR(InL2),0.14293578396195503,0.5767887868229643,0.37437879867355717,0.3039999999999999,0.22799999999999998
4,BR(Hiemstra_LM),0.20481489459239316,0.7732379481634152,0.4571488051864532,0.4079999999999999,0.30399999999999994
