,name,map,recip_rank,ndcg,P_5,P_10
0,BR(TF_IDF),0.13869233605785877,0.5710813715601206,0.36692356653103775,0.30399999999999994,0.22200000000000003
1,BR(BM25),0.13921925287860148,0.5810453137800173,0.36975323288534023,0.2919999999999999,0.22599999999999998
2,BR(PL2),0.13267222428035697,0.5783046614276884,0.3581673562812717,0.284,0.212
3,BR(InL2),0.14850380978460329,0.6177020680836274,0.3808133455252217,0.3159999999999999,0.236
4,BR(Hiemstra_LM),0.20473467633526074,0.7697975659817767,0.45759503693498876,0.3999999999999999,0.30599999999999994
