,name,map,recip_rank,ndcg,P_5,P_10
0,BR(TF_IDF),0.1486078692906152,0.6074173458721703,0.3851608318770007,0.31999999999999984,0.242
1,BR(BM25),0.15013648449810238,0.6137876604976625,0.38819937619023936,0.3239999999999999,0.24
2,BR(PL2),0.14166638158409364,0.6041749069440501,0.37630784495617886,0.2959999999999998,0.22199999999999995
3,BR(InL2),0.15828563193328743,0.623583618947539,0.3979062526730328,0.35199999999999987,0.25600000000000006
4,BR(Hiemstra_LM),0.2167627397131476,0.7670308123249301,0.47225147997036016,0.43599999999999994,0.31999999999999995
