,name,map,recip_rank,ndcg,P_5,P_10
0,BR(TF_IDF),0.1365877657330497,0.5787650487930148,0.362642098946146,0.296,0.218
1,BR(BM25),0.13906027986437924,0.581495464817773,0.3675798547396004,0.288,0.22
2,BR(PL2),0.12951666737788656,0.5540338704922172,0.3511872074746957,0.284,0.20999999999999996
3,BR(InL2),0.14609501318200432,0.6085656067887915,0.3776798593256606,0.29999999999999993,0.22599999999999998
4,BR(Hiemstra_LM),0.20520295455553306,0.7700620539861548,0.45596828437320364,0.3999999999999999,0.30199999999999994
