,name,map,recip_rank,ndcg,P_5,P_10
0,BR(TF_IDF),0.14247915043766962,0.578543781719354,0.3750566299239111,0.3159999999999999,0.23999999999999996
1,BR(BM25),0.14330393968233227,0.590697245101967,0.37786671187103116,0.3159999999999999,0.23399999999999999
2,BR(PL2),0.13668077639570123,0.5806197944934106,0.36781015621139806,0.2879999999999999,0.21799999999999994
3,BR(InL2),0.15057795576331143,0.5979796677686694,0.38679518416999914,0.3479999999999999,0.25000000000000006
4,BR(Hiemstra_LM),0.20805185053808517,0.7670456104632903,0.46386375694043447,0.4159999999999999,0.3099999999999999
