,name,map,recip_rank,ndcg,P_5,P_10
0,BR(TF_IDF),0.12521904391967287,0.540001147793052,0.3486578985386631,0.272,0.206
1,BR(BM25),0.1296745974495295,0.5634220632038311,0.3559699208615284,0.272,0.21199999999999997
2,BR(PL2),0.11815786141779051,0.5193717257949165,0.3343987962300929,0.24799999999999994,0.19599999999999998
3,BR(InL2),0.13688222693296803,0.579346338404846,0.36541753099029584,0.296,0.22399999999999998
4,BR(Hiemstra_LM),0.20382613249879308,0.7849202331787717,0.45651460096888824,0.412,0.2999999999999999
