,name,map,recip_rank,ndcg,P_5,P_10
0,BR(TF_IDF),0.1477162589013726,0.5914703600487168,0.38595774761877566,0.2999999999999999,0.24600000000000002
1,BR(BM25),0.1497877002028656,0.6042009845676741,0.3894874905894886,0.3039999999999998,0.24600000000000002
2,BR(PL2),0.14180342844284805,0.5847648153349834,0.37669147824773974,0.28399999999999986,0.22399999999999995
3,BR(InL2),0.15848496536306841,0.6099244390598778,0.39920239910733735,0.344,0.254
4,BR(Hiemstra_LM),0.2148766865291854,0.7741247288463127,0.47717818187949623,0.41599999999999987,0.32599999999999996
