,name,map,recip_rank,ndcg,P_5,P_10
0,BR(TF_IDF),0.13589348127911566,0.5703823287233241,0.36221318388319906,0.29999999999999993,0.218
1,BR(BM25),0.13836254452826593,0.5826607150845166,0.3675131096236526,0.292,0.22
2,BR(PL2),0.1294357948579338,0.5653532058734176,0.35309035300043773,0.27599999999999997,0.20799999999999996
3,BR(InL2),0.14680704211037143,0.6192208698460705,0.37940889920935683,0.30399999999999994,0.22999999999999995
4,BR(Hiemstra_LM),0.20525958341120834,0.7701218531440179,0.4574599669129676,0.3999999999999999,0.30399999999999994
