,name,map,recip_rank,ndcg,P_5,P_10
0,BR(TF_IDF),0.14257219572332494,0.5953972779989479,0.37495029050983303,0.3079999999999999,0.23399999999999996
1,BR(BM25),0.14315429577642982,0.5945746838056147,0.376570491009385,0.31199999999999983,0.23599999999999993
2,BR(PL2),0.13678137148762606,0.5967003094490584,0.3675699429212622,0.2959999999999999,0.21999999999999997
3,BR(InL2),0.15083108606965687,0.6123714940878817,0.3868514455281364,0.32799999999999985,0.24799999999999997
4,BR(Hiemstra_LM),0.20855558130380458,0.7785238309888265,0.46378770549226644,0.4159999999999999,0.31399999999999995
