,name,map,recip_rank,ndcg,P_5,P_10
0,BR(TF_IDF),0.15083818640777605,0.6283032152989102,0.3910088892968271,0.3199999999999999,0.252
1,BR(BM25),0.15311514862813827,0.652458234398188,0.39585756043492665,0.31999999999999984,0.254
2,BR(PL2),0.14347583757047508,0.6228465257812569,0.3805499874459676,0.31199999999999983,0.228
3,BR(InL2),0.15999414489720226,0.6410868483602847,0.40271208864880736,0.3559999999999999,0.26199999999999996
4,BR(Hiemstra_LM),0.21477798296930153,0.7753232807292959,0.4754603606022731,0.428,0.31799999999999995
