,name,map,recip_rank,ndcg,P_5,P_10
0,BR(TF_IDF),0.1463687901598047,0.6173790422693202,0.3801660875298627,0.3159999999999999,0.23799999999999993
1,BR(BM25),0.14658059174078908,0.5974739963936279,0.3811504387504618,0.32799999999999985,0.23999999999999996
2,BR(PL2),0.13990032087986987,0.5989737315261556,0.3706819962423243,0.2999999999999999,0.22199999999999995
3,BR(InL2),0.15462986672271986,0.6164717092040514,0.3918518191102293,0.33599999999999985,0.25199999999999995
4,BR(Hiemstra_LM),0.21070975085903498,0.7785631531958654,0.46574042770430546,0.41999999999999993,0.31999999999999995
