,name,map,recip_rank,ndcg,P_5,P_10
0,BR(TF_IDF),0.12883571882010766,0.5517077203487653,0.3513229803608272,0.284,0.21599999999999997
1,BR(BM25),0.13515438367103116,0.5866958487392515,0.3630475565336652,0.296,0.21399999999999994
2,BR(PL2),0.12126742475669985,0.5302152887998419,0.3386192910884015,0.25999999999999995,0.19399999999999995
3,BR(InL2),0.13920760736632942,0.5881209488037578,0.367118207733928,0.30800000000000005,0.22399999999999998
4,BR(Hiemstra_LM),0.2037378213718442,0.7859979491370612,0.45728511369171415,0.4159999999999999,0.3079999999999999
