,name,map,recip_rank,ndcg,P_5,P_10
0,BR(TF_IDF),0.15474335030028633,0.6345625854383821,0.39339814930981043,0.3239999999999999,0.252
1,BR(BM25),0.15613768481970886,0.6293284922616157,0.39569773928228136,0.32399999999999984,0.256
2,BR(PL2),0.1469442829966958,0.6175297414804312,0.3811259377725851,0.3079999999999999,0.23800000000000002
3,BR(InL2),0.16272131012363933,0.6299103650961901,0.40376495194372025,0.35599999999999987,0.264
4,BR(Hiemstra_LM),0.21854850960158478,0.7769766893723338,0.47677013981570304,0.428,0.32199999999999995
