,name,map,recip_rank,ndcg,P_5,P_10
0,BR(TF_IDF),0.1380787279139264,0.5705306312648597,0.3636450325520019,0.29599999999999993,0.22199999999999995
1,BR(BM25),0.13985080459936616,0.5760077450788238,0.3677463411471122,0.30399999999999994,0.222
2,BR(PL2),0.1322717332784841,0.5690211866378111,0.3558709280323945,0.27599999999999997,0.2079999999999999
3,BR(InL2),0.14813575034242693,0.5921540572273861,0.3798271695408049,0.32399999999999984,0.22799999999999992
4,BR(Hiemstra_LM),0.20727143020281047,0.7742033652098225,0.45999765174110535,0.4079999999999999,0.3159999999999999
