,name,map,recip_rank,ndcg,P_5,P_10
0,BR(TF_IDF),0.14879061317341546,0.5950342411587994,0.3866194209096234,0.3119999999999999,0.252
1,BR(BM25),0.1499549067144266,0.6002191781536722,0.3898890546828094,0.3239999999999999,0.25800000000000006
2,BR(PL2),0.14140168576088558,0.5902886957894027,0.37717969920022554,0.2919999999999998,0.23399999999999999
3,BR(InL2),0.1585194484480102,0.6223313567807663,0.4003586881369975,0.348,0.26
4,BR(Hiemstra_LM),0.21415188440652408,0.7741254874039346,0.47852613667939087,0.424,0.33
