,name,map,recip_rank,ndcg,P_5,P_10
0,BR(TF_IDF),0.14109119532308367,0.5856132573373377,0.36790462309945865,0.30799999999999994,0.22599999999999998
1,BR(BM25),0.1428901745246841,0.5982271470595419,0.37209130532103707,0.30799999999999994,0.22400000000000003
2,BR(PL2),0.13417217942119314,0.5814735058582149,0.3585180201255767,0.2839999999999999,0.21599999999999997
3,BR(InL2),0.15115896077655921,0.6205926759691508,0.3842293842072129,0.3199999999999999,0.23799999999999993
4,BR(Hiemstra_LM),0.20752658007670172,0.7717430879757375,0.45961148146350994,0.4039999999999999,0.31799999999999995
