,name,map,recip_rank,ndcg,P_5,P_10
0,BR(TF_IDF),0.143249754685981,0.5876009413805182,0.37214836416651614,0.3079999999999999,0.228
1,BR(BM25),0.14416130976024244,0.60041952554797,0.37588948066667205,0.30399999999999994,0.23
2,BR(PL2),0.136135648942943,0.5850680083554108,0.36202566862838864,0.2839999999999999,0.21600000000000003
3,BR(InL2),0.15285664864573484,0.6209340882395455,0.3857832296752698,0.3319999999999999,0.24599999999999994
4,BR(Hiemstra_LM),0.20769097758495023,0.7746290521859432,0.4605130586506007,0.4079999999999999,0.32199999999999995
