,name,map,recip_rank,ndcg,P_5,P_10
0,BR(TF_IDF),0.15159040488583153,0.6034828835380306,0.39032621772394777,0.3119999999999999,0.25000000000000006
1,BR(BM25),0.1536405204467982,0.6097587337528924,0.39423506830161825,0.3239999999999999,0.25000000000000006
2,BR(PL2),0.14532766938689617,0.5997654357430197,0.3818436354566056,0.2959999999999998,0.23399999999999999
3,BR(InL2),0.16306462048567608,0.6253916268484727,0.40471465424488606,0.348,0.258
4,BR(Hiemstra_LM),0.2164330771981598,0.7751249752529684,0.4791596682225944,0.4159999999999999,0.32799999999999996
