,name,map,recip_rank,ndcg,P_5,P_10
0,BR(TF_IDF),0.1530945764089423,0.6275139807202866,0.39081039700124864,0.3239999999999999,0.24599999999999997
1,BR(BM25),0.1547409395206083,0.6315519387185572,0.39484392875194857,0.33599999999999997,0.244
2,BR(PL2),0.14605303653144708,0.623079325244026,0.3818784528150271,0.2959999999999998,0.23199999999999996
3,BR(InL2),0.16199337661217628,0.6298457509522412,0.401947707229869,0.35599999999999987,0.262
4,BR(Hiemstra_LM),0.2185547742536833,0.7670711523410525,0.47488662888085775,0.4319999999999999,0.32199999999999995
