,name,map,recip_rank,ndcg,P_5,P_10
0,BR(TF_IDF),0.15104689247094577,0.6120907199364918,0.39288071208608455,0.3159999999999999,0.256
1,BR(BM25),0.1527921733318928,0.6272296865632153,0.39612534274784844,0.31999999999999984,0.262
2,BR(PL2),0.14401896942640896,0.6008800837237722,0.3827768878929882,0.2959999999999998,0.24000000000000005
3,BR(InL2),0.1591370992427465,0.6154546230072366,0.4036760879768999,0.35599999999999987,0.264
4,BR(Hiemstra_LM),0.21494119329738698,0.7623205011415729,0.47992246053853627,0.41999999999999993,0.33
