,name,map,recip_rank,ndcg,P_5,P_10
0,BR(TF_IDF),0.12905612087810256,0.5525271193541351,0.35233317191213553,0.27599999999999997,0.20999999999999994
1,BR(BM25),0.13376210434081473,0.5833209281126661,0.36258320754139456,0.27999999999999997,0.20799999999999985
2,BR(PL2),0.12210087556545134,0.5319934157339624,0.33992752962468414,0.25999999999999995,0.19399999999999995
3,BR(InL2),0.14096385045062287,0.6050714636671607,0.3704998623457916,0.292,0.21999999999999997
4,BR(Hiemstra_LM),0.20427838266412482,0.7759680089114149,0.4580602096178171,0.42399999999999993,0.30999999999999994
