,name,map,recip_rank,ndcg,P_5,P_10
0,BR(TF_IDF),0.15140573437786117,0.6107605298045964,0.3945168034326215,0.3159999999999999,0.24399999999999994
1,BR(BM25),0.1525561390801245,0.6255340035036047,0.3972001978999637,0.3159999999999999,0.256
2,BR(PL2),0.143785230293447,0.5899280871990407,0.3838628106739291,0.3039999999999998,0.236
3,BR(InL2),0.15875042732125866,0.6135727873070441,0.40501653868271253,0.34399999999999986,0.252
4,BR(Hiemstra_LM),0.2166718001539653,0.7623228790790172,0.4820311059223827,0.428,0.33199999999999996
