,name,map,recip_rank,ndcg,P_5,P_10
0,BR(TF_IDF),0.14642029998617093,0.6113717996554616,0.38087233366664175,0.30799999999999983,0.23399999999999996
1,BR(BM25),0.1481022347786753,0.6106585575782166,0.3837497704327958,0.32399999999999984,0.23799999999999993
2,BR(PL2),0.14064131895166937,0.6086967752189267,0.37281140286968445,0.29199999999999987,0.21799999999999994
3,BR(InL2),0.15515107072967116,0.6284581248448784,0.3932646604121335,0.32799999999999985,0.24799999999999997
4,BR(Hiemstra_LM),0.21149741791967053,0.7685559451901244,0.4680847805797812,0.436,0.32799999999999996
