,name,map,recip_rank,ndcg,P_5,P_10
0,BR(TF_IDF),0.15452208309624246,0.6337061460670148,0.3946986264239595,0.31999999999999984,0.248
1,BR(BM25),0.15504558227660692,0.6287724735219014,0.3961387626733444,0.3159999999999999,0.254
2,BR(PL2),0.147298113079333,0.6236847426649983,0.38382714906740195,0.2999999999999998,0.23599999999999993
3,BR(InL2),0.16412028529170086,0.6298494812318113,0.40686860951230164,0.3439999999999999,0.266
4,BR(Hiemstra_LM),0.2198166771888903,0.7769682804978407,0.4788150081663197,0.436,0.3299999999999999
