,name,map,recip_rank,ndcg,P_5,P_10
0,BR(TF_IDF),0.13813820656667997,0.5833937520182538,0.3674651727836209,0.2879999999999999,0.222
1,BR(BM25),0.13948340077161162,0.5879271553762215,0.37059455721444484,0.2999999999999999,0.21999999999999997
2,BR(PL2),0.13049590131240202,0.5765239186012657,0.35609781208754127,0.27199999999999996,0.20799999999999993
3,BR(InL2),0.14860512929218042,0.6167344298140445,0.3829866024568433,0.31199999999999983,0.22799999999999992
4,BR(Hiemstra_LM),0.2070174677742206,0.765322640475798,0.46022444528120543,0.41599999999999987,0.31399999999999995
