,name,map,recip_rank,ndcg,P_5,P_10
0,BR(TF_IDF),0.1307172140766219,0.560980439891985,0.3555134444597077,0.2639999999999999,0.20799999999999993
1,BR(BM25),0.13368162759249633,0.5795456114967176,0.3618475827753198,0.27599999999999997,0.21799999999999997
2,BR(PL2),0.12433374620741099,0.5522483453510422,0.3450305082342521,0.25599999999999995,0.19599999999999995
3,BR(InL2),0.1423002753568267,0.6048769983293978,0.37334633495062347,0.2839999999999999,0.21999999999999997
4,BR(Hiemstra_LM),0.2063415644123663,0.7753402726520647,0.4591716957739,0.41999999999999993,0.31399999999999995
