,name,map,recip_rank,ndcg,P_5,P_10
0,BR(TF_IDF),0.14382619172288447,0.5960936722480069,0.3744449074460507,0.2999999999999999,0.22599999999999998
1,BR(BM25),0.14520901902102903,0.6077235067207881,0.378316469842504,0.3039999999999999,0.22999999999999995
2,BR(PL2),0.13659371689331304,0.5917304514258249,0.364661679719977,0.2839999999999999,0.21799999999999997
3,BR(InL2),0.15453122087390608,0.6342325756084315,0.3891063926873057,0.31999999999999984,0.236
4,BR(Hiemstra_LM),0.2082480172742799,0.7651001283667784,0.4618152822602714,0.4159999999999999,0.324
