,name,map,recip_rank,ndcg,P_5,P_10
0,BR(TF_IDF),0.15259167172550586,0.6260032774345183,0.39125716497365864,0.31199999999999983,0.244
1,BR(BM25),0.1554925247746616,0.6304198002552789,0.39551929426164456,0.31199999999999983,0.242
2,BR(PL2),0.14588496564009515,0.6227495125011048,0.3817306228275676,0.2879999999999998,0.22399999999999992
3,BR(InL2),0.1625542999653731,0.6313404023225452,0.40443229240268563,0.3439999999999999,0.25800000000000006
4,BR(Hiemstra_LM),0.21855129962040704,0.7570569887312395,0.47547324544890207,0.44800000000000006,0.32799999999999996
