,name,map,recip_rank,ndcg,P_5,P_10
0,BR(TF_IDF),0.15218501558986172,0.6129324596301112,0.3925940144815369,0.3119999999999999,0.23999999999999996
1,BR(BM25),0.15319137531721091,0.6178470847673557,0.3944281414240226,0.3079999999999999,0.248
2,BR(PL2),0.14564664510434105,0.6091070482437514,0.383517724858576,0.2879999999999998,0.22599999999999998
3,BR(InL2),0.1624810390610376,0.6336566157101643,0.40720922189824066,0.3279999999999999,0.256
4,BR(Hiemstra_LM),0.21744800956666707,0.7751243984706013,0.48135037967374694,0.428,0.3299999999999999
