,name,map,recip_rank,ndcg,P_5,P_10
0,BR(TF_IDF),0.1501245487221257,0.6354725739686794,0.391126449012379,0.3119999999999999,0.242
1,BR(BM25),0.15176900612830205,0.639195932285958,0.3939052652624912,0.3079999999999999,0.252
2,BR(PL2),0.14326622965579028,0.6322913548653728,0.381256072742065,0.2959999999999998,0.222
3,BR(InL2),0.16119002317827774,0.6506441251574447,0.4056444516019642,0.3399999999999999,0.25999999999999995
4,BR(Hiemstra_LM),0.21624544898432338,0.7753307899736471,0.4777170827146723,0.436,0.32599999999999996
