,name,map,recip_rank,ndcg,P_5,P_10
0,BR(TF_IDF),0.13972389781697928,0.5818736569636591,0.36800896884838485,0.29199999999999987,0.21999999999999997
1,BR(BM25),0.14072296586708424,0.5882797494279416,0.3709967579483297,0.2999999999999999,0.21799999999999994
2,BR(PL2),0.13269444156869295,0.577254913826224,0.35755550147182436,0.27199999999999996,0.21599999999999991
3,BR(InL2),0.14883626357371477,0.6022441708082509,0.3815505552765793,0.30799999999999983,0.22799999999999998
4,BR(Hiemstra_LM),0.2079926053661528,0.7642055806091473,0.46091522034315413,0.41599999999999987,0.31999999999999995
