,name,map,recip_rank,ndcg,P_5,P_10
0,BR(TF_IDF),0.1293355956783605,0.5493675449274489,0.35302901051573976,0.2639999999999999,0.20799999999999993
1,BR(BM25),0.13286578448317318,0.5715607066362376,0.36029024809232185,0.27199999999999996,0.21399999999999994
2,BR(PL2),0.12351095182061061,0.5395480578694795,0.34216047366613495,0.25199999999999995,0.19399999999999995
3,BR(InL2),0.14246749668898928,0.6035381424904173,0.37286029164056017,0.284,0.22199999999999995
4,BR(Hiemstra_LM),0.20668096639908964,0.7760138611419803,0.4603531935629705,0.42399999999999993,0.31599999999999995
