,name,map,recip_rank,ndcg,P_5,P_10
0,BR(TF_IDF),0.14257401734078662,0.5982426300463961,0.3724488952394885,0.3039999999999999,0.22399999999999995
1,BR(BM25),0.14411168080013315,0.608915322958664,0.3755923126453522,0.3039999999999999,0.22599999999999995
2,BR(PL2),0.13465941314708568,0.5883364648871791,0.36074409457026635,0.2759999999999999,0.2139999999999999
3,BR(InL2),0.15289165753172576,0.6309951953618651,0.38783530229079793,0.31199999999999983,0.23199999999999996
4,BR(Hiemstra_LM),0.20800492090089548,0.7650710232662422,0.4600864846968271,0.41199999999999987,0.31999999999999995
