,name,map,recip_rank,ndcg,P_5,P_10
0,BR(TF_IDF),0.14359342433075506,0.6027749877298071,0.37961882021791366,0.29599999999999993,0.242
1,BR(BM25),0.14487513314155237,0.6063798030770277,0.38230350394619705,0.3079999999999999,0.23999999999999996
2,BR(PL2),0.1370033213286521,0.5959635862597379,0.36855400149130896,0.27999999999999997,0.22399999999999995
3,BR(InL2),0.15401367029174293,0.6295132532251176,0.3939259712044937,0.32799999999999985,0.24999999999999997
4,BR(Hiemstra_LM),0.21264747913796817,0.7758071344919172,0.4681102213583715,0.4319999999999999,0.31599999999999995
