,name,map,recip_rank,ndcg,P_5,P_10
0,BR(TF_IDF),0.1362633756014331,0.5691885000963949,0.36656331818063687,0.26799999999999996,0.2279999999999999
1,BR(BM25),0.13905836068374292,0.5844532884532885,0.3721837902371526,0.27599999999999997,0.23399999999999999
2,BR(PL2),0.12987197536710815,0.5591456315551,0.35403573597069626,0.25999999999999995,0.20999999999999994
3,BR(InL2),0.1491474362966775,0.6235639209767774,0.38561352924721537,0.30799999999999994,0.236
4,BR(Hiemstra_LM),0.2120690781197597,0.7848462860398171,0.46720372696050494,0.43599999999999994,0.31599999999999995
