,name,map,recip_rank,ndcg,P_5,P_10
0,BR(TF_IDF),0.15779776366677506,0.6411151464838586,0.40350753755958474,0.3279999999999999,0.25600000000000006
1,BR(BM25),0.15958575052433574,0.6526542310863739,0.405952988182073,0.3279999999999999,0.254
2,BR(PL2),0.1499430520881816,0.6362278555817027,0.3933119026282062,0.3079999999999999,0.236
3,BR(InL2),0.16596250090439255,0.6509964833188588,0.4153458458486044,0.34399999999999986,0.27
4,BR(Hiemstra_LM),0.21991230938403142,0.7730094607171776,0.4812997897570441,0.444,0.32199999999999995
