,name,map,recip_rank,ndcg,P_5,P_10
0,BR(TF_IDF),0.15298108404808455,0.6330728274994546,0.3944540732151323,0.3159999999999999,0.2559999999999999
1,BR(BM25),0.1543245052988266,0.6404858770272813,0.39700278657699073,0.32399999999999984,0.2599999999999999
2,BR(PL2),0.1477105226035159,0.6217159349623003,0.3857288306432071,0.3079999999999999,0.2419999999999999
3,BR(InL2),0.1625540897676462,0.6560006428155244,0.40804448395883486,0.34399999999999975,0.26599999999999996
4,BR(Hiemstra_LM),0.21828973379523814,0.7844473195061848,0.4761932080439095,0.44,0.31799999999999995
