,name,map,recip_rank,ndcg,P_5,P_10
0,BR(TF_IDF),0.16124661230173834,0.6509138147811258,0.4072026002806413,0.3279999999999999,0.26199999999999996
1,BR(BM25),0.16264295245379123,0.6637056544087595,0.40896399714348625,0.3199999999999999,0.256
2,BR(PL2),0.15349108663317937,0.6327363608870872,0.3946007171719385,0.3039999999999998,0.23999999999999996
3,BR(InL2),0.16817082766106586,0.6307689937263076,0.41501961061155973,0.3479999999999999,0.272
4,BR(Hiemstra_LM),0.22334352167912905,0.7729975813039054,0.4822357854060039,0.444,0.32599999999999996
