,name,map,recip_rank,ndcg,P_5,P_10
0,BR(TF_IDF),0.15404241878336267,0.6415935039602512,0.3970634938406949,0.3119999999999999,0.26599999999999996
1,BR(BM25),0.1545408481091757,0.6445820704314253,0.39822113667887066,0.3159999999999999,0.25999999999999995
2,BR(PL2),0.1479050647742498,0.6243966803893275,0.3865881688505148,0.2999999999999999,0.2419999999999999
3,BR(InL2),0.1597920620916492,0.6353427502579979,0.4055190007378668,0.33999999999999986,0.26799999999999996
4,BR(Hiemstra_LM),0.2159482861784226,0.7629641202900692,0.4737778715039689,0.43999999999999995,0.31599999999999995
