,name,map,recip_rank,ndcg,P_5,P_10
0,BR(TF_IDF),0.14850337872108058,0.6278559938667351,0.3837632176788937,0.3119999999999999,0.24599999999999994
1,BR(BM25),0.14945508449028455,0.6303874201383818,0.38504263366479435,0.3079999999999999,0.24799999999999997
2,BR(PL2),0.1422513572638449,0.6089161157896285,0.3735159835410266,0.2919999999999999,0.23199999999999993
3,BR(InL2),0.15801640497640604,0.6417105003341296,0.39761846865320116,0.3319999999999998,0.24599999999999997
4,BR(Hiemstra_LM),0.21473531430261592,0.7848549287250205,0.46953607952845205,0.41999999999999993,0.316
