,name,map,recip_rank,ndcg,P_5,P_10
0,BR(TF_IDF),0.1475194276152318,0.6156760255568305,0.3824432344822138,0.3079999999999999,0.24599999999999994
1,BR(BM25),0.14903571510087082,0.6175978777475902,0.3846044362641657,0.3119999999999999,0.25199999999999995
2,BR(PL2),0.14150161645671996,0.6085203081069954,0.37245045362867346,0.2879999999999999,0.2339999999999999
3,BR(InL2),0.15753433469487596,0.6486443353779913,0.39771225141332556,0.32799999999999985,0.24799999999999997
4,BR(Hiemstra_LM),0.21459354979684364,0.7749113348774793,0.4690359798264319,0.41999999999999993,0.312
