,name,map,recip_rank,ndcg,P_5,P_10
0,BR(TF_IDF),0.14651663566958428,0.6115170590503408,0.380704665182832,0.29599999999999993,0.24199999999999997
1,BR(BM25),0.1474907601268632,0.6173027561198837,0.38202555146196937,0.3039999999999999,0.23999999999999996
2,BR(PL2),0.14008346423648046,0.5986517016715696,0.3696315456656013,0.2879999999999999,0.22999999999999993
3,BR(InL2),0.1569731730775375,0.6353705383873859,0.39468193606578794,0.3319999999999998,0.24600000000000002
4,BR(Hiemstra_LM),0.21343789959454046,0.765707025581455,0.467437668447515,0.42399999999999993,0.31399999999999995
