,name,map,recip_rank,ndcg,P_5,P_10
0,BR(TF_IDF),0.14912065296671206,0.6182219863276456,0.3854379005324202,0.3119999999999999,0.24999999999999997
1,BR(BM25),0.1499198405600488,0.6156291534471513,0.3875390415140545,0.3119999999999999,0.25799999999999995
2,BR(PL2),0.1438423218407264,0.6109865317358804,0.37674359692330806,0.29599999999999993,0.23399999999999999
3,BR(InL2),0.1604154520387052,0.6522496456945914,0.4009396086010292,0.3359999999999998,0.25999999999999995
4,BR(Hiemstra_LM),0.2148126463420746,0.774923550620919,0.4706590348237173,0.428,0.318
