,name,map,recip_rank,ndcg,P_5,P_10
0,BR(TF_IDF),0.1602715646161582,0.6551345257764073,0.4063249566727758,0.3199999999999999,0.264
1,BR(BM25),0.16115459505521482,0.6679151993100182,0.40805985888180446,0.3239999999999999,0.262
2,BR(PL2),0.15280386449857672,0.6262811252474442,0.3939540244337042,0.3079999999999999,0.24799999999999997
3,BR(InL2),0.16818367181147725,0.6467081011096966,0.4160486012334127,0.35599999999999987,0.27599999999999997
4,BR(Hiemstra_LM),0.22313387886298194,0.7629516428192897,0.48063107740843597,0.44800000000000006,0.324
