,name,map,recip_rank,ndcg,P_5,P_10
0,BR(TF_IDF),0.13609957296504854,0.5721180857075591,0.3664375633154057,0.2719999999999999,0.22799999999999992
1,BR(BM25),0.13995928448601358,0.598319867433075,0.37433838598656954,0.2879999999999999,0.23399999999999999
2,BR(PL2),0.1307509342297082,0.5716164542285691,0.3566656670296482,0.2719999999999999,0.2119999999999999
3,BR(InL2),0.14912777920384723,0.6268325930716139,0.38649686342970724,0.30799999999999994,0.23399999999999999
4,BR(Hiemstra_LM),0.21193877095641156,0.7848357212935667,0.46667925017624823,0.43199999999999994,0.31599999999999995
