,name,map,recip_rank,ndcg,P_5,P_10
0,BR(TF_IDF),0.1584209476780978,0.6281889875902296,0.40464201323937343,0.3199999999999999,0.252
1,BR(BM25),0.1602325373349176,0.6332123360033807,0.40674761292275485,0.3279999999999999,0.256
2,BR(PL2),0.15200423419419434,0.6221434872179937,0.39604414457259,0.30799999999999983,0.24
3,BR(InL2),0.16742740423244779,0.6246097288907073,0.41600791252842656,0.34399999999999986,0.272
4,BR(Hiemstra_LM),0.22045421994747616,0.7694695406927761,0.48444306333512754,0.43199999999999994,0.326
