,name,map,recip_rank,ndcg,P_5,P_10
0,BR(TF_IDF),0.15688218557803033,0.6453201798681557,0.4026932294547485,0.31199999999999994,0.2719999999999999
1,BR(BM25),0.1571232163081328,0.648692162680412,0.40371950190457667,0.31999999999999995,0.2659999999999999
2,BR(PL2),0.1498581061208817,0.6151315543455771,0.3914326711474528,0.3079999999999999,0.24799999999999994
3,BR(InL2),0.16311786781382806,0.6452658603636101,0.4103640855878959,0.3399999999999998,0.27399999999999997
4,BR(Hiemstra_LM),0.21974865189833664,0.7612968809399179,0.48001096811463845,0.43199999999999994,0.326
