,name,map,recip_rank,ndcg,P_5,P_10
0,BR(TF_IDF),0.15754667610639167,0.6342358989050164,0.4075841103924756,0.3199999999999999,0.26
1,BR(BM25),0.15871659494141657,0.6397488629720379,0.4092337397620056,0.31999999999999995,0.266
2,BR(PL2),0.1485251520322746,0.6090832987686053,0.3948752688873059,0.3159999999999999,0.254
3,BR(InL2),0.16569487468262634,0.6212792539105677,0.4171800807353076,0.35999999999999976,0.276
4,BR(Hiemstra_LM),0.22066832454429655,0.7578063497651598,0.48707037555373917,0.43200000000000005,0.342
