,name,map,recip_rank,ndcg,P_5,P_10
0,BR(TF_IDF),0.14488596758967154,0.6112481777481777,0.3821449055894142,0.2919999999999999,0.23999999999999996
1,BR(BM25),0.14741052293897988,0.6158750289384326,0.3862729865913096,0.30399999999999994,0.242
2,BR(PL2),0.1384694290111366,0.5926944918299312,0.3714341045971585,0.27599999999999997,0.222
3,BR(InL2),0.1568100449083299,0.6473575715098988,0.3982959819059804,0.3159999999999999,0.25
4,BR(Hiemstra_LM),0.21381504773664026,0.7597416792308238,0.4707480292573431,0.428,0.31799999999999995
