,name,map,recip_rank,ndcg,P_5,P_10
0,BR(TF_IDF),0.13862295093996593,0.5899132885708093,0.3704928725668621,0.2719999999999999,0.22399999999999992
1,BR(BM25),0.14165284873711614,0.6071867178646839,0.3775096222894362,0.288,0.22799999999999992
2,BR(PL2),0.13169675064480285,0.569804596663671,0.35941353360429895,0.2639999999999999,0.20599999999999993
3,BR(InL2),0.15056709487529918,0.6344580648751996,0.389491749105426,0.2919999999999999,0.236
4,BR(Hiemstra_LM),0.21281188309699842,0.7620910770968286,0.46921495014936077,0.428,0.31599999999999995
