,name,map,recip_rank,ndcg,P_5,P_10
0,BR(TF_IDF),0.14760085416820629,0.6103793914403763,0.38368886730442503,0.292,0.23599999999999993
1,BR(BM25),0.14871394420066,0.616534801424779,0.3864592196954132,0.3079999999999999,0.23800000000000002
2,BR(PL2),0.1415579552589616,0.6075814321450848,0.37401071543690295,0.27999999999999997,0.23199999999999996
3,BR(InL2),0.15803151219288128,0.6327517728327973,0.3970397900395743,0.3239999999999999,0.24600000000000002
4,BR(Hiemstra_LM),0.21411179868958755,0.7606901693817504,0.4706146634994442,0.4159999999999999,0.31599999999999995
