,name,map,recip_rank,ndcg,P_5,P_10
0,BR(TF_IDF),0.14763779468529814,0.6110931106666092,0.38456234969542025,0.2919999999999999,0.24399999999999994
1,BR(BM25),0.1489816072003254,0.6153813606495057,0.38740814459181855,0.30399999999999994,0.244
2,BR(PL2),0.1405013500010257,0.59511904390151,0.37326844808690446,0.27599999999999997,0.22799999999999998
3,BR(InL2),0.1561819650607716,0.6308480405054463,0.3960732861659252,0.3119999999999999,0.25
4,BR(Hiemstra_LM),0.21446254557624292,0.760212784138997,0.47125041947104507,0.42399999999999993,0.31799999999999995
