,name,map,recip_rank,ndcg,P_5,P_10
0,BR(TF_IDF),0.16060167141919898,0.6621356340306215,0.41089037004206114,0.3319999999999999,0.26199999999999996
1,BR(BM25),0.1623359190444665,0.6672330658246066,0.41314099225813744,0.33199999999999996,0.266
2,BR(PL2),0.15179781670646786,0.6506492142794778,0.3988407265461204,0.3119999999999999,0.25
3,BR(InL2),0.1690404809785876,0.6451232964467721,0.42126758436921397,0.3479999999999999,0.28
4,BR(Hiemstra_LM),0.22358668615058538,0.7629921381232857,0.4872970548164682,0.44,0.336
