,name,map,recip_rank,ndcg,P_5,P_10
0,BR(TF_IDF),0.1366075123344839,0.5822352635537141,0.3684130557975475,0.27199999999999996,0.2279999999999999
1,BR(BM25),0.1412136097066907,0.6018434328043785,0.37819897675031156,0.292,0.22799999999999992
2,BR(PL2),0.13023183315274017,0.5603945768380197,0.3575584128795303,0.2719999999999999,0.20999999999999994
3,BR(InL2),0.14833632267813818,0.6156690219104013,0.38531862640014936,0.312,0.23999999999999996
4,BR(Hiemstra_LM),0.20957410103635746,0.7616164297624971,0.46666161774474263,0.42399999999999993,0.30999999999999994
