,name,map,recip_rank,ndcg,P_5,P_10
0,BR(TF_IDF),0.1504894530793048,0.6282971299677542,0.38902489085811504,0.304,0.25199999999999995
1,BR(BM25),0.151491136065039,0.6218823184058786,0.39088773791466763,0.3119999999999999,0.25999999999999995
2,BR(PL2),0.1444764041706427,0.6098725752897789,0.37906729641151216,0.296,0.23799999999999993
3,BR(InL2),0.1601502982863501,0.6518600056318626,0.40200297930039414,0.3239999999999999,0.26
4,BR(Hiemstra_LM),0.21436492732687662,0.752541486911972,0.4721589484290497,0.41600000000000004,0.32000000000000006
