,name,map,recip_rank,ndcg,P_5,P_10
0,BR(TF_IDF),0.16102283211221785,0.6415679381692964,0.4115633907083144,0.33999999999999986,0.268
1,BR(BM25),0.16284383699680607,0.6580606533088548,0.41452126744936374,0.3399999999999999,0.27199999999999996
2,BR(PL2),0.15050085823890555,0.6044699161863979,0.3976340765287714,0.32399999999999984,0.25799999999999995
3,BR(InL2),0.16869314071625308,0.625136242554847,0.4219542089015518,0.37199999999999983,0.28600000000000003
4,BR(Hiemstra_LM),0.222458872081531,0.7483394993830439,0.4887535246025868,0.436,0.342
