,name,map,recip_rank,ndcg,P_5,P_10
0,BR(TF_IDF),0.13868132485172655,0.5883994523084989,0.3703626098240205,0.26799999999999996,0.2279999999999999
1,BR(BM25),0.1417799285330649,0.606626206067256,0.37895733804200055,0.27999999999999997,0.23199999999999998
2,BR(PL2),0.1319357114382093,0.5684369080500659,0.3594824495477287,0.2679999999999999,0.20799999999999993
3,BR(InL2),0.15073119456786988,0.6321101951720596,0.38999399376452126,0.29599999999999993,0.23800000000000002
4,BR(Hiemstra_LM),0.21260889891162,0.7625712101443064,0.46893505748211584,0.428,0.31799999999999995
