,name,map,recip_rank,ndcg,P_5,P_10
0,BR(TF_IDF),0.14916148235741777,0.6227008821410734,0.38668217163162394,0.30799999999999994,0.24599999999999994
1,BR(BM25),0.1503464354617844,0.6296091633569961,0.38893892270706715,0.31199999999999994,0.24799999999999997
2,BR(PL2),0.1434086220681289,0.6183854890569002,0.3762503247232062,0.288,0.2339999999999999
3,BR(InL2),0.15853127783594742,0.6363238987996236,0.399812933356923,0.32399999999999984,0.24799999999999997
4,BR(Hiemstra_LM),0.21474688422322713,0.76270032204653,0.47103235189628967,0.4159999999999999,0.32
