,name,map,recip_rank,ndcg,P_5,P_10
0,BR(TF_IDF),0.16062845816648047,0.6420355503839552,0.4107357089550139,0.3279999999999999,0.264
1,BR(BM25),0.16126938735888569,0.6463584997883111,0.4119416727633315,0.31999999999999995,0.272
2,BR(PL2),0.15224928981424424,0.6208973979605452,0.3987610776730427,0.31199999999999983,0.252
3,BR(InL2),0.1696839615470536,0.6276615391218023,0.42186454919170463,0.3479999999999999,0.278
4,BR(Hiemstra_LM),0.2235813780395694,0.7594667180009851,0.4889491154781161,0.424,0.3400000000000001
