,name,map,recip_rank,ndcg,P_5,P_10
0,BR(TF_IDF),0.14864521666449834,0.6184073080640736,0.38597005544110985,0.308,0.24999999999999992
1,BR(BM25),0.149613766621289,0.619712962032596,0.3878540363104145,0.3119999999999999,0.24999999999999997
2,BR(PL2),0.1424538937476021,0.612211247114391,0.3755870824853625,0.292,0.2339999999999999
3,BR(InL2),0.15854765658933334,0.6482526309869765,0.40015674941532675,0.3199999999999999,0.25199999999999995
4,BR(Hiemstra_LM),0.2143881263952629,0.7527515975078988,0.4704587473822269,0.412,0.316
