,name,map,recip_rank,ndcg,P_5,P_10
0,BR(TF_IDF),0.1565769406779351,0.6564206151614269,0.4015497021885799,0.3359999999999998,0.25199999999999995
1,BR(BM25),0.15753221743644605,0.6499814562006992,0.4033841120232599,0.3319999999999998,0.2539999999999999
2,BR(PL2),0.14867507586964868,0.6267877282558443,0.3900985305777453,0.32799999999999985,0.2419999999999999
3,BR(InL2),0.16672907988341337,0.6773862783894425,0.4161047333253767,0.34399999999999986,0.26799999999999996
4,BR(Hiemstra_LM),0.21922822968524666,0.75445260483635,0.4760434302413271,0.44000000000000006,0.32199999999999995
