,name,map,recip_rank,ndcg,P_5,P_10
0,BR(TF_IDF),0.15958368432106423,0.6648087905573875,0.41092948792089723,0.33999999999999986,0.26399999999999996
1,BR(BM25),0.16103953193279166,0.6703763414686392,0.4128480108930808,0.33599999999999985,0.268
2,BR(PL2),0.15205056381950668,0.6510834894909202,0.39970530079145744,0.31999999999999984,0.23799999999999996
3,BR(InL2),0.16951952212316204,0.6626647517378988,0.42167694086069724,0.3559999999999998,0.278
4,BR(Hiemstra_LM),0.22498559714986655,0.7629966283052408,0.4870897288807807,0.444,0.33
