,name,map,recip_rank,ndcg,P_5,P_10
0,BR(TF_IDF),0.1564534341394439,0.6525267153148927,0.4039736718656448,0.3399999999999998,0.25599999999999995
1,BR(BM25),0.15800131281660101,0.6560471187185799,0.40619966866862056,0.3399999999999998,0.25599999999999995
2,BR(PL2),0.1496831672735723,0.6223574855595532,0.3928378917155483,0.32799999999999985,0.24599999999999994
3,BR(InL2),0.16534025460885743,0.6511755786946872,0.4144760540416375,0.3559999999999997,0.27399999999999997
4,BR(Hiemstra_LM),0.2203334306676813,0.7529726402924584,0.4781908975183098,0.44,0.324
