,name,map,recip_rank,ndcg,P_5,P_10
0,BR(TF_IDF),0.1617120735719974,0.6622792805972008,0.4119484965388883,0.3479999999999998,0.26399999999999996
1,BR(BM25),0.163601512476322,0.6674799133931505,0.4139981087621777,0.3479999999999998,0.25999999999999995
2,BR(PL2),0.15435184286441292,0.6403381959455916,0.4002992274001958,0.3359999999999998,0.24999999999999997
3,BR(InL2),0.17181687533700543,0.6641677351851081,0.42287989177177726,0.37199999999999983,0.28200000000000003
4,BR(Hiemstra_LM),0.22732129759226027,0.7512947396615774,0.4850430940238077,0.444,0.326
