,name,map,recip_rank,ndcg,P_5,P_10
0,BR(TF_IDF),0.1579646611793471,0.6356436368293427,0.40946119418623594,0.3319999999999999,0.262
1,BR(BM25),0.15851500592038184,0.6379334966502532,0.4103381080429581,0.3319999999999999,0.25999999999999995
2,BR(PL2),0.149098627106649,0.607780128348686,0.3965882320231558,0.31599999999999984,0.25
3,BR(InL2),0.16545251804017433,0.6368780283678234,0.41836075018886903,0.3559999999999998,0.272
4,BR(Hiemstra_LM),0.22328090860636432,0.7611455038308024,0.4883908482540155,0.436,0.336
