,name,map,recip_rank,ndcg,P_5,P_10
0,BR(TF_IDF),0.13680186667332242,0.5788190434738378,0.3692070900424351,0.288,0.22599999999999995
1,BR(BM25),0.142782486640368,0.612244662407869,0.38053731740570496,0.32,0.2259999999999999
2,BR(PL2),0.1306994927729732,0.5653560156402734,0.35793302184635095,0.2759999999999999,0.20399999999999996
3,BR(InL2),0.15052867373630668,0.6314827913563209,0.38934105995853274,0.324,0.24
4,BR(Hiemstra_LM),0.21200813682778205,0.774169231169778,0.46834982397325553,0.428,0.314
