,name,map,recip_rank,ndcg,P_5,P_10
0,BR(TF_IDF),0.1476504725690542,0.6060889208830385,0.3855404230209647,0.29199999999999987,0.23999999999999994
1,BR(BM25),0.15092225344569474,0.6215463127428476,0.3903254102740216,0.3159999999999999,0.24
2,BR(PL2),0.14064524403326184,0.6014296613636145,0.3747330882124371,0.2799999999999999,0.22799999999999998
3,BR(InL2),0.15854878813854553,0.6346741396697567,0.4001684915942318,0.32799999999999985,0.256
4,BR(Hiemstra_LM),0.2159199661318188,0.7611801279609892,0.47066796866089483,0.43199999999999994,0.31799999999999995
