,name,map,recip_rank,ndcg,P_5,P_10
0,BR(TF_IDF),0.13900481324445235,0.5837648680398402,0.37123691555517696,0.2799999999999999,0.2259999999999999
1,BR(BM25),0.14393849612075552,0.6140796689412312,0.38212128805157597,0.31199999999999994,0.22999999999999993
2,BR(PL2),0.132484445520422,0.5739585261349966,0.3609340834240532,0.2759999999999999,0.20999999999999994
3,BR(InL2),0.152103632001464,0.6353836464448486,0.391194653331243,0.312,0.242
4,BR(Hiemstra_LM),0.21520148828064284,0.7729890185458612,0.47017783523605305,0.43599999999999994,0.31799999999999995
