,name,map,recip_rank,ndcg,P_5,P_10
0,BR(TF_IDF),0.15018202964277017,0.6301947842206687,0.3881810059641391,0.3159999999999999,0.24199999999999997
1,BR(BM25),0.15264962986343705,0.6363978182529096,0.3928864989474546,0.3239999999999999,0.24399999999999994
2,BR(PL2),0.14437308250742784,0.6282249160324153,0.3791812192082177,0.2999999999999999,0.2299999999999999
3,BR(InL2),0.1617486177569932,0.6504433240886028,0.4040559987719935,0.3359999999999998,0.256
4,BR(Hiemstra_LM),0.21690415140239255,0.7631932756093508,0.47077245288487823,0.424,0.32199999999999995
