,name,map,recip_rank,ndcg,P_5,P_10
0,BR(TF_IDF),0.14720397846453187,0.6200931945690196,0.38578651625245713,0.2999999999999999,0.23399999999999996
1,BR(BM25),0.15006785764183128,0.6242937527617607,0.3897141995020095,0.31999999999999995,0.23599999999999993
2,BR(PL2),0.13986465495189335,0.6020570550852683,0.374260187352579,0.2799999999999999,0.22599999999999998
3,BR(InL2),0.1592918036363969,0.6537639899629545,0.40233125345525184,0.32799999999999985,0.256
4,BR(Hiemstra_LM),0.21532970745874205,0.7601879092317689,0.47014964812253807,0.43199999999999994,0.31799999999999995
