,name,map,recip_rank,ndcg,P_5,P_10
0,BR(TF_IDF),0.13988776313348358,0.595374371419826,0.3728001771506648,0.2879999999999999,0.22199999999999995
1,BR(BM25),0.1439893504033287,0.6139835046691698,0.3816507342339793,0.31199999999999994,0.22399999999999998
2,BR(PL2),0.13255345243582783,0.5753702360781455,0.361539376459266,0.2759999999999999,0.2059999999999999
3,BR(InL2),0.15258204868497424,0.6368879525059821,0.39158661112885523,0.312,0.242
4,BR(Hiemstra_LM),0.21433481874363963,0.7623168832153883,0.46850120461179434,0.43199999999999994,0.31799999999999995
