,name,map,recip_rank,ndcg,P_5,P_10
0,BR(TF_IDF),0.1592074893386183,0.6321680282880568,0.41217816664069623,0.33999999999999986,0.262
1,BR(BM25),0.16117649839010478,0.6505957282154463,0.41531868360564594,0.35199999999999987,0.26799999999999996
2,BR(PL2),0.15019787336355125,0.5928652828593439,0.3989585327394574,0.32799999999999985,0.25599999999999995
3,BR(InL2),0.16734425833715832,0.625880073412629,0.4222329072500639,0.37199999999999983,0.274
4,BR(Hiemstra_LM),0.22536145714411798,0.7616789543867486,0.49098581557870596,0.436,0.34
