,name,map,recip_rank,ndcg,P_5,P_10
0,BR(TF_IDF),0.14803918164881932,0.6182132187242037,0.3847674416738844,0.29599999999999993,0.23799999999999993
1,BR(BM25),0.1513526454291844,0.6246207939154556,0.38924635084442166,0.3159999999999999,0.236
2,BR(PL2),0.14256395086264517,0.6166337799446899,0.3761818448867714,0.2879999999999999,0.22999999999999993
3,BR(InL2),0.16050427519937116,0.6394266126263812,0.4012135826785659,0.33599999999999985,0.25
4,BR(Hiemstra_LM),0.21590198591564644,0.761182241765575,0.47016908410238833,0.42399999999999993,0.31999999999999995
