,name,map,recip_rank,ndcg,P_5,P_10
0,BR(TF_IDF),0.1632391186402668,0.6592183819062479,0.412319971708154,0.34399999999999986,0.26599999999999996
1,BR(BM25),0.16479928234955188,0.6787512921860747,0.4158409657221583,0.3399999999999998,0.264
2,BR(PL2),0.15602355624979866,0.6466690937757643,0.4014233208704169,0.32799999999999974,0.25399999999999995
3,BR(InL2),0.17336383072758071,0.6647877499211386,0.4249362109828526,0.3679999999999998,0.282
4,BR(Hiemstra_LM),0.2278283491583258,0.761322139426535,0.48652493502379884,0.444,0.326
