,name,map,recip_rank,ndcg,P_5,P_10
0,BR(TF_IDF),0.1485367598401089,0.6178078194371099,0.38557415508370935,0.31599999999999984,0.24599999999999994
1,BR(BM25),0.15225438735748675,0.6296981647967342,0.39183482615536874,0.32799999999999985,0.24999999999999997
2,BR(PL2),0.14321699683833333,0.6199605682808952,0.37725228235298963,0.30399999999999994,0.23199999999999993
3,BR(InL2),0.1614375849871362,0.6623007198887142,0.40419441496477626,0.3319999999999998,0.25799999999999995
4,BR(Hiemstra_LM),0.21675509616705585,0.7532454795515982,0.4705208732679631,0.41999999999999993,0.316
