,name,map,recip_rank,ndcg,P_5,P_10
0,BR(TF_IDF),0.14790237595914188,0.6111450268758987,0.3865302632698347,0.2959999999999999,0.24599999999999994
1,BR(BM25),0.15161737573153922,0.6295383070760645,0.39225314153673957,0.3039999999999999,0.23800000000000002
2,BR(PL2),0.1412748077174121,0.6074081854091912,0.3762115856611244,0.2879999999999999,0.22799999999999992
3,BR(InL2),0.15985202354111,0.6412393152124016,0.4022410178677686,0.3319999999999998,0.254
4,BR(Hiemstra_LM),0.21664175932973795,0.7594163758050684,0.47219530008478244,0.4279999999999999,0.316
