,name,map,recip_rank,ndcg,P_5,P_10
0,BR(TF_IDF),0.16012797294190867,0.6639205856124144,0.41333870922181226,0.3399999999999998,0.26400000000000007
1,BR(BM25),0.16049232899678018,0.6680127177140852,0.4145114752430953,0.33999999999999986,0.26600000000000007
2,BR(PL2),0.14965404287431117,0.6235114294626404,0.3989016489770034,0.3279999999999999,0.25
3,BR(InL2),0.16787956515617006,0.6576459573825102,0.42402001652210386,0.35999999999999976,0.2800000000000001
4,BR(Hiemstra_LM),0.22368181181829477,0.756948278414563,0.4887331371441492,0.42,0.332
