,name,map,recip_rank,ndcg,P_5,P_10
0,BR(TF_IDF),0.13560698190644593,0.5728209633089354,0.3686244123127972,0.296,0.21999999999999997
1,BR(BM25),0.14250397205677606,0.6136135186951788,0.38151467617257856,0.308,0.22399999999999992
2,BR(PL2),0.13177745781639563,0.569896058530841,0.3606625705579765,0.284,0.204
3,BR(InL2),0.15124025494575363,0.6401313862706995,0.3921339657643643,0.324,0.24199999999999997
4,BR(Hiemstra_LM),0.21298135533034063,0.7732505826182847,0.47004887693684283,0.42399999999999993,0.31199999999999994
