,name,map,recip_rank,ndcg,P_5,P_10
0,BR(TF_IDF),0.16141267842254337,0.6597267138514411,0.41592866451945537,0.33599999999999985,0.2700000000000001
1,BR(BM25),0.16221811687059198,0.6625864599956928,0.4167585869154149,0.3319999999999999,0.2720000000000001
2,BR(PL2),0.15239038260967186,0.6233450057226473,0.40154942655420356,0.3279999999999999,0.25000000000000006
3,BR(InL2),0.17092445656364014,0.6616981585042082,0.4260354328933103,0.35999999999999976,0.2740000000000001
4,BR(Hiemstra_LM),0.22602810854394936,0.7586139771367937,0.49052923474222376,0.4159999999999999,0.33
