,name,map,recip_rank,ndcg,P_5,P_10
0,BR(TF_IDF),0.1621277186316594,0.6631816667781218,0.4130501845501163,0.3519999999999998,0.2740000000000001
1,BR(BM25),0.16601555000728513,0.6716545013745481,0.41739116188325004,0.3559999999999998,0.2740000000000001
2,BR(PL2),0.15582437547558925,0.645280533775662,0.40260036599187965,0.3479999999999998,0.258
3,BR(InL2),0.17406122979392064,0.6778644200626958,0.427466195908419,0.3759999999999998,0.2880000000000001
4,BR(Hiemstra_LM),0.2279883160164747,0.7480917616058281,0.48648634071300256,0.436,0.332
