,name,map,recip_rank,ndcg,P_5,P_10
0,BR(TF_IDF),0.13887684891604996,0.5883259998689121,0.372188819927744,0.2879999999999999,0.22399999999999998
1,BR(BM25),0.14497058075213512,0.623727020749155,0.38536363890912445,0.308,0.22599999999999995
2,BR(PL2),0.13222175394277907,0.5691968697968697,0.3613337672138718,0.2759999999999999,0.20999999999999996
3,BR(InL2),0.1529927759071822,0.639180347494499,0.3939713266918385,0.312,0.24599999999999997
4,BR(Hiemstra_LM),0.21552292111401583,0.7722762374389793,0.47128543981808696,0.42399999999999993,0.31799999999999995
