,name,map,recip_rank,ndcg,P_5,P_10
0,BR(TF_IDF),0.15015624257557553,0.6256168733562606,0.3892023991825283,0.3239999999999999,0.24599999999999997
1,BR(BM25),0.15394532890284984,0.6476570668438394,0.3957182524409204,0.3319999999999998,0.242
2,BR(PL2),0.14462347525338856,0.634647870905846,0.3816997407020948,0.30399999999999994,0.23799999999999993
3,BR(InL2),0.1616380242265104,0.6486085081247353,0.40575985352163024,0.33999999999999986,0.25599999999999995
4,BR(Hiemstra_LM),0.2178223237666672,0.7624305958000839,0.47283866150611187,0.41999999999999993,0.32199999999999995
