,name,map,recip_rank,ndcg,P_5,P_10
0,BR(TF_IDF),0.148667932756648,0.6145644201267517,0.38661610165242805,0.2999999999999999,0.24399999999999994
1,BR(BM25),0.15219761421758293,0.6347448122575242,0.39245945687669576,0.3159999999999999,0.236
2,BR(PL2),0.14354393966292198,0.6220060783595486,0.3787666094924928,0.29599999999999993,0.23399999999999996
3,BR(InL2),0.16104306534614146,0.6441392647082346,0.40368820479989403,0.3319999999999998,0.252
4,BR(Hiemstra_LM),0.21632735978084924,0.7604174851356399,0.47133926985997304,0.4159999999999999,0.316
