,name,map,recip_rank,ndcg,P_5,P_10
0,BR(TF_IDF),0.15632704411713358,0.6570610499694511,0.4058491700653197,0.34399999999999986,0.264
1,BR(BM25),0.15921461016449098,0.6622589951891221,0.409562205205331,0.35999999999999976,0.26199999999999996
2,BR(PL2),0.14898329165857424,0.6269950928568537,0.3936127536026468,0.3359999999999998,0.252
3,BR(InL2),0.16563007824608458,0.6664679454198554,0.41722188935785054,0.3639999999999998,0.274
4,BR(Hiemstra_LM),0.22043317631109044,0.7481092756739716,0.47909600086927867,0.428,0.32599999999999996
