,name,map,recip_rank,ndcg,P_5,P_10
0,BR(TF_IDF),0.15161548166394834,0.6418315328196114,0.3931256718034314,0.3279999999999999,0.25
1,BR(BM25),0.1540655487378579,0.648150457930847,0.39847839546260333,0.3279999999999999,0.24999999999999992
2,BR(PL2),0.14526148326799215,0.6270023019985512,0.383683448166151,0.31599999999999995,0.244
3,BR(InL2),0.16284146460911134,0.6650542213131699,0.4094062268337857,0.33999999999999986,0.26599999999999996
4,BR(Hiemstra_LM),0.21689222129145008,0.7423665029245634,0.4721311203272285,0.41600000000000004,0.32
