,name,map,recip_rank,ndcg,P_5,P_10
0,BR(TF_IDF),0.14626181553300863,0.6164160719934617,0.38648740937557646,0.3039999999999999,0.23799999999999996
1,BR(BM25),0.15090543343627152,0.6332239707818128,0.392939366905083,0.3159999999999999,0.23399999999999996
2,BR(PL2),0.14000932495661395,0.6092125283577957,0.37567324636987054,0.2839999999999999,0.22399999999999998
3,BR(InL2),0.16050413512797074,0.6574680257253448,0.40441876036123636,0.3319999999999999,0.25399999999999995
4,BR(Hiemstra_LM),0.21598801522659158,0.7584459365794348,0.4716856667993083,0.42399999999999993,0.316
