,name,map,recip_rank,ndcg,P_5,P_10
0,BR(TF_IDF),0.15620037804087666,0.6523168349335845,0.40180887272060045,0.3399999999999998,0.26399999999999996
1,BR(BM25),0.15855129008474775,0.6570168275572301,0.40558502059117857,0.3519999999999998,0.25799999999999995
2,BR(PL2),0.1488728742773567,0.6291363004961149,0.39187371671845406,0.32799999999999985,0.2459999999999999
3,BR(InL2),0.16704343071480093,0.6758660688479629,0.41748589817511095,0.3479999999999999,0.27199999999999996
4,BR(Hiemstra_LM),0.21954607357817837,0.7495900031697267,0.477718457968016,0.42800000000000005,0.32599999999999996
