,name,map,recip_rank,ndcg,P_5,P_10
0,BR(TF_IDF),0.1496398074009813,0.619635619924916,0.38910309161097517,0.32399999999999984,0.24799999999999997
1,BR(BM25),0.15304436086090498,0.638971268774217,0.394274075965764,0.3319999999999998,0.24799999999999997
2,BR(PL2),0.14298848416177987,0.6240707782389212,0.3785470309288885,0.30399999999999994,0.23599999999999993
3,BR(InL2),0.16087844119230893,0.650486192594714,0.40414849785440493,0.33599999999999985,0.25399999999999995
4,BR(Hiemstra_LM),0.21731623925306143,0.7524874327848794,0.47184244767729483,0.4159999999999999,0.31799999999999995
