,name,map,recip_rank,ndcg,P_5,P_10
0,BR(TF_IDF),0.16343885424546148,0.6605760771748466,0.4161966230761791,0.3559999999999998,0.268
1,BR(BM25),0.16544476586850018,0.6776720910896701,0.4196843041507193,0.35599999999999987,0.272
2,BR(PL2),0.15777641259727385,0.6463276095953714,0.4073444363846141,0.3519999999999998,0.252
3,BR(InL2),0.17483137310815228,0.6816067285091356,0.4299590716616063,0.3839999999999998,0.2860000000000001
4,BR(Hiemstra_LM),0.23024838935804026,0.7714524626471585,0.49163815638563835,0.4360000000000001,0.32800000000000007
