,name,map,recip_rank,ndcg,P_5,P_10
0,BR(TF_IDF),0.16415393058594294,0.6564870779608684,0.4163309930442684,0.3559999999999998,0.2740000000000001
1,BR(BM25),0.16634976219351344,0.6745844598870916,0.4198992232627745,0.35199999999999987,0.2740000000000001
2,BR(PL2),0.15831236696544684,0.6465463904403851,0.40769332505369604,0.3519999999999998,0.25600000000000006
3,BR(InL2),0.1763378390672276,0.6817263694357374,0.43113411616947717,0.37999999999999984,0.2860000000000001
4,BR(Hiemstra_LM),0.23178126816209374,0.7714495871008047,0.49268673498636845,0.4360000000000001,0.32800000000000007
