,name,map,recip_rank,ndcg,P_5,P_10
0,BR(TF_IDF),0.16301799435339726,0.6601338710201489,0.4127761742929602,0.3479999999999998,0.268
1,BR(BM25),0.16557658835162492,0.6687281406631955,0.4161018614825658,0.3479999999999999,0.266
2,BR(PL2),0.15638721093344196,0.6397753047391204,0.402188914730769,0.33999999999999986,0.252
3,BR(InL2),0.1750090235162045,0.6791954445221029,0.42732530009868613,0.3759999999999998,0.28600000000000003
4,BR(Hiemstra_LM),0.2298240365890755,0.7703886099423665,0.4883536575859826,0.44000000000000006,0.324
