,name,map,recip_rank,ndcg,P_5,P_10
0,BR(TF_IDF),0.1582970995466046,0.6505349512029375,0.40901235763298904,0.3479999999999998,0.26
1,BR(BM25),0.16152432401160616,0.668772690074214,0.4137781765765434,0.3479999999999998,0.25999999999999995
2,BR(PL2),0.1525970439909109,0.6299600472622023,0.3992208805663628,0.3399999999999998,0.25
3,BR(InL2),0.16861956875790096,0.6713749727490733,0.42317086341932436,0.36799999999999977,0.28
4,BR(Hiemstra_LM),0.22765548870589405,0.771401673269605,0.4881907573606435,0.4360000000000001,0.326
