,name,map,recip_rank,ndcg,P_5,P_10
0,BR(TF_IDF),0.1643217873007352,0.6724870060893591,0.4160009390836496,0.3559999999999998,0.2700000000000001
1,BR(BM25),0.16689985017780287,0.6808631454791743,0.4205370089463928,0.35199999999999987,0.272
2,BR(PL2),0.15735242665169236,0.6565605928050917,0.40657533229154824,0.3479999999999998,0.25600000000000006
3,BR(InL2),0.1752158993051535,0.6804506220997227,0.43026737920431635,0.37999999999999984,0.2900000000000001
4,BR(Hiemstra_LM),0.2323729372416251,0.7713850977204555,0.4929365743136256,0.44000000000000006,0.33
