,name,map,recip_rank,ndcg,P_5,P_10
0,BR(TF_IDF),0.16240972952613095,0.6424652211272813,0.40924035892113453,0.3479999999999998,0.268
1,BR(BM25),0.16543339417142203,0.6577260918860297,0.4140115666862826,0.348,0.26599999999999996
2,BR(PL2),0.15602324683693686,0.6316714095652773,0.40012593139698965,0.33999999999999986,0.25
3,BR(InL2),0.17369655019925978,0.6711770619925334,0.42482835778557565,0.3839999999999998,0.28600000000000003
4,BR(Hiemstra_LM),0.23049977772184943,0.7703874856183404,0.48860337377334295,0.436,0.33
