,name,map,recip_rank,ndcg,P_5,P_10
0,BR(TF_IDF),0.1616143522213304,0.6493926324187786,0.41328059109385634,0.3479999999999998,0.268
1,BR(BM25),0.1645616987281024,0.6649748436748437,0.417405661736517,0.35199999999999987,0.274
2,BR(PL2),0.15718789910815714,0.638256704839366,0.40561875327563757,0.34399999999999986,0.254
3,BR(InL2),0.17382807347219614,0.6713985079436691,0.42791206335354476,0.38799999999999973,0.278
4,BR(Hiemstra_LM),0.23155204180671546,0.7804491696536335,0.49322891072236325,0.43200000000000005,0.33
