,name,map,recip_rank,ndcg,P_5,P_10
0,BR(TF_IDF),0.15736768436328952,0.6426553783377987,0.40594975740080924,0.3479999999999998,0.266
1,BR(BM25),0.16065652116933474,0.6580697091454002,0.411078874392482,0.34399999999999986,0.26799999999999996
2,BR(PL2),0.15202072635966415,0.6219294517446078,0.39664895070802536,0.3399999999999998,0.25199999999999995
3,BR(InL2),0.1672662427516898,0.6601944671944671,0.4198679147569807,0.3759999999999997,0.282
4,BR(Hiemstra_LM),0.22802246478397556,0.7714005632920745,0.4875001259968101,0.436,0.33199999999999996
