,name,map,recip_rank,ndcg,P_5,P_10
0,BR(TF_IDF),0.16268531249950005,0.6473880224979726,0.4136830461507208,0.3479999999999998,0.2740000000000001
1,BR(BM25),0.1639817362788049,0.6535693945693946,0.41586941503725144,0.3399999999999999,0.274
2,BR(PL2),0.1578100200319006,0.6371227269917635,0.4056126944588655,0.34399999999999986,0.254
3,BR(InL2),0.17564756566071565,0.67187707660008,0.42916574277713115,0.3839999999999998,0.278
4,BR(Hiemstra_LM),0.2329477815245233,0.780449657387136,0.4938279096918166,0.43200000000000005,0.33399999999999996
