,name,map,recip_rank,ndcg,P_5,P_10
0,BR(TF_IDF),0.15628646744179694,0.6469764337880344,0.4040374972265523,0.3439999999999999,0.262
1,BR(BM25),0.15819417006015082,0.6530724848402875,0.40861647818225505,0.33999999999999986,0.264
2,BR(PL2),0.15032474848336308,0.6254459305279483,0.3942983235228505,0.33999999999999986,0.25399999999999995
3,BR(InL2),0.1660704740245314,0.6653785020011435,0.4183200643470186,0.3719999999999997,0.284
4,BR(Hiemstra_LM),0.22437191914450463,0.7704021658561772,0.4845023242332321,0.428,0.33
