,name,map,recip_rank,ndcg,P_5,P_10
0,BR(TF_IDF),0.16241942570266402,0.6567200551040289,0.41088363024736857,0.34399999999999986,0.2720000000000001
1,BR(BM25),0.16546223169932273,0.6644013897967253,0.4142359957199986,0.3319999999999999,0.268
2,BR(PL2),0.15575979535254264,0.6360833740278518,0.40067437907555786,0.3319999999999999,0.252
3,BR(InL2),0.1742694593225812,0.6744680721163709,0.4252919771911905,0.36399999999999977,0.29000000000000004
4,BR(Hiemstra_LM),0.2262745894717114,0.7470673692509677,0.4836165657754316,0.44000000000000006,0.322
