,name,map,recip_rank,ndcg,P_5,P_10
0,BR(TF_IDF),0.15341017611459004,0.6449658383109507,0.39681622099849373,0.31999999999999995,0.254
1,BR(BM25),0.1553731028214144,0.6497038940642338,0.40014268451176155,0.31999999999999995,0.25599999999999995
2,BR(PL2),0.14680624119090505,0.6267592682301316,0.3864559817438654,0.308,0.24599999999999997
3,BR(InL2),0.16293595428256086,0.6715974031226092,0.4117932306725228,0.33999999999999986,0.26799999999999996
4,BR(Hiemstra_LM),0.21727900639659692,0.7529999795526112,0.4737300196528452,0.412,0.32
