,name,map,recip_rank,ndcg,P_5,P_10
0,BR(TF_IDF),0.1519357515789204,0.6237352449203574,0.3923759275744127,0.3199999999999999,0.24799999999999997
1,BR(BM25),0.1543368803369255,0.6436724992455396,0.3968679681162275,0.3279999999999999,0.24999999999999997
2,BR(PL2),0.14475769941128205,0.6169210325959671,0.38091738890354504,0.29999999999999993,0.2379999999999999
3,BR(InL2),0.162068663744234,0.65743133646289,0.40804538019105363,0.33999999999999986,0.25799999999999995
4,BR(Hiemstra_LM),0.21808148147251924,0.7623545065203455,0.4741004043996179,0.4159999999999999,0.316
