,name,map,recip_rank,ndcg,P_5,P_10
0,BR(TF_IDF),0.16447168206085258,0.6690260778493535,0.4157568916617336,0.3479999999999998,0.2760000000000001
1,BR(BM25),0.1662303869916218,0.6780194758646371,0.41835569455308347,0.33999999999999986,0.276
2,BR(PL2),0.15694323269744773,0.6526836281599706,0.40469282778003896,0.3399999999999998,0.26
3,BR(InL2),0.1740990061084584,0.6764640453070879,0.42828753254015955,0.36799999999999977,0.29400000000000004
4,BR(Hiemstra_LM),0.22818132242736394,0.7470639415892095,0.48747962269950107,0.44000000000000006,0.32799999999999996
