,name,map,recip_rank,ndcg,P_5,P_10
0,BR(TF_IDF),0.15918240813893972,0.6666229581106102,0.41436472337355446,0.33999999999999986,0.26600000000000007
1,BR(BM25),0.15950996938139134,0.6566347382034452,0.4133454730062431,0.34399999999999986,0.26600000000000007
2,BR(PL2),0.14942667282273198,0.6217961621711621,0.39856535409135035,0.3239999999999999,0.24599999999999997
3,BR(InL2),0.1686554498796099,0.6678782042927834,0.42543932206709156,0.3639999999999998,0.2860000000000001
4,BR(Hiemstra_LM),0.22276721650008857,0.756958462575581,0.48906682703577414,0.42,0.332
