,name,map,recip_rank,ndcg,P_5,P_10
0,BR(TF_IDF),0.1615537667723043,0.6789950926506708,0.4153443104225152,0.3479999999999998,0.26600000000000007
1,BR(BM25),0.16205277753425545,0.6811295985582896,0.4161807707134581,0.33599999999999985,0.264
2,BR(PL2),0.1532084045703807,0.6520201295436588,0.40347184012256315,0.34399999999999986,0.23800000000000002
3,BR(InL2),0.17326965667299488,0.6955930933746244,0.4294111032725165,0.36799999999999977,0.2800000000000001
4,BR(Hiemstra_LM),0.22448222389278638,0.7481431988284766,0.4868411048486731,0.43200000000000005,0.326
