,name,map,recip_rank,ndcg,P_5,P_10
0,BR(TF_IDF),0.16389123494493943,0.6592715272123307,0.41491817893927285,0.3479999999999998,0.2740000000000001
1,BR(BM25),0.16559389575973038,0.6682646865926064,0.4174455062180325,0.33999999999999986,0.2740000000000001
2,BR(PL2),0.1563902352009403,0.6427498353612425,0.4043347837803036,0.34399999999999986,0.25800000000000006
3,BR(InL2),0.17400592089625305,0.6766875272743326,0.4280329226697962,0.36799999999999977,0.29400000000000004
4,BR(Hiemstra_LM),0.22807228036060612,0.7470755559910678,0.4874452865804099,0.44000000000000006,0.32799999999999996
