,name,map,recip_rank,ndcg,P_5,P_10
0,BR(TF_IDF),0.14814731031893283,0.6149353908149409,0.3887234798179991,0.30799999999999994,0.23799999999999996
1,BR(BM25),0.1525974717610238,0.6331841986111061,0.3952061074998546,0.3159999999999999,0.23999999999999988
2,BR(PL2),0.14312106060905896,0.6283048731789553,0.38155207279282854,0.2919999999999999,0.22599999999999995
3,BR(InL2),0.16083328079571874,0.6572524192978739,0.4053498293679678,0.3279999999999999,0.25399999999999995
4,BR(Hiemstra_LM),0.21689487578088393,0.7692704244726086,0.47422955103816106,0.4199999999999999,0.316
