,name,map,recip_rank,ndcg,P_5,P_10
0,BR(TF_IDF),0.1564951336505259,0.6408857590828958,0.40506348586832663,0.3399999999999998,0.26599999999999996
1,BR(BM25),0.1584556058229399,0.6597447605895187,0.40867712049970256,0.33599999999999985,0.26599999999999996
2,BR(PL2),0.14944304490913882,0.6215519451231455,0.3936243110047404,0.3279999999999999,0.252
3,BR(InL2),0.16663612105820064,0.6697857000234906,0.41942813420981984,0.36399999999999977,0.28
4,BR(Hiemstra_LM),0.22079909360991812,0.748104214529447,0.480164467308698,0.43200000000000005,0.32799999999999996
