,name,map,recip_rank,ndcg,P_5,P_10
0,BR(TF_IDF),0.13803668118247306,0.5744465588975608,0.37188398773467346,0.29600000000000004,0.22399999999999992
1,BR(BM25),0.14409215058672908,0.6016230282413317,0.383612658748271,0.3,0.2359999999999999
2,BR(PL2),0.13373842934464805,0.5727371861237267,0.36409280434102537,0.292,0.2039999999999999
3,BR(InL2),0.15185204213230208,0.6356886021318738,0.393695594403505,0.32,0.24199999999999997
4,BR(Hiemstra_LM),0.21350439756428255,0.7734256966713899,0.4710416410258593,0.41999999999999993,0.31799999999999995
