,name,map,recip_rank,ndcg,P_5,P_10
0,BR(TF_IDF),0.15054752567757024,0.6139437117053937,0.3899648977650829,0.3079999999999999,0.24599999999999997
1,BR(BM25),0.15366161200348946,0.6353821009061283,0.3945776971454908,0.31999999999999984,0.2419999999999999
2,BR(PL2),0.14555286329118072,0.6331504424997053,0.38305317135419664,0.29599999999999993,0.236
3,BR(InL2),0.16125328303078088,0.6456036169747544,0.4044442539526238,0.3319999999999999,0.24999999999999997
4,BR(Hiemstra_LM),0.2174405643977755,0.7702714161310683,0.47337508238261433,0.4159999999999999,0.31799999999999995
