,name,map,recip_rank,ndcg,P_5,P_10
0,BR(TF_IDF),0.1623514798351003,0.6691473717896195,0.4144065505158048,0.34399999999999986,0.2700000000000001
1,BR(BM25),0.16441886337195524,0.6875453666827077,0.41793467001844997,0.33599999999999985,0.272
2,BR(PL2),0.1568669370560708,0.6524665128673949,0.40526274294400233,0.33999999999999986,0.25200000000000006
3,BR(InL2),0.17377578580176029,0.6774137393770099,0.4280295702175898,0.3639999999999997,0.28800000000000003
4,BR(Hiemstra_LM),0.22615218030832782,0.7481344455426424,0.4863540052350055,0.4360000000000001,0.324
