,name,map,recip_rank,ndcg,P_5,P_10
0,BR(TF_IDF),0.15784864807183552,0.6469160064024532,0.40704456630548075,0.34399999999999975,0.262
1,BR(BM25),0.16105787309610745,0.664599469985542,0.4116967557301988,0.33599999999999985,0.268
2,BR(PL2),0.15173594946851082,0.6269514274432667,0.39687809536339386,0.3359999999999998,0.25
3,BR(InL2),0.16768328621076684,0.6661725239491474,0.42091079507129076,0.3639999999999997,0.28600000000000003
4,BR(Hiemstra_LM),0.2238406000187305,0.7481011050516648,0.48310799016406714,0.43200000000000005,0.326
