,name,map,recip_rank,ndcg,P_5,P_10
0,BR(TF_IDF),0.16109255007872933,0.6609228879410375,0.4151766752348705,0.33599999999999985,0.26400000000000007
1,BR(BM25),0.16226049885009136,0.6646237357279442,0.4167938367078941,0.33999999999999986,0.26600000000000007
2,BR(PL2),0.15382547519023268,0.6331721009847296,0.4036051781546952,0.3279999999999999,0.24600000000000002
3,BR(InL2),0.17226602978390043,0.6737096152916899,0.42852501955417766,0.3559999999999998,0.2800000000000001
4,BR(Hiemstra_LM),0.2256737045166806,0.757952762230119,0.4914035607941838,0.42,0.33
