,name,map,recip_rank,ndcg,P_5,P_10
0,BR(TF_IDF),0.16319210906640574,0.656435572392007,0.4142542257439428,0.34399999999999986,0.2700000000000001
1,BR(BM25),0.16501908166381254,0.6747636096177679,0.4178825296359232,0.3319999999999999,0.27
2,BR(PL2),0.1573569249509239,0.6424747612398428,0.4055091015897212,0.33999999999999986,0.25400000000000006
3,BR(InL2),0.1750618529943056,0.6772819249912928,0.4292548512346025,0.36399999999999977,0.29000000000000004
4,BR(Hiemstra_LM),0.22775844181733781,0.7481459910459912,0.48768791577761456,0.4360000000000001,0.322
