,name,map,recip_rank,ndcg,P_5,P_10
0,BR(TF_IDF),0.1558390425110329,0.6342680629948925,0.40110662190540025,0.33599999999999985,0.2619999999999999
1,BR(BM25),0.1600672988143175,0.659133386597972,0.4077057787666118,0.33999999999999986,0.25799999999999995
2,BR(PL2),0.14937944627438024,0.6298140015910833,0.39178398869490094,0.3239999999999999,0.2419999999999999
3,BR(InL2),0.1658633013806576,0.6760070608253972,0.4174357591869872,0.34399999999999986,0.27599999999999997
4,BR(Hiemstra_LM),0.2190451269177313,0.7485914168771766,0.47799999526178,0.424,0.31999999999999995
