,name,map,recip_rank,ndcg,P_5,P_10
0,BR(TF_IDF),0.15945676568538591,0.6234041161717881,0.41539512260679323,0.3479999999999999,0.268
1,BR(BM25),0.1612589956264104,0.6400863855578726,0.41844029642400626,0.35199999999999987,0.268
2,BR(PL2),0.15056812730028457,0.6001270967108898,0.40329161080592285,0.3319999999999998,0.25199999999999995
3,BR(InL2),0.1714122536656055,0.6557707836295341,0.4326844895437037,0.3759999999999999,0.276
4,BR(Hiemstra_LM),0.22589912387794586,0.757509913863404,0.49230152864080656,0.43200000000000005,0.33799999999999997
