,name,map,recip_rank,ndcg,P_5,P_10
0,BR(TF_IDF),0.1648212364863801,0.6430744124922696,0.41315736549333343,0.35599999999999987,0.268
1,BR(BM25),0.16932421289278848,0.6575523467892396,0.41878625145022846,0.35200000000000004,0.27
2,BR(PL2),0.15894331713557835,0.634126296981544,0.4045849063204012,0.3479999999999999,0.24999999999999997
3,BR(InL2),0.1763492135889021,0.6728440375563715,0.4282065791613611,0.39999999999999986,0.28200000000000003
4,BR(Hiemstra_LM),0.233218164743507,0.770387536059205,0.49069015142227407,0.44,0.33199999999999996
