,name,map,recip_rank,ndcg,P_5,P_10
0,BR(TF_IDF),0.15973275578634938,0.6333601808512975,0.40885248485875325,0.35599999999999987,0.268
1,BR(BM25),0.164746889746912,0.6689318289530547,0.41657298773151924,0.35599999999999987,0.26999999999999996
2,BR(PL2),0.15464030556649835,0.6244273377109483,0.40054849871008413,0.34399999999999986,0.25199999999999995
3,BR(InL2),0.16949446661101064,0.6528820310952663,0.422402893712235,0.39199999999999974,0.28400000000000003
4,BR(Hiemstra_LM),0.23070505041451667,0.7704005993864436,0.4898456783496327,0.436,0.33199999999999996
