,name,map,recip_rank,ndcg,P_5,P_10
0,BR(TF_IDF),0.16531333880972965,0.6484264035426694,0.41659576798126047,0.3639999999999998,0.27
1,BR(BM25),0.16770080231206724,0.6679405325631741,0.4206525740564584,0.35599999999999987,0.27
2,BR(PL2),0.16018396165372004,0.6279308755760367,0.40751474319104247,0.352,0.258
3,BR(InL2),0.1787197187442408,0.6825169853851937,0.4330802929416045,0.39599999999999985,0.282
4,BR(Hiemstra_LM),0.23435967819973041,0.7704497385465678,0.4942536931544612,0.44,0.33799999999999997
