,name,map,recip_rank,ndcg,P_5,P_10
0,BR(TF_IDF),0.1647431621887512,0.6533732845627422,0.4165929944206551,0.3599999999999999,0.264
1,BR(BM25),0.16743638312315556,0.6685532449904179,0.4210768556283262,0.3559999999999999,0.268
2,BR(PL2),0.1600738133557858,0.6385136792599312,0.4089352619008192,0.35599999999999987,0.26
3,BR(InL2),0.17748884605246615,0.6825152116451118,0.4316404197865964,0.39999999999999986,0.28
4,BR(Hiemstra_LM),0.23443616675146398,0.7804508947830183,0.49535581254586575,0.44,0.336
