,name,map,recip_rank,ndcg,P_5,P_10
0,BR(TF_IDF),0.15914304719783076,0.6507841156455777,0.4083828692520434,0.3479999999999999,0.26599999999999996
1,BR(BM25),0.16181513895715494,0.6642131116634754,0.41291341480147203,0.35199999999999987,0.26799999999999996
2,BR(PL2),0.1532062605854415,0.6312778791268621,0.39893927719434275,0.33999999999999986,0.25399999999999995
3,BR(InL2),0.1689930138863903,0.6586959924727163,0.42141562699658025,0.38799999999999973,0.28800000000000003
4,BR(Hiemstra_LM),0.2272847257478076,0.770401673269605,0.4868307569610679,0.43199999999999994,0.33199999999999996
