,name,map,recip_rank,ndcg,P_5,P_10
0,BR(TF_IDF),0.14326302059728024,0.608860634511128,0.39118513901739227,0.3239999999999999,0.24599999999999994
1,BR(BM25),0.14554454754299984,0.6276685188314719,0.3951752311399257,0.31199999999999994,0.23999999999999994
2,BR(PL2),0.13793792493808588,0.5860867017215198,0.38139828971193596,0.3119999999999999,0.22999999999999995
3,BR(InL2),0.153764501591387,0.6315640976050758,0.40486265104334995,0.3439999999999999,0.25599999999999995
4,BR(Hiemstra_LM),0.21086807781584205,0.7342259016067066,0.4704515718989308,0.40399999999999997,0.3159999999999999
