,name,map,recip_rank,ndcg,P_5,P_10
0,BR(TF_IDF),0.14122640669832415,0.6001579807832066,0.3870517193988537,0.31199999999999994,0.2419999999999999
1,BR(BM25),0.14414215269386488,0.6171244086173512,0.39200346095683564,0.31199999999999994,0.2459999999999999
2,BR(PL2),0.13622643505452606,0.5859034807784806,0.3796519745315025,0.31199999999999994,0.22399999999999992
3,BR(InL2),0.15181926847404484,0.6329342182519481,0.40161436132847667,0.352,0.256
4,BR(Hiemstra_LM),0.20882610276718552,0.7342187631082975,0.46748532590270003,0.40399999999999997,0.3079999999999999
