,name,map,recip_rank,ndcg,P_5,P_10
0,BR(TF_IDF),0.13994189670303153,0.6013840280840096,0.3851055531851653,0.3159999999999999,0.2379999999999999
1,BR(BM25),0.14297504252638224,0.6143060971897207,0.3897602314711504,0.31599999999999995,0.2419999999999999
2,BR(PL2),0.13591540278095812,0.5939973645630634,0.3784192205278615,0.31199999999999994,0.22399999999999992
3,BR(InL2),0.14995283396971273,0.6268489337102667,0.39909756226069654,0.348,0.252
4,BR(Hiemstra_LM),0.20690777828800905,0.7341495474192647,0.4656800281585715,0.40399999999999997,0.3079999999999999
