,name,map,recip_rank,ndcg,P_5,P_10
0,BR(TF_IDF),0.1408181664631994,0.6154863754012242,0.3855045156756806,0.31199999999999994,0.2359999999999999
1,BR(BM25),0.14333317766872877,0.6277742856117662,0.39014930910459455,0.31599999999999995,0.23799999999999993
2,BR(PL2),0.13623357758223983,0.60729020385248,0.3789420800326409,0.3079999999999999,0.2259999999999999
3,BR(InL2),0.15058594299594177,0.6301823628502826,0.39964063468597155,0.348,0.25600000000000006
4,BR(Hiemstra_LM),0.20577415623443301,0.7341511335459434,0.4642360278599212,0.3999999999999999,0.3099999999999999
