,name,map,recip_rank,ndcg,P_5,P_10
0,BR(TF_IDF),0.14289783625460623,0.6140164066734005,0.3913154582589701,0.3199999999999999,0.24399999999999994
1,BR(BM25),0.14551898358200566,0.6293565241508788,0.39596024176350925,0.324,0.24799999999999994
2,BR(PL2),0.13774613969429134,0.6008354387017767,0.38344395071110354,0.3199999999999999,0.23199999999999993
3,BR(InL2),0.15326364710318516,0.6403664241976912,0.40460244391505484,0.352,0.258
4,BR(Hiemstra_LM),0.21036357900181712,0.7341919621880887,0.4707972699754357,0.41200000000000003,0.3079999999999999
