,name,map,recip_rank,ndcg,P_5,P_10
0,BR(TF_IDF),0.13919942851482456,0.5756754253670047,0.3746723002119008,0.304,0.22599999999999998
1,BR(BM25),0.14453749365573398,0.5854268212503373,0.38334714910653667,0.308,0.22999999999999993
2,BR(PL2),0.1333840310045015,0.5599965301582948,0.36529224637481633,0.296,0.20999999999999988
3,BR(InL2),0.15121967797495492,0.6194255084189783,0.39271461755169845,0.316,0.23999999999999994
4,BR(Hiemstra_LM),0.21748152236148383,0.7737649439669242,0.4734893819157383,0.428,0.31999999999999995
