,name,map,recip_rank,ndcg,P_5,P_10
0,BR(TF_IDF),0.15201474479075303,0.6156233335575956,0.39268565803673505,0.33599999999999997,0.24999999999999997
1,BR(BM25),0.15420283402353382,0.6221164368881182,0.39595941741629304,0.3319999999999999,0.24799999999999994
2,BR(PL2),0.146021053542902,0.6176023465552535,0.383000533870474,0.3079999999999999,0.23999999999999994
3,BR(InL2),0.16231046401139299,0.6351343341900617,0.4076457056071801,0.3479999999999998,0.25799999999999995
4,BR(Hiemstra_LM),0.2209122414484126,0.774595184389767,0.47500395829479314,0.42,0.324
