,name,map,recip_rank,ndcg,P_5,P_10
0,BR(TF_IDF),0.14968840829786675,0.601875841290956,0.3887050645620306,0.3319999999999999,0.24999999999999997
1,BR(BM25),0.15239616125408348,0.6090934829014972,0.39246594705148463,0.3319999999999999,0.24599999999999997
2,BR(PL2),0.14409885101692685,0.6035527535872953,0.37969537598561126,0.30399999999999994,0.23799999999999993
3,BR(InL2),0.16208633448877902,0.6398205802586964,0.40602586510867167,0.34399999999999986,0.25
4,BR(Hiemstra_LM),0.21938039351443656,0.7752646503301195,0.4741669209508536,0.424,0.324
