,name,map,recip_rank,ndcg,P_5,P_10
0,BR(TF_IDF),0.13637552564967195,0.5569123765698398,0.37040737528946094,0.29600000000000004,0.2299999999999999
1,BR(BM25),0.14208012144590718,0.5760103787227019,0.3808053601304025,0.29600000000000004,0.23399999999999996
2,BR(PL2),0.13158572078479294,0.5468441616862668,0.3610836764665302,0.288,0.2139999999999999
3,BR(InL2),0.14875256692178207,0.608103259979331,0.39012321700275343,0.316,0.244
4,BR(Hiemstra_LM),0.21451707063635428,0.7749103569386588,0.47218261843025244,0.428,0.31799999999999995
