,name,map,recip_rank,ndcg,P_5,P_10
0,BR(TF_IDF),0.1484989788013948,0.5970311933298358,0.38955367210599545,0.3239999999999999,0.24999999999999992
1,BR(BM25),0.1512729621734906,0.6020747366577482,0.39309458932451974,0.3279999999999999,0.24599999999999997
2,BR(PL2),0.1430069476689326,0.5972181370992216,0.37978182170873936,0.296,0.2299999999999999
3,BR(InL2),0.15947824518073841,0.6276416423237936,0.40336828760068555,0.33599999999999985,0.25599999999999995
4,BR(Hiemstra_LM),0.2210955019075095,0.7742606950798228,0.47656593047305534,0.428,0.32199999999999995
