,name,map,recip_rank,ndcg,P_5,P_10
0,BR(TF_IDF),0.1603957166193176,0.6008223361717624,0.4152183878307914,0.3599999999999999,0.26999999999999996
1,BR(BM25),0.16361383503785273,0.6333610801615716,0.42079111994815305,0.3639999999999998,0.26999999999999996
2,BR(PL2),0.15222325514838583,0.5825812610431254,0.4043273539435962,0.35199999999999987,0.25199999999999995
3,BR(InL2),0.17438779706007584,0.650543304417405,0.4338644271325077,0.3919999999999998,0.2820000000000001
4,BR(Hiemstra_LM),0.23115249372103286,0.7697368274733749,0.49587214329504703,0.4320000000000001,0.3459999999999999
