,name,map,recip_rank,ndcg,P_5,P_10
0,BR(TF_IDF),0.16237234217282978,0.6393062288321301,0.4154005954577593,0.3479999999999999,0.266
1,BR(BM25),0.16420728698162898,0.6460894425675775,0.4175710339770459,0.3479999999999999,0.268
2,BR(PL2),0.15375730948262953,0.6061803449166876,0.4028177116275022,0.33999999999999986,0.254
3,BR(InL2),0.1736360295975725,0.6667437648731339,0.42964743602797695,0.37999999999999995,0.2800000000000001
4,BR(Hiemstra_LM),0.2306731430031613,0.7702555577254825,0.4949150148910915,0.424,0.34199999999999997
