,name,map,recip_rank,ndcg,P_5,P_10
0,BR(TF_IDF),0.15765100561346984,0.6519787918175015,0.4045381520956266,0.3439999999999999,0.2619999999999999
1,BR(BM25),0.15788296262944784,0.6379883627099971,0.40484973393366813,0.33199999999999996,0.2559999999999999
2,BR(PL2),0.1494372473697583,0.6263685110676653,0.3921446042279302,0.3319999999999999,0.24799999999999986
3,BR(InL2),0.16521249665813462,0.6495286458310123,0.41652229771639177,0.35999999999999976,0.27599999999999997
4,BR(Hiemstra_LM),0.22246839029641588,0.7619055632466801,0.48039163797018153,0.42800000000000005,0.32599999999999996
