,name,map,recip_rank,ndcg,P_5,P_10
0,BR(TF_IDF),0.16229687459604278,0.6671558587420827,0.4151170311364061,0.35199999999999987,0.266
1,BR(BM25),0.16407199687466462,0.6774416570271832,0.417718572982497,0.33999999999999986,0.268
2,BR(PL2),0.15508071445847268,0.6336935261385389,0.4034125573050262,0.348,0.24599999999999997
3,BR(InL2),0.17530862947289041,0.699433655993357,0.430581597850539,0.37999999999999995,0.278
4,BR(Hiemstra_LM),0.23062038545546013,0.7704462234897156,0.49237129008088765,0.436,0.33599999999999997
