,name,map,recip_rank,ndcg,P_5,P_10
0,BR(TF_IDF),0.15222103517655788,0.6244014414294146,0.3955405473692275,0.324,0.25199999999999995
1,BR(BM25),0.15576796030382975,0.6302052207895674,0.3997530501574994,0.32799999999999996,0.25399999999999995
2,BR(PL2),0.14523671286576517,0.6085108663771,0.3838584731361305,0.308,0.23999999999999988
3,BR(InL2),0.15969864024969893,0.6438575962917341,0.4064827614732792,0.34399999999999986,0.26599999999999996
4,BR(Hiemstra_LM),0.2200147480643271,0.7563208493541544,0.47515005728281545,0.41600000000000004,0.324
