,name,map,recip_rank,ndcg,P_5,P_10
0,BR(TF_IDF),0.15788648996220878,0.6469761759298049,0.40555529085314573,0.3479999999999999,0.264
1,BR(BM25),0.159474464063076,0.6530722011120992,0.40823421434948876,0.34399999999999986,0.26599999999999996
2,BR(PL2),0.1517806215216965,0.6271121836296853,0.39597192945084325,0.33999999999999986,0.25199999999999995
3,BR(InL2),0.16722119256859405,0.6537304910002277,0.4176229320056138,0.3799999999999998,0.288
4,BR(Hiemstra_LM),0.22597567768805138,0.7704021658561772,0.48503845886429325,0.428,0.33
