,name,map,recip_rank,ndcg,P_5,P_10
0,BR(TF_IDF),0.1655045286403906,0.6477637912839525,0.41505148945310494,0.3599999999999999,0.272
1,BR(BM25),0.16736926022002493,0.6518070754356333,0.41745805137363584,0.36,0.2760000000000001
2,BR(PL2),0.15849220394465072,0.6384183127672957,0.40564018790009976,0.35199999999999987,0.25199999999999995
3,BR(InL2),0.17670273159299746,0.6829099778630828,0.4300443228730712,0.39999999999999986,0.284
4,BR(Hiemstra_LM),0.23455505438343305,0.7703940003091881,0.4933992634701887,0.44,0.33399999999999996
