,name,map,recip_rank,ndcg,P_5,P_10
0,BR(TF_IDF),0.1582924779884592,0.6237331971608386,0.410678081504708,0.35599999999999987,0.26
1,BR(BM25),0.16178518721187765,0.6536688575188012,0.4157660187583948,0.35599999999999987,0.268
2,BR(PL2),0.15061289474428827,0.6024924280047887,0.39920837959531374,0.35199999999999987,0.2419999999999999
3,BR(InL2),0.17206609122113556,0.6614534661855554,0.4291461653395929,0.38799999999999985,0.28
4,BR(Hiemstra_LM),0.22793348362098506,0.7692607376887173,0.4928420670167641,0.42400000000000004,0.33799999999999997
