,name,map,recip_rank,ndcg,P_5,P_10
0,BR(TF_IDF),0.14371130448453384,0.6091971155089433,0.3907793736433063,0.31999999999999995,0.24599999999999994
1,BR(BM25),0.14635540987305556,0.6397351249924238,0.39588209814271225,0.31999999999999995,0.23999999999999994
2,BR(PL2),0.1386152191638534,0.6074247864775909,0.3834920857769315,0.30399999999999994,0.22599999999999995
3,BR(InL2),0.1536756741682087,0.631216994619108,0.4043468970997403,0.33199999999999996,0.25799999999999995
4,BR(Hiemstra_LM),0.21024845233128675,0.7342336031714237,0.46886768796434625,0.40399999999999997,0.3199999999999999
