,name,map,recip_rank,ndcg,P_5,P_10
0,BR(TF_IDF),0.14407576189362725,0.6101493544655683,0.3906593348482695,0.3239999999999999,0.23999999999999996
1,BR(BM25),0.14670988787300737,0.640038130091995,0.3958224139604071,0.31999999999999995,0.23599999999999993
2,BR(PL2),0.14003788653553298,0.6085412760632956,0.38423530092178404,0.31599999999999995,0.22799999999999992
3,BR(InL2),0.15371753133903596,0.630708863405991,0.4042544725009801,0.3399999999999999,0.25799999999999995
4,BR(Hiemstra_LM),0.2092556091077207,0.7342666857442015,0.4685515678846743,0.40399999999999997,0.3179999999999999
