,name,map,recip_rank,ndcg,P_5,P_10
0,BR(TF_IDF),0.14103357405219558,0.5983365048395946,0.38434679264052546,0.3199999999999999,0.24199999999999997
1,BR(BM25),0.14380579118326348,0.6108520875355234,0.38925407161279046,0.324,0.23799999999999993
2,BR(PL2),0.1363574999711999,0.5849211550418572,0.37790516150766235,0.31199999999999994,0.22399999999999995
3,BR(InL2),0.15039334009026561,0.6261191552728685,0.39843911726537046,0.3399999999999999,0.25600000000000006
4,BR(Hiemstra_LM),0.20643393002101157,0.7342423853611736,0.4646757517073048,0.4039999999999999,0.3139999999999999
