,name,map,recip_rank,ndcg,P_5,P_10
0,BR(TF_IDF),0.1433117346265161,0.6098280334581161,0.3904669647147729,0.3239999999999999,0.24399999999999994
1,BR(BM25),0.14563462119137852,0.6292053832286774,0.39543558621574376,0.324,0.23799999999999993
2,BR(PL2),0.13862588755737348,0.6019923577871439,0.3840157092488694,0.31999999999999995,0.22799999999999992
3,BR(InL2),0.15364564263586972,0.6420131644197531,0.40495330609184066,0.33999999999999986,0.26
4,BR(Hiemstra_LM),0.20864499502183076,0.7242000663499572,0.46814695651215116,0.412,0.3159999999999999
