,name,map,recip_rank,ndcg,P_5,P_10
0,BR(TF_IDF),0.14197967834577682,0.6154709961066638,0.38572384887785427,0.3159999999999999,0.23799999999999993
1,BR(BM25),0.14408095857382955,0.6251829105780717,0.389698881340545,0.31999999999999995,0.23799999999999996
2,BR(PL2),0.1367780946484146,0.598622910617676,0.378001844178319,0.30799999999999994,0.22399999999999995
3,BR(InL2),0.1512010375974762,0.6393435509130587,0.3994424095587362,0.3399999999999999,0.25600000000000006
4,BR(Hiemstra_LM),0.20500999477904158,0.7341718891631455,0.4626076977315303,0.3999999999999999,0.3119999999999999
