,name,map,recip_rank,ndcg,P_5,P_10
0,BR(TF_IDF),0.15469073024214441,0.6402093261667413,0.40038180121896716,0.3159999999999999,0.26799999999999996
1,BR(BM25),0.15575025457775618,0.6437128444895903,0.40234945425300084,0.31999999999999995,0.26599999999999996
2,BR(PL2),0.14820828376809583,0.6124370464122486,0.38996271455440534,0.31999999999999995,0.25599999999999995
3,BR(InL2),0.16211508539930425,0.6417012826478887,0.40960413811791185,0.33999999999999986,0.27599999999999997
4,BR(Hiemstra_LM),0.21773509618055273,0.7479631960015074,0.4772721794821564,0.43599999999999994,0.32199999999999995
