,name,map,recip_rank,ndcg,P_5,P_10
0,BR(TF_IDF),0.1570403189817039,0.6316263037050437,0.4065216764940774,0.3239999999999999,0.262
1,BR(BM25),0.15761029452728975,0.6361617481681996,0.40834075834665184,0.3239999999999999,0.27
2,BR(PL2),0.14805183054501161,0.6050238765855982,0.3943097018112303,0.3199999999999999,0.248
3,BR(InL2),0.16467819536472506,0.6169226317665313,0.41656569322413917,0.3559999999999998,0.276
4,BR(Hiemstra_LM),0.22011926899152567,0.757805724843275,0.4868715413465764,0.436,0.336
