,name,map,recip_rank,ndcg,P_5,P_10
0,BR(TF_IDF),0.15475961972176216,0.6316633737113497,0.40061829560761875,0.31999999999999995,0.26399999999999996
1,BR(BM25),0.15622109243577023,0.6376268049720649,0.4032109259378035,0.3239999999999999,0.26799999999999996
2,BR(PL2),0.149454885802796,0.613818741565452,0.39183593938389083,0.31599999999999984,0.24999999999999992
3,BR(InL2),0.1618494579388447,0.6327340102707749,0.4097111337854059,0.33999999999999986,0.27399999999999997
4,BR(Hiemstra_LM),0.21839159181739284,0.747966613636504,0.4780684595224459,0.43599999999999994,0.32199999999999995
