,name,map,recip_rank,ndcg,P_5,P_10
0,BR(TF_IDF),0.15388995720736562,0.6472005267067381,0.3987882299961164,0.3079999999999999,0.2619999999999999
1,BR(BM25),0.15421992495005882,0.6417321907207996,0.3996556395553366,0.3119999999999999,0.2639999999999999
2,BR(PL2),0.14431212839125698,0.5883809136967156,0.38349845045454556,0.3079999999999999,0.2499999999999999
3,BR(InL2),0.16001469641587213,0.6493286159659404,0.40821782533835516,0.3199999999999999,0.26599999999999996
4,BR(Hiemstra_LM),0.21503020355015118,0.7494265849524896,0.4739712345679694,0.44,0.31999999999999995
