,name,map,recip_rank,ndcg,P_5,P_10
0,BR(TF_IDF),0.1623647157559719,0.6484395027414827,0.41123029781598375,0.3279999999999999,0.272
1,BR(BM25),0.16419765259964106,0.6649984479404932,0.4145852181062065,0.3279999999999999,0.26999999999999996
2,BR(PL2),0.1557354122474115,0.6436609000783061,0.4011672020068016,0.31199999999999983,0.256
3,BR(InL2),0.17207872226647317,0.6448900280528187,0.4226126560217152,0.35599999999999987,0.28400000000000003
4,BR(Hiemstra_LM),0.2258686159207754,0.7579868829312078,0.48658133975371853,0.44,0.32799999999999996
