,name,map,recip_rank,ndcg,P_5,P_10
0,BR(TF_IDF),0.16092827040872382,0.6579153910108613,0.41227192073482155,0.3319999999999999,0.27
1,BR(BM25),0.16426485460750354,0.6704156589000868,0.4166372261117967,0.3399999999999999,0.27
2,BR(PL2),0.15331858791953892,0.6585205265113732,0.40119003944427406,0.31199999999999983,0.256
3,BR(InL2),0.16986060893938149,0.6574459706959704,0.42413141912171537,0.35599999999999987,0.28600000000000003
4,BR(Hiemstra_LM),0.22284929111859747,0.7596590773575777,0.48633309902293137,0.444,0.336
