,name,map,recip_rank,ndcg,P_5,P_10
0,BR(TF_IDF),0.16050775932555045,0.6465675438514716,0.40655196677480154,0.3239999999999999,0.268
1,BR(BM25),0.16312866961547914,0.6504429709210738,0.40946539941042653,0.3239999999999999,0.26999999999999996
2,BR(PL2),0.15431702704578862,0.6280661846263181,0.39614980836100755,0.3159999999999999,0.24999999999999992
3,BR(InL2),0.1690938084389004,0.646888178275738,0.41654212086213294,0.3439999999999999,0.28
4,BR(Hiemstra_LM),0.22311861266554575,0.7479346373790818,0.4808100789710102,0.444,0.324
