,name,map,recip_rank,ndcg,P_5,P_10
0,BR(TF_IDF),0.1521807314933439,0.6519564771268211,0.3972080371137481,0.30399999999999994,0.2559999999999999
1,BR(BM25),0.1529107219449329,0.6446897033539101,0.39852390008652433,0.31199999999999994,0.2559999999999999
2,BR(PL2),0.14579188705133198,0.624211234714748,0.38576367642450643,0.30399999999999994,0.2419999999999999
3,BR(InL2),0.1617408148843392,0.6637197374050531,0.4110076297753181,0.31999999999999995,0.25999999999999995
4,BR(Hiemstra_LM),0.21494946842392296,0.7477385770187529,0.4728018413588125,0.428,0.32599999999999996
