,name,map,recip_rank,ndcg,P_5,P_10
0,BR(TF_IDF),0.16092767320533027,0.6550737210338662,0.4104053002996176,0.3319999999999999,0.268
1,BR(BM25),0.16386703641638575,0.6582849263162222,0.4133871752369685,0.3319999999999999,0.26599999999999996
2,BR(PL2),0.15352878980332213,0.6372426350687752,0.3990527631061223,0.3159999999999999,0.25399999999999995
3,BR(InL2),0.17055376434531783,0.6590729024825559,0.42162252049584076,0.35599999999999987,0.28400000000000003
4,BR(Hiemstra_LM),0.22534659358944004,0.7479409070553271,0.4843034657883715,0.44800000000000006,0.32799999999999996
