,name,map,recip_rank,ndcg,P_5,P_10
0,BR(TF_IDF),0.16170595452922806,0.6589217326078309,0.41276747870194547,0.33599999999999985,0.258
1,BR(BM25),0.162532900612101,0.6631154641842792,0.414275544237447,0.3279999999999999,0.268
2,BR(PL2),0.15262771100169054,0.6374555444700201,0.4007677943277046,0.3159999999999999,0.248
3,BR(InL2),0.17091685171526855,0.6411916910489297,0.4233336436900769,0.34399999999999986,0.28
4,BR(Hiemstra_LM),0.22433176110498554,0.7594654066330644,0.4888944837922741,0.436,0.33399999999999996
