,name,map,recip_rank,ndcg,P_5,P_10
0,BR(TF_IDF),0.15995744654935387,0.66172877781823,0.4109996414399147,0.33599999999999985,0.262
1,BR(BM25),0.16134104664662183,0.6664233715809783,0.4128687779503838,0.3279999999999999,0.268
2,BR(PL2),0.1514527531976352,0.6503161857299788,0.39907181754684146,0.3119999999999999,0.25
3,BR(InL2),0.16854534290647397,0.6446149238102277,0.4209531180344883,0.3519999999999998,0.28
4,BR(Hiemstra_LM),0.22170423364135503,0.7496690002404288,0.4851635008471425,0.444,0.3340000000000001
