,name,map,recip_rank,ndcg,P_5,P_10
0,BR(TF_IDF),0.15298069983393506,0.6512636865933575,0.39826765565906974,0.3,0.2559999999999999
1,BR(BM25),0.15314273678807427,0.6440371213263316,0.39947635724067715,0.3,0.25599999999999995
2,BR(PL2),0.14615273112968652,0.6234727734974955,0.38694687450117476,0.30399999999999994,0.2459999999999999
3,BR(InL2),0.16220405381014,0.6632654443145577,0.41223951717866697,0.31999999999999995,0.25799999999999995
4,BR(Hiemstra_LM),0.21511028021760023,0.7477786950298559,0.4732008148414697,0.428,0.324
