,name,map,recip_rank,ndcg,P_5,P_10
0,BR(TF_IDF),0.1559329735862909,0.6367791796090977,0.4025550400456826,0.3239999999999999,0.26199999999999996
1,BR(BM25),0.15872210068752535,0.6506028175276901,0.4068694689730325,0.3239999999999999,0.26399999999999996
2,BR(PL2),0.1506163040857519,0.6183927289815447,0.39334000839128047,0.31999999999999984,0.24799999999999994
3,BR(InL2),0.1631552684000081,0.6375424209628754,0.4118381937913146,0.33599999999999985,0.27599999999999997
4,BR(Hiemstra_LM),0.22051805467843322,0.7479658302733578,0.4797521802661981,0.44,0.32199999999999995
