,name,map,recip_rank,ndcg,P_5,P_10
0,BR(TF_IDF),0.16542673329449006,0.6235612535933334,0.4187106929734419,0.3599999999999999,0.282
1,BR(BM25),0.1681748074778378,0.6353438031758927,0.42202073957859043,0.3599999999999999,0.284
2,BR(PL2),0.15645704392341792,0.6002639843957768,0.4059925100212795,0.33999999999999986,0.272
3,BR(InL2),0.17733762854026197,0.6706838436280215,0.4352646685589269,0.3639999999999998,0.284
4,BR(Hiemstra_LM),0.22757437174146042,0.7684019100622749,0.4952377852339482,0.43599999999999994,0.3460000000000001
