,name,map,recip_rank,ndcg,P_5,P_10
0,BR(TF_IDF),0.12897511204767179,0.5497042090589148,0.34965143996486575,0.292,0.21599999999999997
1,BR(BM25),0.1303864065572445,0.5553277658928658,0.35320310895274765,0.29600000000000004,0.21599999999999997
2,BR(PL2),0.12479138937268788,0.5536439494696741,0.3451308113292384,0.288,0.21
3,BR(InL2),0.13590865260725474,0.5663239014358009,0.35940670049346934,0.31999999999999995,0.21999999999999997
4,BR(Hiemstra_LM),0.1836660286082389,0.6988985983867786,0.42264579300490346,0.3839999999999999,0.2799999999999999
