,name,map,recip_rank,ndcg,P_5,P_10
0,BR(TF_IDF),0.12906132350501365,0.5505298275364185,0.34984586212637886,0.292,0.21799999999999997
1,BR(BM25),0.13057820810565435,0.5564215699141658,0.3533711006421567,0.3,0.21599999999999997
2,BR(PL2),0.1251644784428295,0.5537530530155768,0.3453643198745414,0.288,0.20799999999999996
3,BR(InL2),0.13606537149671902,0.5674545879481441,0.3596343422710367,0.31999999999999995,0.222
4,BR(Hiemstra_LM),0.18290087589348808,0.6988719674300179,0.42078788596994016,0.37999999999999995,0.2799999999999999
