,name,map,recip_rank,ndcg,P_5,P_10
0,BR(TF_IDF),0.12460662011709445,0.5559566381756946,0.3459417100674898,0.276,0.21599999999999997
1,BR(BM25),0.12733633562616942,0.5619377079790409,0.3501060729761288,0.29200000000000004,0.21599999999999997
2,BR(PL2),0.12121157278583317,0.5473680085554193,0.3401684685946362,0.272,0.20800000000000002
3,BR(InL2),0.1312546249667536,0.562293028271693,0.3545909079627986,0.308,0.22399999999999995
4,BR(Hiemstra_LM),0.17901688155376752,0.6880773348598084,0.41637197092593,0.3759999999999999,0.27399999999999997
