,name,map,recip_rank,ndcg,P_5,P_10
0,BR(TF_IDF),0.1328770135823187,0.5728529825215142,0.3662055970676992,0.29600000000000004,0.21600000000000003
1,BR(BM25),0.1340191439699307,0.5676637428718153,0.3682030627069118,0.308,0.21200000000000002
2,BR(PL2),0.1277464637725955,0.5607612579720549,0.3596966309805875,0.296,0.20400000000000001
3,BR(InL2),0.139823471161943,0.5912726106930851,0.37544663341954343,0.30799999999999994,0.228
4,BR(Hiemstra_LM),0.18706117870508718,0.7126919430976716,0.43306349335894107,0.37999999999999995,0.286
