,name,map,recip_rank,ndcg,P_5,P_10
0,BR(TF_IDF),0.13097703747412287,0.5556002536806423,0.3568642272140071,0.28400000000000003,0.21
1,BR(BM25),0.13214921322925421,0.5574263003990411,0.3589943397064331,0.292,0.214
2,BR(PL2),0.12605223888714592,0.5540078023388274,0.3500516999801262,0.284,0.20799999999999996
3,BR(InL2),0.13820413535612222,0.5734384258990987,0.3676027275249056,0.304,0.22199999999999995
4,BR(Hiemstra_LM),0.1860563053513784,0.6951478693667589,0.4278416602469446,0.3879999999999999,0.2819999999999999
