,name,map,recip_rank,ndcg,P_5,P_10
0,BR(TF_IDF),0.12799377764504993,0.5523445957198512,0.3490380206283667,0.28800000000000003,0.214
1,BR(BM25),0.12954407166431245,0.5539668459044553,0.3518848017773293,0.29600000000000004,0.214
2,BR(PL2),0.12466208550317048,0.555227504691513,0.3436773952055157,0.288,0.20800000000000005
3,BR(InL2),0.13564321382347294,0.5676155243507004,0.3590437091796829,0.31199999999999994,0.226
4,BR(Hiemstra_LM),0.18241296744781746,0.698725692909652,0.4202628376722408,0.37999999999999995,0.2799999999999999
