,name,map,recip_rank,ndcg,P_5,P_10
0,BR(TF_IDF),0.13079455012717342,0.5577622346272677,0.35373611618667894,0.28800000000000003,0.218
1,BR(BM25),0.1330465102127411,0.5727470536170679,0.35902820713079675,0.292,0.22400000000000003
2,BR(PL2),0.12575580326620922,0.5551063634694327,0.34738336397484254,0.288,0.21
3,BR(InL2),0.13782433521282417,0.572350162355509,0.3641306552640545,0.31999999999999995,0.22399999999999995
4,BR(Hiemstra_LM),0.18612259449526203,0.698945564280249,0.4263251996479347,0.3839999999999999,0.28199999999999986
