,name,map,recip_rank,ndcg,P_5,P_10
0,BR(TF_IDF),0.1336518238595675,0.5631167776934148,0.36946901310424046,0.292,0.21600000000000005
1,BR(BM25),0.1350702809535628,0.5665514572384382,0.3724560775181887,0.304,0.21200000000000002
2,BR(PL2),0.12917870852540972,0.5617078637491114,0.3641377564462484,0.27999999999999997,0.20200000000000004
3,BR(InL2),0.1411854127926558,0.5806518336789401,0.3790256721661499,0.308,0.228
4,BR(Hiemstra_LM),0.1908169454496443,0.714360641811821,0.4366969884168805,0.3879999999999999,0.29599999999999993
