,name,map,recip_rank,ndcg,P_5,P_10
0,BR(TF_IDF),0.13166297475451566,0.5418880174987794,0.35575829244178486,0.29600000000000004,0.218
1,BR(BM25),0.13343086873201424,0.5462859196124527,0.3591183229187753,0.29200000000000004,0.21999999999999997
2,BR(PL2),0.12448573458768353,0.5431679791127307,0.34834689539364816,0.284,0.20999999999999996
3,BR(InL2),0.1394635512692613,0.5761951067600339,0.3676641474747615,0.304,0.22599999999999998
4,BR(Hiemstra_LM),0.18688458782905432,0.6809804108738892,0.4272121049305011,0.384,0.2779999999999999
