,name,map,recip_rank,ndcg,P_5,P_10
0,BR(TF_IDF),0.13499157224178013,0.5683250514636702,0.3594911425670114,0.29600000000000004,0.226
1,BR(BM25),0.13637339442033775,0.5704410510839599,0.36200496724078624,0.30400000000000005,0.226
2,BR(PL2),0.12774577007179114,0.5670671352451276,0.35256097515834284,0.296,0.20800000000000002
3,BR(InL2),0.14254381095556742,0.6116111525775983,0.3714951219410456,0.308,0.23199999999999998
4,BR(Hiemstra_LM),0.18743996121273185,0.6829675671509353,0.42647529648045457,0.3919999999999999,0.286
