,name,map,recip_rank,ndcg,P_5,P_10
0,BR(TF_IDF),0.1364333354235895,0.5532746265349697,0.3753633501781757,0.29999999999999993,0.23000000000000004
1,BR(BM25),0.13662572099012515,0.5472389529380678,0.3758000922833172,0.31199999999999994,0.22800000000000004
2,BR(PL2),0.1325827491195257,0.5506833335537864,0.371269974061699,0.30399999999999994,0.21199999999999997
3,BR(InL2),0.14532029520562215,0.5706866851637175,0.385466581128016,0.3239999999999999,0.242
4,BR(Hiemstra_LM),0.19497326752619654,0.7157898748208367,0.44206411270248674,0.39999999999999986,0.2999999999999999
