,name,map,recip_rank,ndcg,P_5,P_10
0,BR(TF_IDF),0.13124885037744247,0.543189550420427,0.3551008714153482,0.284,0.214
1,BR(BM25),0.13319750220168314,0.5499191434817408,0.35850560872436255,0.292,0.21799999999999997
2,BR(PL2),0.1258429774481485,0.5466970931405715,0.34925799712256267,0.27599999999999997,0.20799999999999996
3,BR(InL2),0.13982917657426636,0.5757379122938421,0.36735279835584506,0.296,0.22399999999999995
4,BR(Hiemstra_LM),0.18664915666494392,0.6810863319449092,0.426458901725666,0.384,0.2779999999999999
