,name,map,recip_rank,ndcg,P_5,P_10
0,BR(TF_IDF),0.1269231277277325,0.5754080193289617,0.34895098481444875,0.2920000000000001,0.21600000000000003
1,BR(BM25),0.1283067613629124,0.5707274742477164,0.351387176317363,0.3040000000000001,0.22200000000000003
2,BR(PL2),0.12458009224786817,0.5759764224795856,0.3450436790764915,0.2800000000000001,0.212
3,BR(InL2),0.1302837618176528,0.5641849877466193,0.35452465553117757,0.31200000000000006,0.22599999999999998
4,BR(Hiemstra_LM),0.17898958721598826,0.694263707370112,0.416449037884626,0.3719999999999999,0.27799999999999997
