,name,map,recip_rank,ndcg,P_5,P_10
0,BR(TF_IDF),0.12370633349758664,0.5451143796883587,0.34334253003717685,0.276,0.214
1,BR(BM25),0.12616518011897837,0.5508815505691441,0.34790197772516124,0.29200000000000004,0.214
2,BR(PL2),0.12100440231812787,0.5479391374588347,0.33881396629485544,0.276,0.20600000000000002
3,BR(InL2),0.13114965986754207,0.5605176077259647,0.35411038055698435,0.3,0.22399999999999995
4,BR(Hiemstra_LM),0.17814980481879814,0.6882821453683353,0.4147139228977542,0.3719999999999999,0.2719999999999999
