,name,map,recip_rank,ndcg,P_5,P_10
0,BR(TF_IDF),0.12366023229186959,0.5459523394324524,0.3439456421464015,0.276,0.21799999999999997
1,BR(BM25),0.12694551462667916,0.5619329816787387,0.34970592860960936,0.29200000000000004,0.21599999999999997
2,BR(PL2),0.1211294251842821,0.5485741887947352,0.33999011065620877,0.272,0.206
3,BR(InL2),0.13046708671409324,0.5622774915679394,0.35434246093316957,0.30400000000000005,0.22199999999999995
4,BR(Hiemstra_LM),0.17831102130328053,0.6880773348598084,0.4158082440393898,0.3719999999999999,0.27399999999999997
