,name,map,recip_rank,ndcg,P_5,P_10
0,BR(TF_IDF),0.1574599234454883,0.6591335224718898,0.40485033887497157,0.31999999999999984,0.24999999999999997
1,BR(BM25),0.15880341001530884,0.6643489688004424,0.4075999573353632,0.3239999999999999,0.256
2,BR(PL2),0.14891737464000446,0.6451363969548389,0.3928359375975933,0.3039999999999998,0.236
3,BR(InL2),0.16422542818625424,0.6419843128521139,0.413788161909308,0.33599999999999985,0.27
4,BR(Hiemstra_LM),0.21984499965246942,0.7630154541246091,0.4820613378806244,0.444,0.32799999999999996
