,name,map,recip_rank,ndcg,P_5,P_10
0,BR(TF_IDF),0.15089038386442385,0.6306154683056721,0.39262650937536586,0.29599999999999993,0.2559999999999999
1,BR(BM25),0.15124029654128796,0.6351916557111084,0.39372201923674,0.2999999999999999,0.2539999999999999
2,BR(PL2),0.14362684132359202,0.5897725469134161,0.38133143879664644,0.29599999999999993,0.2439999999999999
3,BR(InL2),0.15712532477852081,0.6381054911727866,0.4018616217001859,0.3159999999999999,0.25999999999999995
4,BR(Hiemstra_LM),0.2133607556179939,0.7727772245080825,0.47225541084744377,0.43199999999999994,0.31199999999999994
