,name,map,recip_rank,ndcg,P_5,P_10
0,BR(TF_IDF),0.1525490841229256,0.6391797972496931,0.3950901375263874,0.3079999999999999,0.25999999999999995
1,BR(BM25),0.15270618035813446,0.642853975135493,0.39628519412292507,0.3079999999999999,0.25599999999999995
2,BR(PL2),0.14637859279561793,0.6071862560041054,0.3854776054205963,0.3079999999999999,0.24399999999999994
3,BR(InL2),0.15898068565731854,0.6472209943901795,0.40426445594118804,0.3319999999999998,0.26599999999999996
4,BR(Hiemstra_LM),0.2159627435421449,0.7729617332594177,0.4759144880240609,0.43999999999999995,0.314
