,name,map,recip_rank,ndcg,P_5,P_10
0,BR(TF_IDF),0.15385440895963873,0.6360320901320902,0.3979284351061038,0.3119999999999999,0.25399999999999995
1,BR(BM25),0.15580812272482278,0.6498954336922158,0.4012229400779182,0.3119999999999999,0.25399999999999995
2,BR(PL2),0.1481991471401349,0.6137113342433524,0.3886078527884356,0.31199999999999983,0.24199999999999997
3,BR(InL2),0.16018776745614868,0.6421671839994033,0.40754620255623436,0.32799999999999985,0.26799999999999996
4,BR(Hiemstra_LM),0.2201881789876526,0.7829781345217927,0.48020445392861305,0.444,0.316
