,name,map,recip_rank,ndcg,P_5,P_10
0,BR(TF_IDF),0.15241404895086227,0.6307767587595173,0.39539164584870184,0.3039999999999998,0.2619999999999999
1,BR(BM25),0.15309886113496046,0.6367683509193909,0.397028293400574,0.3079999999999999,0.25799999999999995
2,BR(PL2),0.14704752215628464,0.6087718349793964,0.3867954878825698,0.30799999999999983,0.24399999999999994
3,BR(InL2),0.15855810497368986,0.6373585631884812,0.4048178875774385,0.32799999999999985,0.26599999999999996
4,BR(Hiemstra_LM),0.21787174015596944,0.7829752285360709,0.47850822662718506,0.43999999999999995,0.314
