,name,map,recip_rank,ndcg,P_5,P_10
0,BR(TF_IDF),0.14982070685743262,0.6331654213881667,0.3908961655303361,0.29999999999999993,0.24799999999999994
1,BR(BM25),0.1512919421576922,0.6400854563371301,0.39395428384156267,0.3079999999999999,0.24599999999999994
2,BR(PL2),0.14435903417467427,0.6181367274340078,0.38259696109717667,0.29599999999999993,0.24399999999999994
3,BR(InL2),0.16045906963626969,0.6651394008748736,0.40584285269746706,0.31999999999999995,0.25799999999999995
4,BR(Hiemstra_LM),0.21540710883852798,0.7817373228725415,0.47427247606394296,0.43199999999999994,0.31999999999999995
