,name,map,recip_rank,ndcg,P_5,P_10
0,BR(TF_IDF),0.15857989439505046,0.6560842860842859,0.4062166958629777,0.31599999999999984,0.254
1,BR(BM25),0.15988261845871948,0.6622393673864261,0.4079130208021442,0.3239999999999999,0.256
2,BR(PL2),0.15117717100683326,0.6428381028830275,0.3958463698479489,0.3039999999999998,0.23799999999999993
3,BR(InL2),0.16747485071185042,0.6396589439851175,0.4169239697756682,0.33599999999999985,0.266
4,BR(Hiemstra_LM),0.22095367550123357,0.7594692815847786,0.48389263812333416,0.436,0.32799999999999996
