,name,map,recip_rank,ndcg,P_5,P_10
0,BR(TF_IDF),0.15909337234890997,0.6549096814882513,0.4062160075008724,0.3199999999999999,0.25999999999999995
1,BR(BM25),0.15990007965179395,0.6581039344060341,0.4074238351281336,0.3239999999999999,0.25799999999999995
2,BR(PL2),0.1524978320830326,0.6356296956820313,0.3951696081842283,0.31599999999999984,0.2419999999999999
3,BR(InL2),0.16794583894834975,0.6597210822043885,0.4171329161907319,0.3479999999999999,0.27599999999999997
4,BR(Hiemstra_LM),0.2248209101749124,0.7829517458345652,0.48514791961566367,0.452,0.324
