,name,map,recip_rank,ndcg,P_5,P_10
0,BR(TF_IDF),0.15122952657810199,0.6311385664361184,0.39283870102012197,0.2999999999999999,0.25199999999999995
1,BR(BM25),0.15222238348869754,0.6363209421728172,0.3948250203238134,0.3039999999999999,0.25199999999999995
2,BR(PL2),0.1442860757993742,0.6076177103592277,0.38290336168102757,0.29599999999999993,0.23999999999999994
3,BR(InL2),0.15903215426521947,0.6529258263261624,0.40524701843108263,0.3159999999999999,0.25999999999999995
4,BR(Hiemstra_LM),0.2146921323192936,0.7727774963088198,0.47318890162039073,0.436,0.31399999999999995
