,name,map,recip_rank,ndcg,P_5,P_10
0,BR(TF_IDF),0.16032403338714868,0.6133864435135153,0.41436357050067973,0.31999999999999984,0.272
1,BR(BM25),0.16318878283183,0.6238381568144499,0.4181913312602395,0.32799999999999985,0.27399999999999997
2,BR(PL2),0.15199414923315402,0.5727474830405864,0.4017601767916942,0.31999999999999984,0.25599999999999995
3,BR(InL2),0.17068609764284134,0.6346727588177562,0.4277534608332955,0.34399999999999986,0.282
4,BR(Hiemstra_LM),0.22133306789012852,0.75270339309813,0.491017288537949,0.43999999999999995,0.34199999999999997
