,name,map,recip_rank,ndcg,P_5,P_10
0,BR(TF_IDF),0.1508134620271624,0.6311197394670635,0.39255517075987123,0.29599999999999993,0.24999999999999992
1,BR(BM25),0.15163753570160926,0.6352192568665185,0.3939793121076779,0.2999999999999999,0.24999999999999992
2,BR(PL2),0.14308634546251744,0.5914090040164913,0.3805853692539,0.29599999999999993,0.23999999999999994
3,BR(InL2),0.1574217481484243,0.6395907230390862,0.4026409090708569,0.3159999999999999,0.25799999999999995
4,BR(Hiemstra_LM),0.21417444182033932,0.772777084955467,0.47311845980404826,0.436,0.31199999999999994
