,name,map,recip_rank,ndcg,P_5,P_10
0,BR(TF_IDF),0.1621790704078817,0.6265336668329444,0.4132901627847901,0.3479999999999998,0.28200000000000003
1,BR(BM25),0.16531841933967503,0.6443895734308291,0.41744664665591175,0.34399999999999986,0.28
2,BR(PL2),0.1521367723705183,0.5890185918251043,0.40005165416608257,0.3319999999999998,0.264
3,BR(InL2),0.17295284512983844,0.6583656793525821,0.4291699179700108,0.3519999999999998,0.284
4,BR(Hiemstra_LM),0.22227063159203553,0.7667374127898442,0.4901562410925672,0.4279999999999999,0.336
