,name,map,recip_rank,ndcg,P_5,P_10
0,BR(TF_IDF),0.15797537325771982,0.6612214452214451,0.4068905020737177,0.31999999999999984,0.25999999999999995
1,BR(BM25),0.16005117084785328,0.6681818206712772,0.4095362531013425,0.3279999999999999,0.256
2,BR(PL2),0.1508594955512812,0.6557014490003401,0.3954996341529784,0.3039999999999998,0.24399999999999994
3,BR(InL2),0.16641964869745682,0.656122931100003,0.41733364773606935,0.3439999999999999,0.27399999999999997
4,BR(Hiemstra_LM),0.22086632724495683,0.7730046413817132,0.48416191005110787,0.444,0.32799999999999996
