,name,map,recip_rank,ndcg,P_5,P_10
0,BR(TF_IDF),0.1569664363800332,0.6401707829552633,0.40774744561463855,0.3159999999999998,0.26599999999999996
1,BR(BM25),0.15901821235792452,0.6568706275848677,0.4114854118540264,0.32399999999999984,0.26399999999999996
2,BR(PL2),0.14701152451666158,0.6019169485756285,0.39427654970686177,0.3159999999999998,0.2539999999999999
3,BR(InL2),0.16569310021487915,0.643571617340196,0.42022031869188253,0.3519999999999998,0.272
4,BR(Hiemstra_LM),0.2217123534817129,0.7700117852854289,0.4905528219350906,0.436,0.33599999999999997
