,name,map,recip_rank,ndcg,P_5,P_10
0,BR(TF_IDF),0.15047099732468167,0.6317514056812231,0.3918755523457187,0.29599999999999993,0.24799999999999994
1,BR(BM25),0.15167215620095453,0.639349909647406,0.39384280421665774,0.30399999999999994,0.24599999999999994
2,BR(PL2),0.1449421041183474,0.6174088720172319,0.3839473324653399,0.29999999999999993,0.23999999999999994
3,BR(InL2),0.16118073030803992,0.6646794651055221,0.4068779242750173,0.31999999999999995,0.256
4,BR(Hiemstra_LM),0.21554726515935413,0.7817960724705428,0.4741404904000359,0.43199999999999994,0.31799999999999995
