,name,map,recip_rank,ndcg,P_5,P_10
0,BR(TF_IDF),0.15859189598749227,0.6459992851745173,0.4022498639116938,0.3119999999999999,0.25599999999999995
1,BR(BM25),0.15845219795727927,0.6494903407269653,0.4027510289062968,0.31199999999999994,0.25599999999999995
2,BR(PL2),0.15188184548688693,0.6236185633799234,0.39207432090530175,0.30799999999999983,0.24399999999999994
3,BR(InL2),0.1669651264492209,0.6521479529712014,0.4126325665239815,0.33599999999999985,0.272
4,BR(Hiemstra_LM),0.22253766858235116,0.7829466268594174,0.4809258357209508,0.44799999999999995,0.314
