,name,map,recip_rank,ndcg,P_5,P_10
0,BR(TF_IDF),0.15879837448040046,0.6544905695611577,0.4062411011120378,0.3239999999999999,0.26199999999999996
1,BR(BM25),0.16073775603394488,0.6681350597892102,0.409225662025235,0.31999999999999984,0.25999999999999995
2,BR(PL2),0.15245634604185512,0.6455803460962555,0.3947585680159858,0.30799999999999983,0.2419999999999999
3,BR(InL2),0.1670183762708869,0.6485353070115799,0.4160592796092742,0.3439999999999999,0.27599999999999997
4,BR(Hiemstra_LM),0.22290058586805944,0.7729965859724119,0.4834464064484533,0.444,0.326
