,name,map,recip_rank,ndcg,P_5,P_10
0,BR(TF_IDF),0.15970153757411829,0.6478168776865659,0.4071140970409228,0.31999999999999984,0.26199999999999996
1,BR(BM25),0.1619974286624853,0.6648435271647984,0.4107755036525853,0.31999999999999984,0.25799999999999995
2,BR(PL2),0.15355457048548452,0.6421332839154756,0.3959586808308152,0.30799999999999983,0.24399999999999994
3,BR(InL2),0.16853377907460604,0.6452019067215469,0.41711066398554286,0.3439999999999999,0.27599999999999997
4,BR(Hiemstra_LM),0.22436643755852953,0.7729999832287504,0.48523103428261166,0.444,0.326
