,name,map,recip_rank,ndcg,P_5,P_10
0,BR(TF_IDF),0.159851729124903,0.651434274405379,0.4059712654256515,0.3279999999999999,0.26199999999999996
1,BR(BM25),0.16143304163697536,0.6648508499619358,0.4086819254822575,0.3239999999999999,0.25999999999999995
2,BR(PL2),0.1522364630801742,0.6331372511598317,0.39296715322935855,0.30799999999999983,0.24399999999999994
3,BR(InL2),0.1669549216522695,0.635565453478042,0.41458573182135,0.3439999999999999,0.27599999999999997
4,BR(Hiemstra_LM),0.22373216704428317,0.7730034247012969,0.4834898244829899,0.444,0.32799999999999996
