,name,map,recip_rank,ndcg,P_5,P_10
0,BR(TF_IDF),0.15394536285454252,0.6209897075078064,0.4021316676471355,0.3159999999999999,0.258
1,BR(BM25),0.155312679295578,0.6266786222777263,0.4036861727409295,0.3199999999999999,0.26199999999999996
2,BR(PL2),0.14676755005871894,0.6025108035901754,0.39097851644715115,0.31199999999999983,0.24999999999999997
3,BR(InL2),0.16196007232216345,0.6153311762559962,0.41212180137007254,0.3519999999999998,0.272
4,BR(Hiemstra_LM),0.21834588443264769,0.7700106681660165,0.48585097564974883,0.436,0.3299999999999999
