,name,map,recip_rank,ndcg,P_5,P_10
0,BR(TF_IDF),0.15031375372508524,0.6305038807024028,0.3914087985105042,0.2999999999999999,0.2559999999999999
1,BR(BM25),0.1509143375379208,0.635547267780278,0.3931278333105078,0.3039999999999999,0.2559999999999999
2,BR(PL2),0.1431202141219017,0.5908830331575775,0.3798338989030562,0.2999999999999999,0.23999999999999994
3,BR(InL2),0.15650472255339326,0.6384683901176258,0.4004063591936072,0.3159999999999999,0.26199999999999996
4,BR(Hiemstra_LM),0.21317177413278532,0.7727802146912857,0.4709366671566862,0.43599999999999994,0.31199999999999994
