,name,map,recip_rank,ndcg,P_5,P_10
0,BR(TF_IDF),0.15797779791366548,0.6462851977936966,0.40107107222512944,0.3119999999999999,0.25599999999999995
1,BR(BM25),0.15814278305615745,0.6502182933659008,0.4023783838897936,0.31199999999999994,0.25999999999999995
2,BR(PL2),0.15058399410199563,0.6146226421048797,0.38860392409301864,0.30799999999999983,0.2419999999999999
3,BR(InL2),0.16583826128953594,0.642569285226185,0.41065725894167693,0.33999999999999986,0.27599999999999997
4,BR(Hiemstra_LM),0.2214154244870493,0.7729496404866529,0.4777047966958441,0.444,0.32
