,name,map,recip_rank,ndcg,P_5,P_10
0,BR(TF_IDF),0.15020767979214864,0.6314836850452947,0.391216944967331,0.2999999999999999,0.2539999999999999
1,BR(BM25),0.15133050567238865,0.6356760143150457,0.3938932405942992,0.3079999999999999,0.2559999999999999
2,BR(PL2),0.14345779347975107,0.6078371906243043,0.38101966248522784,0.2999999999999999,0.2359999999999999
3,BR(InL2),0.15732142353435374,0.6399495628389993,0.4018583128289582,0.3159999999999999,0.26199999999999996
4,BR(Hiemstra_LM),0.21362433644312145,0.7727801779812387,0.47139305285588856,0.44,0.3139999999999999
