,name,map,recip_rank,ndcg,P_5,P_10
0,BR(TF_IDF),0.15902287514220792,0.6551941118157619,0.4049200636661693,0.3199999999999999,0.26399999999999996
1,BR(BM25),0.1597530226543097,0.6685869752436467,0.40750285146390725,0.3239999999999999,0.26199999999999996
2,BR(PL2),0.15134278859614494,0.6266092985952512,0.3924491400939472,0.31599999999999984,0.24599999999999997
3,BR(InL2),0.16687110663161814,0.6503628929223677,0.41516192091840265,0.35199999999999987,0.278
4,BR(Hiemstra_LM),0.22249888339908103,0.7629550935948259,0.4804037635555855,0.452,0.324
