,name,map,recip_rank,ndcg,P_5,P_10
0,BR(TF_IDF),0.14995478746609414,0.6321154032553047,0.39019572989294254,0.2999999999999999,0.24999999999999992
1,BR(BM25),0.15113283695502056,0.6397748281501772,0.39344618619476035,0.30399999999999994,0.24999999999999992
2,BR(PL2),0.14455717995001072,0.6188178760974283,0.3826310473483733,0.3039999999999999,0.23799999999999993
3,BR(InL2),0.16070077803212265,0.6650425382741044,0.40555122721401493,0.3239999999999999,0.26199999999999996
4,BR(Hiemstra_LM),0.21533484869859237,0.7817933149128967,0.4731856402857737,0.43199999999999994,0.31799999999999995
