,name,map,recip_rank,ndcg,P_5,P_10
0,BR(TF_IDF),0.1584639026277225,0.6552417642466822,0.40490230061754295,0.3319999999999999,0.26399999999999996
1,BR(BM25),0.16033034272024285,0.6681522463473515,0.4080944006344794,0.3279999999999999,0.26199999999999996
2,BR(PL2),0.15156076269957777,0.6365851859497976,0.3923769540102806,0.31199999999999983,0.24399999999999994
3,BR(InL2),0.16575461651698448,0.6389585637480798,0.41338928285346715,0.3439999999999999,0.27599999999999997
4,BR(Hiemstra_LM),0.22084111067442913,0.752999690867338,0.4789224823704336,0.444,0.326
