,name,map,recip_rank,ndcg,P_5,P_10
0,BR(TF_IDF),0.1575444127273932,0.6460828491650409,0.40469003336162224,0.31999999999999984,0.254
1,BR(BM25),0.15927172685694385,0.6522381684338205,0.406446993342196,0.3319999999999999,0.256
2,BR(PL2),0.15048734205624195,0.6435044075692322,0.39439500658793897,0.30799999999999983,0.23799999999999996
3,BR(InL2),0.16692008793745036,0.6398398665548637,0.4159263137212896,0.33599999999999985,0.27399999999999997
4,BR(Hiemstra_LM),0.22110786444605546,0.7694702070928827,0.4839721760221346,0.44,0.32799999999999996
