,name,map,recip_rank,ndcg,P_5,P_10
0,BR(TF_IDF),0.1622491699502669,0.6265843349303689,0.41251828396739393,0.3479999999999998,0.28200000000000003
1,BR(BM25),0.1648635201664556,0.6444423163216855,0.415935494031835,0.34399999999999986,0.28
2,BR(PL2),0.15126421907399526,0.5798672788816094,0.39826613196772215,0.33599999999999985,0.26599999999999996
3,BR(InL2),0.1712091345111885,0.6484979879275653,0.4256883914195302,0.35599999999999987,0.286
4,BR(Hiemstra_LM),0.22069951653304185,0.7567392315245128,0.48716236641593547,0.4319999999999999,0.338
