,name,map,recip_rank,ndcg,P_5,P_10
0,BR(TF_IDF),0.15724880159398277,0.6401710989061423,0.40706940263966596,0.32399999999999984,0.264
1,BR(BM25),0.15906437908795734,0.6568702177452177,0.410971113288481,0.3279999999999999,0.26799999999999996
2,BR(PL2),0.1461376041076103,0.592919657483611,0.39147468719137685,0.31999999999999984,0.25199999999999995
3,BR(InL2),0.16450334982044976,0.6338324762767115,0.41718455719357295,0.3559999999999998,0.276
4,BR(Hiemstra_LM),0.22022066405416038,0.7600088222313088,0.4877719870960516,0.44,0.33599999999999997
