,name,map,recip_rank,ndcg,P_5,P_10
0,BR(TF_IDF),0.1524018311295436,0.6310603242600676,0.3942726334347845,0.3119999999999999,0.25999999999999995
1,BR(BM25),0.15303565015098974,0.6371233085954288,0.39617585857142834,0.3119999999999999,0.25799999999999995
2,BR(PL2),0.14613473326445642,0.5998808945284665,0.3841555250876201,0.30799999999999983,0.23999999999999994
3,BR(InL2),0.15726097027729952,0.628197690009146,0.40208843768791197,0.3319999999999998,0.26799999999999996
4,BR(Hiemstra_LM),0.21647853510837717,0.7729647234426209,0.4754468787495679,0.43599999999999994,0.31599999999999995
