,name,map,recip_rank,ndcg,P_5,P_10
0,BR(TF_IDF),0.1535529098136325,0.6207610798706586,0.39951145756787926,0.3199999999999999,0.25799999999999995
1,BR(BM25),0.1543985225491565,0.6244443384381574,0.40094118352090824,0.3199999999999999,0.26799999999999996
2,BR(PL2),0.1462494807537663,0.6066218037800577,0.38942849521630557,0.30799999999999983,0.24599999999999997
3,BR(InL2),0.16113364850521542,0.61582294976156,0.4090344654521564,0.33599999999999985,0.27199999999999996
4,BR(Hiemstra_LM),0.2172170214715238,0.7694681411718297,0.48176779328307767,0.436,0.32799999999999996
