,name,map,recip_rank,ndcg,P_5,P_10
0,BR(TF_IDF),0.15703346888793387,0.6515077093794993,0.40473617094699366,0.3239999999999999,0.262
1,BR(BM25),0.159798102175355,0.6682558505295227,0.40927164815323536,0.3319999999999999,0.25799999999999995
2,BR(PL2),0.14963201636811074,0.6464372882046321,0.39303777972080817,0.30799999999999983,0.24399999999999994
3,BR(InL2),0.16527213915906003,0.6467710038529937,0.4152312348911261,0.3439999999999999,0.27799999999999997
4,BR(Hiemstra_LM),0.22021311862115894,0.7730118031077546,0.48238735368704033,0.444,0.32599999999999996
