,name,map,recip_rank,ndcg,P_5,P_10
0,BR(TF_IDF),0.14884053141610068,0.6213026777516671,0.3896849051300835,0.2999999999999999,0.2539999999999999
1,BR(BM25),0.14978219772959053,0.6257028861942654,0.392028469374616,0.3039999999999999,0.2539999999999999
2,BR(PL2),0.14233290111139493,0.6058987707557177,0.3795904105782744,0.2999999999999999,0.23799999999999993
3,BR(InL2),0.15605104355565957,0.6298432262845772,0.399608235611254,0.31599999999999984,0.256
4,BR(Hiemstra_LM),0.21211436961400496,0.7627796157369238,0.46910467394451366,0.43599999999999994,0.31199999999999994
