,name,map,recip_rank,ndcg,P_5,P_10
0,BR(TF_IDF),0.14814891148191026,0.6307993477792359,0.3893530167597678,0.3039999999999999,0.2459999999999999
1,BR(BM25),0.1496717899910679,0.6381047982195137,0.3927050202276536,0.31199999999999983,0.24399999999999994
2,BR(PL2),0.14271070151463405,0.6207826767055973,0.38056187902367455,0.2999999999999999,0.23399999999999999
3,BR(InL2),0.1594662845151399,0.6587621652695017,0.40371618638038,0.32799999999999985,0.256
4,BR(Hiemstra_LM),0.21444287673504003,0.7810783776250428,0.47199383361609276,0.428,0.31999999999999995
