,name,map,recip_rank,ndcg,P_5,P_10
0,BR(TF_IDF),0.14913698912373274,0.6225925407670957,0.3900016467966047,0.3079999999999999,0.24999999999999992
1,BR(BM25),0.15067282682917388,0.631009913214534,0.39293667703479146,0.3159999999999999,0.25199999999999995
2,BR(PL2),0.14239025425661428,0.5997457794701937,0.37971714654336103,0.2999999999999999,0.2359999999999999
3,BR(InL2),0.15790856609858847,0.6461307754502336,0.4025747806339504,0.31999999999999984,0.25999999999999995
4,BR(Hiemstra_LM),0.21411380180570802,0.7727803041644833,0.47151721330918966,0.44,0.31799999999999995
