,name,map,recip_rank,ndcg,P_5,P_10
0,BR(TF_IDF),0.14865058572263667,0.6225723017041137,0.3894590013576403,0.3039999999999999,0.24999999999999992
1,BR(BM25),0.14992578133212697,0.6264989236144036,0.39212026946035144,0.31199999999999983,0.25199999999999995
2,BR(PL2),0.1417376228489102,0.5985319868601303,0.3790934301800773,0.2999999999999999,0.2339999999999999
3,BR(InL2),0.1566266134647269,0.6327907279583979,0.4002115563042453,0.31999999999999984,0.256
4,BR(Hiemstra_LM),0.213648099260545,0.772779543273013,0.4709669898785569,0.44,0.31599999999999995
