,name,map,recip_rank,ndcg,P_5,P_10
0,BR(TF_IDF),0.15102343205771893,0.6218578393764035,0.39265995351377564,0.3119999999999999,0.25799999999999995
1,BR(BM25),0.15161159778317485,0.6271675217672215,0.39496757419979617,0.3119999999999999,0.25599999999999995
2,BR(PL2),0.14476365652283044,0.5983053464475345,0.3824834044658531,0.3039999999999998,0.2379999999999999
3,BR(InL2),0.15617873138753233,0.619003801492009,0.40066866857090955,0.3319999999999998,0.262
4,BR(Hiemstra_LM),0.2153102174601934,0.762963777366301,0.4734671902041858,0.43999999999999995,0.31399999999999995
