,name,map,recip_rank,ndcg,P_5,P_10
0,BR(TF_IDF),0.15242751607141164,0.6271763668286673,0.39553106205901956,0.3159999999999999,0.2539999999999999
1,BR(BM25),0.15419043975275926,0.6402946396590012,0.39881621072981366,0.3119999999999999,0.25399999999999995
2,BR(PL2),0.14583321197881147,0.6020479893754466,0.38459255036557083,0.31199999999999983,0.2359999999999999
3,BR(InL2),0.15799765819438719,0.6244473470853781,0.4032661533944158,0.3319999999999998,0.264
4,BR(Hiemstra_LM),0.2177449144620905,0.7629625555862344,0.47533071079925493,0.44,0.316
