,name,map,recip_rank,ndcg,P_5,P_10
0,BR(TF_IDF),0.1585061894431361,0.6558756416578143,0.40432133586008284,0.3199999999999999,0.264
1,BR(BM25),0.15884116770271178,0.6592564017899224,0.40557068688130277,0.3239999999999999,0.26199999999999996
2,BR(PL2),0.15028981776679423,0.6337533431684548,0.39226922451220064,0.31199999999999983,0.24199999999999997
3,BR(InL2),0.16648022975495416,0.651138141141624,0.4141584673092666,0.35199999999999987,0.272
4,BR(Hiemstra_LM),0.22287233286393257,0.7629538381050983,0.48032991951532844,0.44800000000000006,0.324
