,name,map,recip_rank,ndcg,P_5,P_10
0,BR(TF_IDF),0.15549668159062788,0.656147664116986,0.4024883169479192,0.32799999999999985,0.252
1,BR(BM25),0.15699919646379712,0.6582353055929719,0.4041173782011767,0.3279999999999999,0.256
2,BR(PL2),0.14792936921799663,0.6521180620400205,0.39119323692436064,0.30799999999999983,0.23599999999999993
3,BR(InL2),0.16415575105084543,0.6591010461894454,0.4148789074013979,0.33999999999999986,0.27
4,BR(Hiemstra_LM),0.21932062830008506,0.7730215380118637,0.4805241035841239,0.444,0.324
