,name,map,recip_rank,ndcg,P_5,P_10
0,BR(TF_IDF),0.156322952691409,0.6421832621740386,0.40566511798626254,0.32399999999999984,0.25999999999999995
1,BR(BM25),0.15822194647850116,0.6585571215682557,0.40934627288902925,0.33599999999999985,0.26399999999999996
2,BR(PL2),0.14599994101007024,0.6054156343621042,0.391638325529902,0.3159999999999998,0.25399999999999995
3,BR(InL2),0.16397311372995294,0.636199945746107,0.41767282141258155,0.3519999999999998,0.272
4,BR(Hiemstra_LM),0.21956330483792033,0.7600050340825182,0.48690010618293805,0.43599999999999994,0.33399999999999996
