,name,map,recip_rank,ndcg,P_5,P_10
0,BR(TF_IDF),0.15903691061699898,0.652347557559609,0.4051224945639778,0.3319999999999999,0.25999999999999995
1,BR(BM25),0.16036035701929408,0.6653765997610885,0.4075513564350185,0.3239999999999999,0.25599999999999995
2,BR(PL2),0.15164650624023374,0.6403108588452544,0.39238173461454623,0.30799999999999983,0.2419999999999999
3,BR(InL2),0.1662240561566766,0.6362673600139239,0.4137126831012478,0.3479999999999999,0.27
4,BR(Hiemstra_LM),0.22321619507897836,0.7730006228450672,0.48218139366855517,0.444,0.326
