,name,map,recip_rank,ndcg,P_5,P_10
0,BR(TF_IDF),0.15914463539044882,0.6173783258131084,0.41224115381681736,0.32399999999999984,0.26799999999999996
1,BR(BM25),0.1627566753980925,0.626028266338809,0.4165459982716249,0.3319999999999998,0.27199999999999996
2,BR(PL2),0.15353774827423533,0.6085403727580867,0.40440961813408927,0.32399999999999984,0.25999999999999995
3,BR(InL2),0.16991317384619065,0.6468196449034803,0.42697314720216184,0.3439999999999999,0.278
4,BR(Hiemstra_LM),0.22124306027615595,0.7627942733596038,0.4903553673556628,0.43599999999999994,0.338
