,name,map,recip_rank,ndcg,P_5,P_10
0,BR(TF_IDF),0.150886135115556,0.6303245762951645,0.3929377329370653,0.3079999999999999,0.25799999999999995
1,BR(BM25),0.15157900925920212,0.6332777258868059,0.3946665217567923,0.3079999999999999,0.25399999999999995
2,BR(PL2),0.14451008127042753,0.6111102273930462,0.3823499330137745,0.3039999999999999,0.23999999999999994
3,BR(InL2),0.15779716736798116,0.6387233628613359,0.40271860758355943,0.3319999999999998,0.264
4,BR(Hiemstra_LM),0.2146086500888546,0.7629641202900692,0.47242029036124966,0.43999999999999995,0.31399999999999995
