,name,map,recip_rank,ndcg,P_5,P_10
0,BR(TF_IDF),0.15702758059341032,0.6371458612117558,0.39938729909884435,0.3119999999999999,0.26199999999999996
1,BR(BM25),0.15721859259216975,0.6407386587435346,0.40040475467536835,0.31199999999999994,0.25799999999999995
2,BR(PL2),0.14919649591709877,0.6117758254817077,0.3872762273550077,0.30799999999999983,0.23999999999999994
3,BR(InL2),0.16483335186587214,0.6332789774536636,0.4085239697289611,0.33599999999999985,0.27
4,BR(Hiemstra_LM),0.22036163320530522,0.7629453608672567,0.47621092488532213,0.444,0.318
