,name,map,recip_rank,ndcg,P_5,P_10
0,BR(TF_IDF),0.1564427126422208,0.6619379377444871,0.4044159824144175,0.3279999999999999,0.25799999999999995
1,BR(BM25),0.15891974576132392,0.6787986870909425,0.4083408438546976,0.3319999999999999,0.25599999999999995
2,BR(PL2),0.14901836230070165,0.6568984716253172,0.3932151735381811,0.31199999999999983,0.2419999999999999
3,BR(InL2),0.1649689497387423,0.6575930840983257,0.41600720550078285,0.3439999999999999,0.272
4,BR(Hiemstra_LM),0.21974005241835673,0.77300975071457,0.4820277922028592,0.444,0.32599999999999996
