,name,map,recip_rank,ndcg,P_5,P_10
0,BR(TF_IDF),0.1613807667571539,0.6289239498563618,0.4120203931451459,0.34399999999999986,0.28
1,BR(BM25),0.16459700887764156,0.6577898614795167,0.41649042398968744,0.3479999999999998,0.27799999999999997
2,BR(PL2),0.1512674970307853,0.592043125172255,0.3977029779880717,0.3319999999999998,0.26399999999999996
3,BR(InL2),0.1710956984721101,0.6506435919992852,0.42618861786810597,0.35599999999999987,0.284
4,BR(Hiemstra_LM),0.2204342739331247,0.7567347274154089,0.48659078013443896,0.4319999999999999,0.33799999999999997
