,name,map,recip_rank,ndcg,P_5,P_10
0,BR(TF_IDF),0.1532057672105609,0.6216878349224801,0.4003257560979792,0.3159999999999999,0.25399999999999995
1,BR(BM25),0.15491477483233884,0.6302229238043812,0.40300639167791524,0.32799999999999985,0.25999999999999995
2,BR(PL2),0.14583968058248042,0.6052651367335863,0.3894078425667998,0.30799999999999983,0.24799999999999994
3,BR(InL2),0.16173131316877107,0.618913274988774,0.4132601053626348,0.3479999999999998,0.26799999999999996
4,BR(Hiemstra_LM),0.21740117188520283,0.7700054780028751,0.4844760017145635,0.428,0.32799999999999996
