,name,map,recip_rank,ndcg,P_5,P_10
0,BR(TF_IDF),0.15683048500502622,0.6466374718274777,0.4032813205114849,0.3239999999999999,0.24999999999999997
1,BR(BM25),0.15842151544957533,0.6544360245298632,0.40550213224262727,0.3319999999999999,0.25399999999999995
2,BR(PL2),0.1499628298421337,0.6456674493261597,0.39399697398242617,0.30799999999999983,0.23399999999999996
3,BR(InL2),0.1662773561089454,0.6419660806904737,0.4159106342218659,0.33599999999999985,0.27399999999999997
4,BR(Hiemstra_LM),0.22069026044022177,0.7694669418981798,0.4838674252441869,0.44,0.32799999999999996
