,name,map,recip_rank,ndcg,P_5,P_10
0,BR(TF_IDF),0.15820659607698173,0.6556816466479256,0.4041166782629885,0.3319999999999999,0.25999999999999995
1,BR(BM25),0.15961513195139881,0.6687119330533965,0.4069505035647348,0.3279999999999999,0.25999999999999995
2,BR(PL2),0.15097087462949463,0.6437131373768397,0.39278649536748156,0.31199999999999983,0.2419999999999999
3,BR(InL2),0.16546674233574368,0.6396584470347279,0.412215169104056,0.3479999999999999,0.26999999999999996
4,BR(Hiemstra_LM),0.22105916403575548,0.7629816835846585,0.4794310186298346,0.444,0.322
