,name,map,recip_rank,ndcg,P_5,P_10
0,BR(TF_IDF),0.14869701195093415,0.629299617786578,0.38974589669012716,0.2999999999999999,0.24599999999999994
1,BR(BM25),0.14994135234947062,0.6369587231332045,0.39190021271004505,0.3079999999999999,0.24599999999999994
2,BR(PL2),0.14344209859944,0.6198067168481844,0.38154309592963004,0.3039999999999999,0.23599999999999993
3,BR(InL2),0.16017111065283252,0.658288415207557,0.40480705738399914,0.32799999999999985,0.256
4,BR(Hiemstra_LM),0.2151076830987213,0.7817877373171491,0.47269081058028606,0.43199999999999994,0.31799999999999995
