,name,map,recip_rank,ndcg,P_5,P_10
0,BR(TF_IDF),0.1524825476268635,0.6215130474653324,0.3982334668181317,0.3199999999999999,0.25799999999999995
1,BR(BM25),0.15389972571028424,0.6279750197265536,0.4005186779610436,0.3319999999999999,0.26599999999999996
2,BR(PL2),0.14590161935798288,0.6193610312557689,0.38889981236577237,0.30799999999999983,0.24199999999999997
3,BR(InL2),0.16067871396621136,0.6175880969438735,0.4099432773541731,0.33599999999999985,0.27199999999999996
4,BR(Hiemstra_LM),0.21654425146848905,0.7694696479548707,0.4808976849911877,0.436,0.32799999999999996
