,name,map,recip_rank,ndcg,P_5,P_10
0,BR(TF_IDF),0.14999686893643754,0.6098030493168553,0.39041377227710944,0.3119999999999999,0.256
1,BR(BM25),0.15061785862012878,0.6153297908902338,0.39269681169488285,0.3119999999999999,0.25399999999999995
2,BR(PL2),0.14538517919979252,0.596298083975064,0.3820715130601222,0.2999999999999999,0.23199999999999993
3,BR(InL2),0.15669232898527222,0.6139319048215627,0.40072988221355565,0.33599999999999985,0.26
4,BR(Hiemstra_LM),0.2152802817096342,0.7629576254727946,0.47328772586118006,0.43999999999999995,0.31399999999999995
