,name,map,recip_rank,ndcg,P_5,P_10
0,BR(TF_IDF),0.15592770990436589,0.6449161116396064,0.4007299334046425,0.3239999999999999,0.254
1,BR(BM25),0.15772548605367107,0.6566838434622748,0.403275749795677,0.3239999999999999,0.252
2,BR(PL2),0.14867498499423673,0.6501818585567871,0.39148612178982006,0.3039999999999998,0.23199999999999996
3,BR(InL2),0.16487773141829667,0.6544829203666639,0.4145714741728551,0.33999999999999986,0.268
4,BR(Hiemstra_LM),0.2194396329321436,0.7730166946940402,0.4808605527982667,0.444,0.324
