,name,map,recip_rank,ndcg,P_5,P_10
0,BR(TF_IDF),0.15640459132047985,0.6507080999066293,0.40231807576588885,0.3239999999999999,0.256
1,BR(BM25),0.15859501338731774,0.6673092415265178,0.4061199415952239,0.3279999999999999,0.25199999999999995
2,BR(PL2),0.14952589321107432,0.6552130736899193,0.39277977332736236,0.30799999999999983,0.23799999999999993
3,BR(InL2),0.16557271165633086,0.6539733428398398,0.4154098500457457,0.3439999999999999,0.27
4,BR(Hiemstra_LM),0.21936181008664785,0.7730055218600068,0.4816170738630759,0.444,0.32599999999999996
