,name,map,recip_rank,ndcg,P_5,P_10
0,BR(TF_IDF),0.15455822941787603,0.6213557950307653,0.4012297025901421,0.31199999999999983,0.25399999999999995
1,BR(BM25),0.15612764612249314,0.6287234340149707,0.40414973453508407,0.31999999999999984,0.26199999999999996
2,BR(PL2),0.14595858849419419,0.5993615449663088,0.3890663560004233,0.3039999999999998,0.24599999999999994
3,BR(InL2),0.16287155624275432,0.6185564612847202,0.41372648725589906,0.3479999999999998,0.26799999999999996
4,BR(Hiemstra_LM),0.21744455133167612,0.7699971852761248,0.4840425787434479,0.428,0.32799999999999996
