,name,map,recip_rank,ndcg,P_5,P_10
0,BR(TF_IDF),0.15860920265883088,0.6396094538365228,0.40258673202537737,0.3279999999999999,0.25599999999999995
1,BR(BM25),0.1604004081150857,0.6528870816274518,0.4057547468413834,0.3199999999999999,0.24999999999999992
2,BR(PL2),0.15199832341308228,0.6385543775067724,0.3926984138080483,0.3039999999999998,0.23599999999999993
3,BR(InL2),0.16689969998711884,0.62937140700289,0.41310257936816247,0.3479999999999999,0.266
4,BR(Hiemstra_LM),0.2228533882353994,0.7729948664582575,0.4817875269010892,0.444,0.326
