,name,map,recip_rank,ndcg,P_5,P_10
0,BR(TF_IDF),0.1606242674269627,0.6147595999009041,0.4099818356746251,0.34399999999999986,0.28
1,BR(BM25),0.16411588921676376,0.6333457117595048,0.41416098401816287,0.34399999999999986,0.27999999999999997
2,BR(PL2),0.15262064663658548,0.5974380482388039,0.39883262050461465,0.3319999999999999,0.264
3,BR(InL2),0.170832898187342,0.638979220431649,0.4238706623991877,0.3519999999999998,0.282
4,BR(Hiemstra_LM),0.22061839821586815,0.7567347588169308,0.48662434373220154,0.4279999999999999,0.34
