,name,map,recip_rank,ndcg,P_5,P_10
0,BR(TF_IDF),0.15233333125905923,0.6151207555772362,0.39410622788545024,0.3159999999999999,0.24999999999999992
1,BR(BM25),0.15313648936869137,0.6284571403255613,0.39669587469152345,0.3119999999999999,0.25199999999999995
2,BR(PL2),0.14654983491830384,0.6011484452493311,0.3843188964908517,0.3039999999999999,0.23199999999999993
3,BR(InL2),0.1582567656986086,0.6189789665728462,0.40305855295132026,0.33599999999999985,0.262
4,BR(Hiemstra_LM),0.2177515493430165,0.7629561615272885,0.4751897330632557,0.444,0.316
