,name,map,recip_rank,ndcg,P_5,P_10
0,BR(TF_IDF),0.15074346785542306,0.6282697967365286,0.39209174490674475,0.3079999999999999,0.254
1,BR(BM25),0.15134692778072265,0.6314404523428548,0.39396974073614627,0.3079999999999999,0.25199999999999995
2,BR(PL2),0.14512269614005013,0.6123534741932926,0.38224597030336804,0.2999999999999999,0.23599999999999993
3,BR(InL2),0.15783588376794994,0.6231762872171394,0.4014705872831557,0.33599999999999985,0.262
4,BR(Hiemstra_LM),0.21374049560017075,0.7529573374211758,0.4707533091701791,0.43999999999999995,0.31399999999999995
