,name,map,recip_rank,ndcg,P_5,P_10
0,BR(TF_IDF),0.15690788147803927,0.6280183948555608,0.40553175131486285,0.3319999999999999,0.25999999999999995
1,BR(BM25),0.1581860477874689,0.6441136056583232,0.40846960634641893,0.3319999999999999,0.26799999999999996
2,BR(PL2),0.14703518719017336,0.601654618115034,0.39192449494625015,0.31199999999999983,0.25399999999999995
3,BR(InL2),0.16504828123816323,0.6350896993031421,0.4177648371022248,0.3519999999999998,0.272
4,BR(Hiemstra_LM),0.2195774841720776,0.7600050203471257,0.4865422740568473,0.43199999999999994,0.33199999999999996
