,name,map,recip_rank,ndcg,P_5,P_10
0,BR(TF_IDF),0.14935094962212225,0.6206312208704601,0.3895770135355246,0.3079999999999999,0.24799999999999994
1,BR(BM25),0.15088540721145244,0.6293764622146975,0.3926780386343644,0.3159999999999999,0.25199999999999995
2,BR(PL2),0.1419015363018911,0.5880921048653158,0.377367264723999,0.29599999999999993,0.23199999999999996
3,BR(InL2),0.1577711702500554,0.6320597069817314,0.4012317461414504,0.32799999999999985,0.25999999999999995
4,BR(Hiemstra_LM),0.21378180585833945,0.7627743128264259,0.47017971627279226,0.44,0.31599999999999995
