,name,map,recip_rank,ndcg,P_5,P_10
0,BR(TF_IDF),0.14880844914704458,0.6194524779014672,0.38893542130316233,0.2999999999999999,0.24999999999999992
1,BR(BM25),0.15001972460734098,0.6246234736914744,0.39167484822581394,0.31199999999999983,0.25199999999999995
2,BR(PL2),0.1418340702772684,0.59586174077496,0.37737344240567294,0.29599999999999993,0.23199999999999993
3,BR(InL2),0.1555248638502925,0.6149777901789062,0.39782198771933364,0.32399999999999984,0.254
4,BR(Hiemstra_LM),0.212861913684722,0.7627728371261944,0.4696632741257776,0.43599999999999994,0.31199999999999994
