,name,map,recip_rank,ndcg,P_5,P_10
0,BR(TF_IDF),0.1586265147329579,0.6438206729625545,0.40246663527894405,0.3199999999999999,0.258
1,BR(BM25),0.1586553230210226,0.6470864402873089,0.40382809534268505,0.3239999999999999,0.256
2,BR(PL2),0.15093835946531645,0.6318767634596629,0.39236272328327293,0.3079999999999999,0.23799999999999993
3,BR(InL2),0.16753076707037282,0.6453050249352665,0.41410654325592694,0.35199999999999987,0.268
4,BR(Hiemstra_LM),0.22267070186272242,0.7629477693941835,0.4800340839128201,0.44800000000000006,0.324
