,name,map,recip_rank,ndcg,P_5,P_10
0,BR(TF_IDF),0.15731204099892307,0.6250902472522718,0.39804911282535244,0.3159999999999999,0.25799999999999995
1,BR(BM25),0.15656151909621907,0.6285670094966516,0.39865406370194856,0.31199999999999994,0.25399999999999995
2,BR(PL2),0.15035827651031755,0.6099658101536581,0.38742471021279357,0.3039999999999998,0.23799999999999996
3,BR(InL2),0.16517512045207838,0.6285956955009524,0.40820821744075725,0.3439999999999999,0.268
4,BR(Hiemstra_LM),0.2202441540556807,0.7629390733509266,0.47595527578080415,0.444,0.316
