,name,map,recip_rank,ndcg,P_5,P_10
0,BR(TF_IDF),0.1538214112724316,0.621181038004232,0.3985415967076555,0.3199999999999999,0.25599999999999995
1,BR(BM25),0.15512339597475783,0.6253391932005798,0.3999709154942068,0.3199999999999999,0.264
2,BR(PL2),0.14693456218696796,0.6131224060727706,0.3885280065944854,0.30799999999999983,0.23999999999999996
3,BR(InL2),0.16165626191618226,0.6172312805853594,0.4107357516298615,0.33599999999999985,0.27399999999999997
4,BR(Hiemstra_LM),0.21660660118238362,0.7694658918516913,0.48098707350142034,0.436,0.32799999999999996
