,name,map,recip_rank,ndcg,P_5,P_10
0,BR(TF_IDF),0.1591796294242666,0.6065872197977461,0.41052275826758133,0.3319999999999999,0.26599999999999996
1,BR(BM25),0.1625687803848396,0.6142340293436579,0.4148059877740844,0.33999999999999986,0.26999999999999996
2,BR(PL2),0.15308308034638204,0.5927451742916565,0.40239578350084054,0.3319999999999999,0.25799999999999995
3,BR(InL2),0.16927249421156534,0.6250268272491183,0.42497240098213906,0.34399999999999986,0.27
4,BR(Hiemstra_LM),0.2206329033500193,0.7527941123916735,0.48898564707806225,0.43599999999999994,0.34
