,name,map,recip_rank,ndcg,P_5,P_10
0,BR(TF_IDF),0.15830902400568383,0.6436273291925464,0.40190970068277865,0.3319999999999999,0.25799999999999995
1,BR(BM25),0.1589878371918979,0.6463424387049294,0.4047210329949029,0.3239999999999999,0.254
2,BR(PL2),0.15150690787225599,0.6419465258168044,0.3920445611458158,0.31199999999999983,0.2359999999999999
3,BR(InL2),0.16652560985003184,0.6339193395854731,0.4121504287785253,0.3479999999999999,0.26799999999999996
4,BR(Hiemstra_LM),0.22088430268659262,0.7629763689158172,0.4791558473033969,0.444,0.322
