,name,map,recip_rank,ndcg,P_5,P_10
0,BR(TF_IDF),0.1582762245634927,0.6464602627867069,0.40425542044592255,0.3199999999999999,0.242
1,BR(BM25),0.15990125488705006,0.6528663416201802,0.4059057938418622,0.3279999999999999,0.24599999999999997
2,BR(PL2),0.15070741270770133,0.6399887388369211,0.39375916392385485,0.3039999999999998,0.23199999999999996
3,BR(InL2),0.16696493358057324,0.6413607272316719,0.41647672095289745,0.33599999999999985,0.27
4,BR(Hiemstra_LM),0.22068426152202553,0.7694618345275113,0.4837425913226591,0.436,0.32599999999999996
