,name,map,recip_rank,ndcg,P_5,P_10
0,BR(TF_IDF),0.1501893394564738,0.6098030493168553,0.3905461051543046,0.3119999999999999,0.25799999999999995
1,BR(BM25),0.15079011961922587,0.6153302974758468,0.3928429554970277,0.3119999999999999,0.25399999999999995
2,BR(PL2),0.14558312215179814,0.5962975962415616,0.3821822058746026,0.2999999999999999,0.23399999999999996
3,BR(InL2),0.15687532322929215,0.6139319048215627,0.4008694322108376,0.33599999999999985,0.26
4,BR(Hiemstra_LM),0.21578912116896176,0.7629576254727946,0.47377587911808694,0.43999999999999995,0.31399999999999995
