,name,map,recip_rank,ndcg,P_5,P_10
0,BR(TF_IDF),0.15404339601199082,0.621181038004232,0.3986875883410849,0.3199999999999999,0.25599999999999995
1,BR(BM25),0.15519288813697213,0.6253391932005798,0.4000021684329626,0.3199999999999999,0.264
2,BR(PL2),0.14702965930975842,0.6134021263524909,0.38864572412827036,0.30799999999999983,0.23999999999999996
3,BR(InL2),0.16185984889765476,0.6172254097438722,0.41085646982400703,0.33599999999999985,0.27399999999999997
4,BR(Hiemstra_LM),0.21664365786193904,0.7694658918516913,0.4809950386330881,0.436,0.32799999999999996
