,name,map,recip_rank,ndcg,P_5,P_10
0,BR(TF_IDF),0.15671949020148418,0.6540414332399626,0.40279458759555375,0.3239999999999999,0.256
1,BR(BM25),0.1587254522641627,0.6673095031285687,0.40620228290179594,0.3279999999999999,0.25399999999999995
2,BR(PL2),0.1495044273605186,0.6552130736899193,0.3927683969542601,0.30799999999999983,0.23799999999999993
3,BR(InL2),0.16567815239973777,0.6539733428398398,0.41546290038282463,0.3439999999999999,0.27
4,BR(Hiemstra_LM),0.2193620911181708,0.7730055218600068,0.48159609557799354,0.444,0.32599999999999996
