,name,map,recip_rank,ndcg,P_5,P_10
0,BR(TF_IDF),0.15088063565389126,0.6282691541262969,0.39218303212086736,0.3079999999999999,0.256
1,BR(BM25),0.15154655079617735,0.6314402691538502,0.3941306506044279,0.3119999999999999,0.25199999999999995
2,BR(PL2),0.14534957001044055,0.6140163321523014,0.38254117256329223,0.2999999999999999,0.23599999999999993
3,BR(InL2),0.15797831240649857,0.6231762872171394,0.4015480672565156,0.33599999999999985,0.262
4,BR(Hiemstra_LM),0.21413394028123584,0.7529573374211758,0.47117072311800223,0.43999999999999995,0.31399999999999995
