,name,map,recip_rank,ndcg,P_5,P_10
0,BR(TF_IDF),0.16078648781766275,0.6147595999009041,0.41007590991787235,0.34399999999999986,0.28
1,BR(BM25),0.16420523600912826,0.6333450549450549,0.41422650112782095,0.34399999999999986,0.27999999999999997
2,BR(PL2),0.15283092031444256,0.5974380482388039,0.39902961861206393,0.3319999999999999,0.264
3,BR(InL2),0.17098463788019388,0.6406458870983157,0.42405436670955754,0.3519999999999998,0.282
4,BR(Hiemstra_LM),0.22069250595133041,0.7567347588169308,0.4866549200376112,0.4279999999999999,0.34
