,name,map,recip_rank,ndcg,P_5,P_10
0,BR(TF_IDF),0.158521473888315,0.6464602627867069,0.40438550456148836,0.3199999999999999,0.242
1,BR(BM25),0.1601599097049064,0.6528666109586849,0.4060863501931201,0.3279999999999999,0.24999999999999997
2,BR(PL2),0.15097084072310052,0.6433220721702544,0.39451282823777384,0.3039999999999998,0.23199999999999996
3,BR(InL2),0.1671915804109538,0.6413607272316719,0.4166065456296891,0.33599999999999985,0.27
4,BR(Hiemstra_LM),0.2207685358393159,0.7694618345275113,0.4837922401764694,0.436,0.32599999999999996
