,name,map,recip_rank,ndcg,P_5,P_10
0,BR(TF_IDF),0.15829089684630368,0.6436273291925464,0.4018974843317583,0.3319999999999999,0.25799999999999995
1,BR(BM25),0.15918109604918926,0.6463426893126532,0.40479356761889357,0.3199999999999999,0.256
2,BR(PL2),0.15155651378618382,0.6419465258168044,0.3920866631830857,0.31199999999999983,0.2359999999999999
3,BR(InL2),0.1667326052994557,0.6339193395854731,0.41226642143014197,0.3479999999999999,0.26799999999999996
4,BR(Hiemstra_LM),0.22091246459648226,0.7629763689158172,0.47916734649210596,0.444,0.322
