,name,map,recip_rank,ndcg,P_5,P_10
0,BR(TF_IDF),0.1488586195440695,0.6286922550745293,0.38989424161710656,0.2999999999999999,0.24799999999999994
1,BR(BM25),0.14995028400927052,0.6368015419241835,0.39227865091538766,0.3079999999999999,0.24799999999999997
2,BR(PL2),0.14331355370016882,0.6177914454813769,0.38050183912669694,0.29599999999999993,0.23199999999999996
3,BR(InL2),0.1603152827935834,0.6530826685245671,0.4043513525234194,0.3319999999999999,0.254
4,BR(Hiemstra_LM),0.2149947199143419,0.7711162078577387,0.47178977178276615,0.428,0.31599999999999995
