,name,map,recip_rank,ndcg,P_5,P_10
0,BR(TF_IDF),0.15899414719260296,0.6396094538365228,0.4029765709839131,0.3279999999999999,0.25599999999999995
1,BR(BM25),0.1605051601860877,0.6528873590507444,0.4058498965563089,0.3199999999999999,0.24999999999999992
2,BR(PL2),0.1521843825268254,0.6385543775067724,0.3925379342069727,0.3039999999999998,0.23799999999999993
3,BR(InL2),0.16700336012505562,0.6293711810295096,0.4131492343203358,0.3479999999999999,0.266
4,BR(Hiemstra_LM),0.22281207915537377,0.7729948664582575,0.482106409418113,0.444,0.324
