,name,map,recip_rank,ndcg,P_5,P_10
0,BR(TF_IDF),0.15696385459693152,0.6280183948555608,0.40643558388555223,0.32799999999999985,0.25999999999999995
1,BR(BM25),0.1584162924226759,0.6441136056583232,0.40862871298364156,0.3319999999999999,0.26799999999999996
2,BR(PL2),0.14731070862517204,0.6016548366799368,0.39210767569240607,0.31199999999999983,0.25399999999999995
3,BR(InL2),0.16516003284453554,0.6350896993031421,0.4178739575588133,0.3519999999999998,0.272
4,BR(Hiemstra_LM),0.21963265779540384,0.7600050203471257,0.4865609991898178,0.43199999999999994,0.33199999999999996
