,name,map,recip_rank,ndcg,P_5,P_10
0,BR(TF_IDF),0.1495733194015466,0.6216308275567924,0.38982856418307965,0.3079999999999999,0.24999999999999992
1,BR(BM25),0.15100345928785233,0.629733876398083,0.392785605500379,0.3159999999999999,0.25199999999999995
2,BR(PL2),0.1419510368524807,0.5880921048653158,0.37736306486344995,0.29599999999999993,0.23199999999999996
3,BR(InL2),0.15794683527610778,0.6320597069817314,0.40133804130940354,0.32799999999999985,0.25999999999999995
4,BR(Hiemstra_LM),0.21414726438574344,0.7627743128264259,0.4705478998607695,0.44,0.3139999999999999
