,name,map,recip_rank,ndcg,P_5,P_10
0,BR(TF_IDF),0.15242812587252413,0.6151207555772362,0.39416475323219574,0.3159999999999999,0.25399999999999995
1,BR(BM25),0.15337169693006433,0.6284573874221762,0.3968459617266089,0.3119999999999999,0.25199999999999995
2,BR(PL2),0.1466429861938609,0.6011484452493311,0.38436646803169594,0.3039999999999999,0.23199999999999993
3,BR(InL2),0.158497194690481,0.6189789665728462,0.4031886188009281,0.33599999999999985,0.262
4,BR(Hiemstra_LM),0.21812327923182462,0.7629561615272885,0.4755706286068454,0.444,0.316
