,name,map,recip_rank,ndcg,P_5,P_10
0,BR(TF_IDF),0.15866455409267735,0.6438206729625545,0.4024911421464815,0.3199999999999999,0.258
1,BR(BM25),0.15890456378057835,0.6470866944815132,0.40395582141964764,0.3239999999999999,0.256
2,BR(PL2),0.151059508833563,0.6318767634596629,0.3924241926460115,0.3079999999999999,0.23799999999999993
3,BR(InL2),0.167571187469716,0.6453050249352665,0.4141288509173558,0.35199999999999987,0.268
4,BR(Hiemstra_LM),0.22305634303082125,0.762944067061714,0.48043561246751215,0.44800000000000006,0.324
