,name,map,recip_rank,ndcg,P_5,P_10
0,BR(TF_IDF),0.1574007570733717,0.6250902472522718,0.3980925286283085,0.3159999999999999,0.25999999999999995
1,BR(BM25),0.15673860828052616,0.6285672497888469,0.398768885627886,0.31199999999999994,0.25399999999999995
2,BR(PL2),0.15053710621716077,0.6099658101536581,0.38753669050128314,0.3039999999999998,0.23799999999999996
3,BR(InL2),0.16525507378656173,0.6285953468259176,0.40825165682316117,0.3439999999999999,0.268
4,BR(Hiemstra_LM),0.22060964626598367,0.7629386345812367,0.4763414455551416,0.444,0.316
