,name,map,recip_rank,ndcg,P_5,P_10
0,BR(TF_IDF),0.14864541267690884,0.629863088734593,0.38946840350744033,0.30399999999999994,0.24599999999999994
1,BR(BM25),0.1504797163766294,0.6374711594565308,0.39309846848900376,0.31199999999999994,0.24799999999999997
2,BR(PL2),0.14329938269284745,0.6184745203274953,0.3808833379698494,0.29999999999999993,0.23
3,BR(InL2),0.16001159954793492,0.6538821555680266,0.40378693676238875,0.32799999999999985,0.256
4,BR(Hiemstra_LM),0.21431187210764374,0.7710741054024005,0.470863282659042,0.428,0.316
