,name,map,recip_rank,ndcg,P_5,P_10
0,BR(TF_IDF),0.15927107221601403,0.6075872197977461,0.41064142179382046,0.3319999999999999,0.26599999999999996
1,BR(BM25),0.16289707150664984,0.6142346713570117,0.41501171982929486,0.33999999999999986,0.26999999999999996
2,BR(PL2),0.15344152198054264,0.5927451742916565,0.4027059506954797,0.3319999999999999,0.26
3,BR(InL2),0.1694782225252247,0.6250268272491183,0.42508845323050154,0.34399999999999986,0.27
4,BR(Hiemstra_LM),0.22067626090821807,0.7527941123916735,0.48898840808696087,0.43599999999999994,0.34
