,name,map,recip_rank,ndcg,P_5,P_10
0,BR(TF_IDF),0.15609657816651135,0.6449161116396064,0.4008136849906472,0.3239999999999999,0.254
1,BR(BM25),0.15787560912114731,0.6566841088902774,0.4033752036382503,0.3239999999999999,0.252
2,BR(PL2),0.14869002192445213,0.6501818585567871,0.39149418721815704,0.3039999999999998,0.23199999999999996
3,BR(InL2),0.1652682182463928,0.6544829203666639,0.4148330358409229,0.3439999999999999,0.268
4,BR(Hiemstra_LM),0.2194776278669157,0.7730166946940402,0.4808676219039124,0.444,0.324
