,name,map,recip_rank,ndcg,P_5,P_10
0,BR(TF_IDF),0.1548131538843157,0.6213557950307653,0.40141461804960366,0.31199999999999983,0.25399999999999995
1,BR(BM25),0.15653176781313136,0.6287234340149707,0.4046428324488992,0.32799999999999985,0.26399999999999996
2,BR(PL2),0.14633592601853393,0.6026948782996421,0.38955232276897656,0.3039999999999998,0.24599999999999994
3,BR(InL2),0.16299430381719174,0.6185564612847202,0.4140773070346811,0.3479999999999998,0.26999999999999996
4,BR(Hiemstra_LM),0.2175110050930008,0.7699971852761248,0.48426277990673017,0.428,0.32799999999999996
