,name,map,recip_rank,ndcg,P_5,P_10
0,BR(TF_IDF),0.15717455547331471,0.6230038941716969,0.39594846117815463,0.31199999999999994,0.25799999999999995
1,BR(BM25),0.15688438708804514,0.626312603817354,0.3974833360466849,0.30799999999999994,0.25399999999999995
2,BR(PL2),0.15025818331825683,0.609687549242738,0.38614317332713666,0.2999999999999999,0.23799999999999993
3,BR(InL2),0.16504181137170748,0.6274826661146662,0.4072336649554736,0.3439999999999999,0.268
4,BR(Hiemstra_LM),0.22041615013038143,0.7597105750610423,0.475067601060572,0.44799999999999995,0.31999999999999995
