,name,map,recip_rank,ndcg,P_5,P_10
0,BR(TF_IDF),0.14790791299255482,0.6167637719622112,0.38583056039106794,0.2999999999999999,0.24599999999999994
1,BR(BM25),0.14981901665468458,0.6349926272693714,0.3905441625067063,0.3079999999999999,0.24799999999999994
2,BR(PL2),0.14211008598226457,0.6055889746332749,0.3759772053976072,0.29599999999999993,0.22999999999999995
3,BR(InL2),0.15956867578268358,0.651946947082346,0.40157325701145186,0.3279999999999999,0.254
4,BR(Hiemstra_LM),0.2147416882373814,0.7685594802788747,0.47091620158568565,0.43199999999999994,0.31799999999999995
