,name,map,recip_rank,ndcg,P_5,P_10
0,BR(TF_IDF),0.15999768578302892,0.6064428469292352,0.410326692848495,0.33599999999999985,0.264
1,BR(BM25),0.1634904580092497,0.6131029471380782,0.41453494674253105,0.34399999999999986,0.26799999999999996
2,BR(PL2),0.15445431080688043,0.5927136976799744,0.4019693097700879,0.33599999999999985,0.26
3,BR(InL2),0.17018800469557224,0.6247938923500355,0.4242777130115318,0.3479999999999998,0.272
4,BR(Hiemstra_LM),0.22170637098217122,0.7527779812779813,0.48896387073419234,0.43999999999999995,0.342
