,name,map,recip_rank,ndcg,P_5,P_10
0,BR(TF_IDF),0.14987652200371526,0.6075366999575124,0.38852251725899684,0.3079999999999999,0.25199999999999995
1,BR(BM25),0.1506725657256668,0.6132198861894698,0.3911205506844933,0.3079999999999999,0.25399999999999995
2,BR(PL2),0.1454762491807105,0.6041739097581942,0.3805943556598782,0.2999999999999999,0.2339999999999999
3,BR(InL2),0.15683208626943373,0.6119875852419969,0.39951759284627636,0.33599999999999985,0.26
4,BR(Hiemstra_LM),0.2156178463586158,0.759730064693903,0.472552272371643,0.43999999999999995,0.3159999999999999
