,name,map,recip_rank,ndcg,P_5,P_10
0,BR(TF_IDF),0.15539104156956063,0.6223654968210585,0.4009822815826544,0.31999999999999995,0.256
1,BR(BM25),0.15650978841087812,0.627566226731355,0.4033411845187114,0.3239999999999999,0.264
2,BR(PL2),0.1467110260016013,0.6025608321244065,0.3888768142361141,0.3039999999999998,0.24599999999999994
3,BR(InL2),0.16296276995873452,0.6178768913922472,0.41214018148584614,0.3399999999999999,0.27199999999999996
4,BR(Hiemstra_LM),0.21789874316984306,0.7699888052708175,0.484398432095656,0.428,0.32799999999999996
