,name,map,recip_rank,ndcg,P_5,P_10
0,BR(TF_IDF),0.16333585569984532,0.6179663990754453,0.4103792454152563,0.34399999999999986,0.28200000000000003
1,BR(BM25),0.1656404882631134,0.6448912549912551,0.41437661554450644,0.34399999999999986,0.284
2,BR(PL2),0.15392562617170555,0.596590467164907,0.39736083102514624,0.33999999999999986,0.264
3,BR(InL2),0.17152043075372364,0.6403026558373611,0.42290334454313216,0.35199999999999987,0.284
4,BR(Hiemstra_LM),0.22131035995424336,0.7567273884563096,0.48644464711923546,0.4319999999999999,0.342
