,name,map,recip_rank,ndcg,P_5,P_10
0,BR(TF_IDF),0.15829144961146036,0.6425819684402789,0.4009705848103388,0.3279999999999999,0.26
1,BR(BM25),0.15944053084365303,0.6462915662491419,0.40374669999715285,0.3199999999999999,0.25999999999999995
2,BR(PL2),0.15191161951322235,0.6418009415160477,0.39159062875604556,0.31199999999999983,0.23799999999999993
3,BR(InL2),0.167644725996257,0.6336058635730022,0.41189173727660516,0.3439999999999999,0.27199999999999996
4,BR(Hiemstra_LM),0.2212369345410062,0.7629669704195764,0.4794605522606982,0.444,0.324
