,name,map,recip_rank,ndcg,P_5,P_10
0,BR(TF_IDF),0.15726973857050727,0.6272661644204659,0.4044446894870313,0.3319999999999999,0.26199999999999996
1,BR(BM25),0.159400660822618,0.6429583741419287,0.40791327035274705,0.33999999999999986,0.26799999999999996
2,BR(PL2),0.14780850042002336,0.6007998216108846,0.3917297397604559,0.31599999999999984,0.256
3,BR(InL2),0.16558219184516726,0.637743285637637,0.4168800155968862,0.3479999999999998,0.27399999999999997
4,BR(Hiemstra_LM),0.2198749651720804,0.7599973014224517,0.48634029906843884,0.43199999999999994,0.33199999999999996
