,name,map,recip_rank,ndcg,P_5,P_10
0,BR(TF_IDF),0.14851777378367798,0.6200097274437466,0.38728129267327227,0.2999999999999999,0.24599999999999994
1,BR(BM25),0.1493682028979727,0.6239249985822038,0.3894819033409512,0.3079999999999999,0.24599999999999994
2,BR(PL2),0.1412907050711423,0.5875393029359754,0.3746088914368617,0.2999999999999999,0.23199999999999993
3,BR(InL2),0.15630276922223846,0.6160709573285009,0.39732914990291107,0.32799999999999985,0.256
4,BR(Hiemstra_LM),0.21385065183250923,0.7595505533856672,0.4694340670310384,0.44,0.3159999999999999
