,name,map,recip_rank,ndcg,P_5,P_10
0,BR(TF_IDF),0.15863130313119117,0.6417345996434666,0.4009584237136848,0.3199999999999999,0.26
1,BR(BM25),0.1590996396585511,0.6448314508521972,0.40241038251545364,0.3159999999999999,0.25799999999999995
2,BR(PL2),0.15099250507479445,0.6305869423562919,0.3907424619063535,0.3079999999999999,0.23799999999999993
3,BR(InL2),0.16711417169422965,0.6448593554885571,0.4122197525030023,0.35199999999999987,0.268
4,BR(Hiemstra_LM),0.22276340242740364,0.7597214138003971,0.47927651184106174,0.44800000000000006,0.32599999999999996
