,name,map,recip_rank,ndcg,P_5,P_10
0,BR(TF_IDF),0.15952524061484913,0.639135912506115,0.4015007082824995,0.3279999999999999,0.26
1,BR(BM25),0.16084042038229948,0.652732962518594,0.40534083807445653,0.3239999999999999,0.256
2,BR(PL2),0.15229807340370574,0.6385177893908631,0.39174679819905484,0.3039999999999998,0.24199999999999997
3,BR(InL2),0.16718649633294994,0.6298386421714623,0.41229449747555935,0.3439999999999999,0.27
4,BR(Hiemstra_LM),0.22298267838769104,0.7729695053668464,0.48201618205599295,0.44,0.324
