,name,map,recip_rank,ndcg,P_5,P_10
0,BR(TF_IDF),0.1475724944261257,0.6179106261633271,0.3857725946761338,0.30399999999999994,0.2439999999999999
1,BR(BM25),0.14959395970308614,0.6256643982609886,0.39002380351236005,0.31199999999999994,0.24599999999999994
2,BR(PL2),0.1427889610537159,0.6162890038538431,0.377591585312867,0.30399999999999994,0.22599999999999998
3,BR(InL2),0.15929971129062637,0.6527558754972325,0.40152935847540144,0.3239999999999999,0.256
4,BR(Hiemstra_LM),0.21397239421473951,0.7685164367061164,0.46994897320152207,0.43199999999999994,0.31799999999999995
