,name,map,recip_rank,ndcg,P_5,P_10
0,BR(TF_IDF),0.15859153278460247,0.6461311837555535,0.40260236158541846,0.3199999999999999,0.248
1,BR(BM25),0.1605618989776167,0.6528740153185474,0.40573195174283877,0.3319999999999999,0.258
2,BR(PL2),0.15093497984221094,0.6418285468099186,0.39316751359454183,0.3039999999999998,0.22999999999999995
3,BR(InL2),0.1677996766404953,0.6541724916629303,0.4161493031059233,0.3319999999999999,0.27
4,BR(Hiemstra_LM),0.22099795181105455,0.7661201583524588,0.48321071105532426,0.436,0.32799999999999996
