,name,map,recip_rank,ndcg,P_5,P_10
0,BR(TF_IDF),0.15140713964175986,0.6130362153933582,0.3912061551585035,0.3119999999999999,0.24999999999999992
1,BR(BM25),0.15351928222878589,0.6265290698269422,0.3955052949517664,0.3079999999999999,0.25399999999999995
2,BR(PL2),0.14657828719580746,0.607506859685347,0.38272428942519665,0.3039999999999999,0.2339999999999999
3,BR(InL2),0.15849187047864255,0.6175106944856944,0.4019373845087813,0.33599999999999985,0.262
4,BR(Hiemstra_LM),0.21810749204327876,0.7597291746776602,0.4744810852839796,0.444,0.31799999999999995
