,name,map,recip_rank,ndcg,P_5,P_10
0,BR(TF_IDF),0.1547079906196312,0.6205553702796973,0.3983881685463367,0.3199999999999999,0.26199999999999996
1,BR(BM25),0.1557960733185546,0.6236960614219642,0.4000910811280917,0.3279999999999999,0.26599999999999996
2,BR(PL2),0.14740849795656122,0.6128245712465612,0.3885611812541309,0.30799999999999983,0.23799999999999993
3,BR(InL2),0.16186992929411204,0.6167355920716899,0.4091687099266069,0.33599999999999985,0.27399999999999997
4,BR(Hiemstra_LM),0.2169964348345682,0.7661242054949539,0.4810570216449964,0.436,0.32799999999999996
