,name,map,recip_rank,ndcg,P_5,P_10
0,BR(TF_IDF),0.1595576774000883,0.6061786802656375,0.40903205129469034,0.33999999999999986,0.26599999999999996
1,BR(BM25),0.16290260640244333,0.6131054074079029,0.41356800408366007,0.34399999999999986,0.26799999999999996
2,BR(PL2),0.15415354404318513,0.5925602445130869,0.40066656663540096,0.33599999999999985,0.26
3,BR(InL2),0.17045848295447233,0.6245903082125992,0.42430404857437465,0.3519999999999998,0.27599999999999997
4,BR(Hiemstra_LM),0.22129976501994608,0.7561124463771524,0.48847375085336386,0.43999999999999995,0.34
