,name,map,recip_rank,ndcg,P_5,P_10
0,BR(TF_IDF),0.1486432295115125,0.6072958137197487,0.3867926826987911,0.31199999999999994,0.252
1,BR(BM25),0.14970593305396693,0.613937610895135,0.38884802218971004,0.31999999999999995,0.25199999999999995
2,BR(PL2),0.1441774549543415,0.6040339299333146,0.3796840684858352,0.3039999999999999,0.23199999999999996
3,BR(InL2),0.1558886835013345,0.6124104869220415,0.3976957664185418,0.34399999999999986,0.264
4,BR(Hiemstra_LM),0.2152089912413224,0.7630727836220557,0.471466220559294,0.43999999999999995,0.31199999999999994
