,name,map,recip_rank,ndcg,P_5,P_10
0,BR(TF_IDF),0.14831294489592678,0.6208095166643081,0.3851558157543644,0.31199999999999994,0.24999999999999997
1,BR(BM25),0.1495416801559053,0.6283207142127217,0.3878507887787767,0.3199999999999999,0.24999999999999997
2,BR(PL2),0.1407020976188485,0.5892721316314801,0.37372243250417697,0.30399999999999994,0.23199999999999993
3,BR(InL2),0.15573329580715872,0.6291198411140807,0.39590113514855096,0.3279999999999999,0.26199999999999996
4,BR(Hiemstra_LM),0.21310923655770464,0.7628940055027223,0.46811550079827663,0.44,0.3159999999999999
