,name,map,recip_rank,ndcg,P_5,P_10
0,BR(TF_IDF),0.15751571653296179,0.6416007299256276,0.3991586590619749,0.3239999999999999,0.26
1,BR(BM25),0.15854750709985557,0.6453768721699755,0.40109039942832536,0.31999999999999995,0.25799999999999995
2,BR(PL2),0.14954446117336498,0.6239544605826287,0.3880326300134121,0.3119999999999999,0.23799999999999996
3,BR(InL2),0.16622362755852785,0.6467498730261334,0.4105305691203116,0.3599999999999999,0.272
4,BR(Hiemstra_LM),0.22207044098090292,0.7630679303617378,0.47886943311646474,0.452,0.32199999999999995
