,name,map,recip_rank,ndcg,P_5,P_10
0,BR(TF_IDF),0.15623965015715155,0.6171426051077163,0.4016501341756045,0.3319999999999999,0.26199999999999996
1,BR(BM25),0.15812962509364023,0.6329608236291918,0.4045131929863425,0.33999999999999986,0.26599999999999996
2,BR(PL2),0.14685617117667088,0.5931238933700569,0.38939541042642456,0.3239999999999999,0.256
3,BR(InL2),0.1644840431409813,0.628800867476776,0.41474942674808674,0.35999999999999976,0.272
4,BR(Hiemstra_LM),0.22027576336350724,0.7733319053447572,0.4876089820870177,0.43199999999999994,0.33399999999999996
