,name,map,recip_rank,ndcg,P_5,P_10
0,BR(TF_IDF),0.14699918867662826,0.6180506727091166,0.3837822212155221,0.30399999999999994,0.24399999999999994
1,BR(BM25),0.14801055927955276,0.6153835450408791,0.3859618593562526,0.31199999999999994,0.24599999999999997
2,BR(PL2),0.14161106146328037,0.6064886367989577,0.375571639401183,0.30799999999999994,0.22999999999999995
3,BR(InL2),0.15865041119216003,0.6426086765402043,0.39931284336823764,0.3319999999999999,0.25799999999999995
4,BR(Hiemstra_LM),0.2135055156211169,0.7718632020593849,0.4685868751724223,0.43199999999999994,0.32199999999999995
