,name,map,recip_rank,ndcg,P_5,P_10
0,BR(TF_IDF),0.15413089317923112,0.6119099594632057,0.3976314723818923,0.31999999999999995,0.256
1,BR(BM25),0.1556336579152293,0.6175734084133321,0.40024547001433375,0.3279999999999999,0.266
2,BR(PL2),0.14600375645634556,0.602467781729952,0.38652080635920943,0.3079999999999999,0.24600000000000002
3,BR(InL2),0.16202848143646328,0.6090866040342483,0.40956253109404267,0.3479999999999999,0.268
4,BR(Hiemstra_LM),0.21822382998241133,0.7833241057188427,0.485299124641652,0.428,0.32799999999999996
