,name,map,recip_rank,ndcg,P_5,P_10
0,BR(TF_IDF),0.15448663934651893,0.6435981204075831,0.3989389941538278,0.3279999999999999,0.256
1,BR(BM25),0.15713485604258018,0.6588832786518601,0.4029599527184394,0.33599999999999997,0.258
2,BR(PL2),0.14820469936305325,0.6453807109020907,0.38929013072214746,0.31199999999999983,0.24400000000000002
3,BR(InL2),0.16379531383670665,0.6464636865165843,0.41069117280303435,0.352,0.272
4,BR(Hiemstra_LM),0.21893555304282458,0.7796713726713728,0.4800971526199027,0.444,0.3239999999999999
