,name,map,recip_rank,ndcg,P_5,P_10
0,BR(TF_IDF),0.15491766524288836,0.6222046502950499,0.3930288959987431,0.31599999999999995,0.258
1,BR(BM25),0.15690983161364908,0.6268552713362959,0.3960623815576006,0.31199999999999994,0.25399999999999995
2,BR(PL2),0.14879276728993335,0.6029585536439251,0.383777274327992,0.3039999999999999,0.23599999999999993
3,BR(InL2),0.16405618174438857,0.6293814092810954,0.40541369166837027,0.352,0.272
4,BR(Hiemstra_LM),0.21976349415222504,0.7630561009152558,0.4737181840037718,0.44799999999999995,0.316
