,name,map,recip_rank,ndcg,P_5,P_10
0,BR(TF_IDF),0.1470937232143837,0.6166768781488454,0.38396581514100103,0.30399999999999994,0.24599999999999997
1,BR(BM25),0.1482285931145441,0.6153506923879628,0.38609949558136997,0.3119999999999999,0.24999999999999997
2,BR(PL2),0.1420818527639789,0.6158028688904559,0.3765685924565452,0.3079999999999999,0.22599999999999995
3,BR(InL2),0.15784788579858927,0.6414755822173203,0.39845327442491507,0.3279999999999999,0.25999999999999995
4,BR(Hiemstra_LM),0.21384323396252594,0.7719100282846835,0.4693824422302415,0.43199999999999994,0.32199999999999995
