,name,map,recip_rank,ndcg,P_5,P_10
0,BR(TF_IDF),0.14749577293608415,0.6207185704395366,0.38464474523865005,0.3079999999999999,0.24799999999999997
1,BR(BM25),0.1481427782061726,0.6239873808793884,0.38643610532772266,0.3159999999999999,0.244
2,BR(PL2),0.14000123858945632,0.5880272487635204,0.37306827775840795,0.30399999999999994,0.22999999999999993
3,BR(InL2),0.15475752515261124,0.6157802365514129,0.394531779730904,0.3319999999999998,0.25999999999999995
4,BR(Hiemstra_LM),0.21290035477070268,0.762891823226937,0.4676944866364107,0.44,0.3159999999999999
