,name,map,recip_rank,ndcg,P_5,P_10
0,BR(TF_IDF),0.15337088264414594,0.6107934800908909,0.3944033446342866,0.3239999999999999,0.262
1,BR(BM25),0.15457375531261364,0.6153916419837471,0.3966865285143936,0.3319999999999999,0.266
2,BR(PL2),0.1461572998626071,0.6026001972608774,0.3851197805016568,0.31199999999999983,0.24400000000000002
3,BR(InL2),0.1606315420975892,0.6074218591692498,0.4054166897840521,0.3479999999999999,0.272
4,BR(Hiemstra_LM),0.21733154622358186,0.7794556333242982,0.4819776537801751,0.436,0.32799999999999996
