,name,map,recip_rank,ndcg,P_5,P_10
0,BR(TF_IDF),0.14720127881804873,0.618154724774443,0.38421278737633036,0.30399999999999994,0.24999999999999997
1,BR(BM25),0.14845017928624796,0.6233014279302246,0.38691919256450974,0.3119999999999999,0.24599999999999994
2,BR(PL2),0.14054309848813257,0.5938790952835791,0.373371521838776,0.29999999999999993,0.23199999999999993
3,BR(InL2),0.1543209456179017,0.613634540270549,0.3938905736094,0.3359999999999998,0.25799999999999995
4,BR(Hiemstra_LM),0.21227212652607436,0.7628952732790184,0.4676040328133306,0.43599999999999994,0.30999999999999994
