,name,map,recip_rank,ndcg,P_5,P_10
0,BR(TF_IDF),0.15364684014032978,0.6342827235394539,0.39617559236584854,0.3319999999999999,0.256
1,BR(BM25),0.15601497234833178,0.6483656530434222,0.3998300844635038,0.33599999999999985,0.254
2,BR(PL2),0.1475345903152772,0.6405910597203599,0.3884134393815692,0.3119999999999999,0.236
3,BR(InL2),0.16444714551602468,0.648457971933724,0.4116084966773838,0.35599999999999987,0.27
4,BR(Hiemstra_LM),0.21912107146083978,0.7796839398749646,0.47979617239159944,0.444,0.32199999999999995
