,name,map,recip_rank,ndcg,P_5,P_10
0,BR(TF_IDF),0.1501188886095046,0.6124426710263107,0.3891151540128336,0.3159999999999999,0.24999999999999997
1,BR(BM25),0.152352461974707,0.6268908128655784,0.39296458345851887,0.31599999999999995,0.25199999999999995
2,BR(PL2),0.14541755773907267,0.6090328918098126,0.3815200112791913,0.3079999999999999,0.23199999999999996
3,BR(InL2),0.1574120903991607,0.6184101353169643,0.3997240226573529,0.34399999999999986,0.26599999999999996
4,BR(Hiemstra_LM),0.217364633912456,0.763071893605813,0.47306214428779236,0.444,0.31399999999999995
