,name,map,recip_rank,ndcg,P_5,P_10
0,BR(TF_IDF),0.1627161315458884,0.6077311336369102,0.40795672415379386,0.34399999999999986,0.28400000000000003
1,BR(BM25),0.16427504199611037,0.6346733196966879,0.4111892324050715,0.34399999999999986,0.284
2,BR(PL2),0.15299080480838245,0.5872803759447514,0.3950862782036902,0.34399999999999986,0.264
3,BR(InL2),0.17083037386847078,0.6316364092175465,0.42152954811851795,0.3599999999999999,0.282
4,BR(Hiemstra_LM),0.22194278783263185,0.7717282827430352,0.4880605842010538,0.4319999999999999,0.34
