,name,map,recip_rank,ndcg,P_5,P_10
0,BR(TF_IDF),0.1571034702051338,0.6420952473408954,0.3987459773971367,0.3319999999999999,0.26
1,BR(BM25),0.1586213552530045,0.6475863634300068,0.40189313640453406,0.3279999999999999,0.26
2,BR(PL2),0.1505737056599297,0.634779803180299,0.38910698359454043,0.3159999999999999,0.24399999999999994
3,BR(InL2),0.16674138375698033,0.6356164394373228,0.41069123081443926,0.352,0.27399999999999997
4,BR(Hiemstra_LM),0.22105832320527644,0.772979924907245,0.47927237934180866,0.444,0.31999999999999995
