,name,map,recip_rank,ndcg,P_5,P_10
0,BR(TF_IDF),0.15774079479087263,0.6387420385380764,0.3993978348460888,0.3319999999999999,0.25800000000000006
1,BR(BM25),0.1586356072964694,0.6441360481623639,0.4020003234219752,0.3279999999999999,0.258
2,BR(PL2),0.15093549528665487,0.6313846875153275,0.38915024672497994,0.3159999999999999,0.244
3,BR(InL2),0.1659568047125644,0.632143974505199,0.41057777052163663,0.352,0.27399999999999997
4,BR(Hiemstra_LM),0.22250728863463995,0.7829788365863477,0.4818392009879492,0.44,0.31999999999999995
