,name,map,recip_rank,ndcg,P_5,P_10
0,BR(TF_IDF),0.1492286229769699,0.625969400373107,0.3874140992112655,0.31199999999999994,0.252
1,BR(BM25),0.15001701711654555,0.6304685980329627,0.38980264850627583,0.3159999999999999,0.24999999999999997
2,BR(PL2),0.14381601844996,0.6121652917023943,0.3782980871897933,0.3079999999999999,0.23199999999999996
3,BR(InL2),0.15636272933847115,0.6224249194874085,0.397191064010663,0.34399999999999986,0.26599999999999996
4,BR(Hiemstra_LM),0.21462183365047008,0.7630779766288066,0.4707230798592381,0.43999999999999995,0.31199999999999994
