,name,map,recip_rank,ndcg,P_5,P_10
0,BR(TF_IDF),0.1547421217315238,0.6395903778916062,0.39766213421679725,0.3239999999999999,0.25800000000000006
1,BR(BM25),0.15696860351051767,0.6464658690777857,0.4006393684233447,0.3319999999999999,0.26000000000000006
2,BR(PL2),0.14804512497574182,0.6361397687248244,0.3886118144404415,0.3039999999999998,0.23199999999999998
3,BR(InL2),0.16653762190417665,0.657083808904461,0.4133117253938387,0.35199999999999987,0.268
4,BR(Hiemstra_LM),0.22035878582009022,0.7794562136074689,0.4822019041170709,0.44,0.32199999999999995
