,name,map,recip_rank,ndcg,P_5,P_10
0,BR(TF_IDF),0.14666251662990054,0.6223305222865549,0.3831986328287209,0.3119999999999999,0.24799999999999997
1,BR(BM25),0.14800980647357742,0.624996068986493,0.38609427186191925,0.31999999999999984,0.244
2,BR(PL2),0.13950617869438112,0.598580437579174,0.3727810852403094,0.29999999999999993,0.23199999999999996
3,BR(InL2),0.1530358680742068,0.6126147124538519,0.3919374523304758,0.3359999999999998,0.254
4,BR(Hiemstra_LM),0.2121166443311427,0.772899753108554,0.4675721159773593,0.43999999999999995,0.30999999999999994
