,name,map,recip_rank,ndcg,P_5,P_10
0,BR(TF_IDF),0.14734665246550174,0.622558768824453,0.38470370855349856,0.3159999999999999,0.24599999999999994
1,BR(BM25),0.1487152996955928,0.6293645442034698,0.38757852760127237,0.3239999999999999,0.244
2,BR(PL2),0.13981576023699824,0.6000099692543478,0.3732217609027923,0.3079999999999999,0.23199999999999996
3,BR(InL2),0.1546263028838074,0.6274364577096754,0.394448155456991,0.3319999999999998,0.25799999999999995
4,BR(Hiemstra_LM),0.21288279081097763,0.772899943234665,0.46791460986523886,0.444,0.3159999999999999
