,name,map,recip_rank,ndcg,P_5,P_10
0,BR(TF_IDF),0.15685871358127876,0.6546586582088894,0.3991589004222183,0.3279999999999999,0.26400000000000007
1,BR(BM25),0.15862251156335067,0.6499055578147671,0.40162010510866714,0.33599999999999985,0.25800000000000006
2,BR(PL2),0.1498554389560408,0.6371521239813406,0.38859810504761877,0.31199999999999983,0.23999999999999996
3,BR(InL2),0.166632876866002,0.6452157376787835,0.41031176195244456,0.3639999999999998,0.26999999999999996
4,BR(Hiemstra_LM),0.22098000223830414,0.7729810719048872,0.4789843037924398,0.452,0.32199999999999995
