,name,map,recip_rank,ndcg,P_5,P_10
0,BR(TF_IDF),0.15258093684828689,0.6160718035312253,0.3960513197928677,0.3159999999999999,0.24999999999999997
1,BR(BM25),0.1545861508367753,0.6181304956174517,0.3987640202583339,0.3239999999999999,0.266
2,BR(PL2),0.14568154594460303,0.6027476253637595,0.38645313532838266,0.3039999999999998,0.24400000000000002
3,BR(InL2),0.1617607764357718,0.6222263565422782,0.4093411279612048,0.35199999999999987,0.266
4,BR(Hiemstra_LM),0.2184514289282682,0.783324857674723,0.4853837095645313,0.428,0.32199999999999995
