,name,map,recip_rank,ndcg,P_5,P_10
0,BR(TF_IDF),0.14694686304939675,0.6233772324275357,0.38392988033711317,0.3079999999999999,0.24199999999999997
1,BR(BM25),0.14751053952829735,0.6160926084705985,0.3853777880601524,0.3159999999999999,0.242
2,BR(PL2),0.14129676254486023,0.617513117376176,0.37586905523374986,0.3079999999999999,0.22599999999999998
3,BR(InL2),0.15763202797555334,0.642172972098855,0.39852432588205133,0.33599999999999985,0.254
4,BR(Hiemstra_LM),0.2139263912702227,0.7819169095942078,0.46939844628693406,0.43199999999999994,0.31999999999999995
