,name,map,recip_rank,ndcg,P_5,P_10
0,BR(TF_IDF),0.14664225348424595,0.6235507263380434,0.3838499258130201,0.3119999999999999,0.24399999999999994
1,BR(BM25),0.14778034207401217,0.6250229997576864,0.38650354342230636,0.31999999999999984,0.242
2,BR(PL2),0.13885448999003214,0.5899493255452292,0.3721048898033452,0.3079999999999999,0.22799999999999998
3,BR(InL2),0.1531816331130366,0.614093027852482,0.3923722076034268,0.3359999999999998,0.256
4,BR(Hiemstra_LM),0.2125789489696476,0.7728955489036824,0.4674133497996953,0.444,0.3159999999999999
