,name,map,recip_rank,ndcg,P_5,P_10
0,BR(TF_IDF),0.15454585092230097,0.6249684793032814,0.39238758684221514,0.31599999999999995,0.254
1,BR(BM25),0.15749245440291776,0.6291776297076912,0.39678723299408747,0.3239999999999999,0.24999999999999997
2,BR(PL2),0.14784279058104183,0.6208812029962765,0.38362165034784534,0.3039999999999999,0.23399999999999999
3,BR(InL2),0.1631143481329679,0.6277043484056142,0.40402167660896593,0.35199999999999987,0.268
4,BR(Hiemstra_LM),0.219962828573829,0.7730605557233464,0.4743199970757999,0.44799999999999995,0.31799999999999995
