,name,map,recip_rank,ndcg,P_5,P_10
0,BR(TF_IDF),0.14651915023254547,0.6251529093949917,0.3834913904007199,0.30799999999999994,0.23799999999999996
1,BR(BM25),0.14748402822358936,0.6171354356565272,0.3853222694388523,0.3119999999999999,0.23800000000000002
2,BR(PL2),0.1406532910078092,0.6082560911592352,0.3743369181109671,0.30799999999999994,0.23000000000000004
3,BR(InL2),0.1576738371982461,0.6427761082824058,0.3982148063597727,0.33599999999999985,0.252
4,BR(Hiemstra_LM),0.2134760559285372,0.781870575306158,0.46868626188372003,0.43199999999999994,0.31799999999999995
