,name,map,recip_rank,ndcg,P_5,P_10
0,BR(TF_IDF),0.15582902090458392,0.6440312105903162,0.3972879015878397,0.3239999999999999,0.25800000000000006
1,BR(BM25),0.158938268994811,0.6476982250443915,0.40093925687544646,0.3279999999999999,0.254
2,BR(PL2),0.14834804274301858,0.6275241453899228,0.38689422434488585,0.3119999999999999,0.23399999999999996
3,BR(InL2),0.16523193257295093,0.6465487298904616,0.40868466262622255,0.3599999999999999,0.268
4,BR(Hiemstra_LM),0.22246074023269166,0.7730724327466837,0.4796604019255388,0.45199999999999996,0.324
