,name,map,recip_rank,ndcg,P_5,P_10
0,BR(TF_IDF),0.14932972037021125,0.6297508865765881,0.38683201168764675,0.3199999999999999,0.24799999999999997
1,BR(BM25),0.15045400481353788,0.6316150356407537,0.3897171698802,0.3279999999999999,0.248
2,BR(PL2),0.14309906783937681,0.6167063616528109,0.37783019606505797,0.31199999999999994,0.23199999999999996
3,BR(InL2),0.15517659803935074,0.6217157888503118,0.39557124477225547,0.34399999999999986,0.262
4,BR(Hiemstra_LM),0.2145181621398188,0.773082452139056,0.471178996427303,0.43999999999999995,0.31199999999999994
