,name,map,recip_rank,ndcg,P_5,P_10
0,BR(TF_IDF),0.1526555669510278,0.6470513894611323,0.39635702147811996,0.3319999999999999,0.25600000000000006
1,BR(BM25),0.15481493927687554,0.6510163898733003,0.3990022220037604,0.3319999999999998,0.26
2,BR(PL2),0.14603086067028972,0.6418427954688832,0.38670880785695966,0.3079999999999999,0.23600000000000004
3,BR(InL2),0.1643293518330819,0.6577931960759547,0.4105006593101582,0.35199999999999987,0.27399999999999997
4,BR(Hiemstra_LM),0.21912464069953252,0.7796843933485725,0.4796905714332251,0.444,0.31999999999999995
