,name,map,recip_rank,ndcg,P_5,P_10
0,BR(TF_IDF),0.15461484935524647,0.6563669467787113,0.399338529614136,0.3319999999999999,0.25800000000000006
1,BR(BM25),0.1577743743580453,0.6613853048353421,0.4027068421540186,0.33599999999999985,0.26
2,BR(PL2),0.1469037491106899,0.6466167116239405,0.3878166850888844,0.30799999999999983,0.24400000000000002
3,BR(InL2),0.16379034240977894,0.6563330410724028,0.4101624559324293,0.35599999999999987,0.27399999999999997
4,BR(Hiemstra_LM),0.21936010516202706,0.7796563834619143,0.4801024228879935,0.44799999999999995,0.3219999999999999
