,name,map,recip_rank,ndcg,P_5,P_10
0,BR(TF_IDF),0.16178685678989072,0.6180112452766704,0.4073783502617823,0.33999999999999986,0.276
1,BR(BM25),0.1633729932878243,0.644953209036254,0.4112033449026615,0.33999999999999986,0.276
2,BR(PL2),0.1524297355973139,0.5961726340773077,0.394200090503155,0.3359999999999998,0.26400000000000007
3,BR(InL2),0.17012244658505551,0.6454019286501301,0.42188523347424917,0.35999999999999976,0.278
4,BR(Hiemstra_LM),0.22115454714176652,0.7717288857134692,0.48745823188302784,0.4319999999999999,0.332
