,name,map,recip_rank,ndcg,P_5,P_10
0,BR(TF_IDF),0.15681194864013137,0.6513219023927977,0.3991987653048301,0.3279999999999999,0.26000000000000006
1,BR(BM25),0.15797014070848306,0.6466127705096728,0.40097744309622607,0.3319999999999999,0.25800000000000006
2,BR(PL2),0.1502049874647753,0.6336396524470367,0.38839906895482634,0.31199999999999983,0.24400000000000002
3,BR(InL2),0.1669514092734157,0.641888964619394,0.41067170389452834,0.35599999999999987,0.272
4,BR(Hiemstra_LM),0.22279521666198243,0.7829841665001847,0.4817676080519345,0.44799999999999995,0.324
