,name,map,recip_rank,ndcg,P_5,P_10
0,BR(TF_IDF),0.14876412722936488,0.6101297921030555,0.38637630604667605,0.3159999999999999,0.25
1,BR(BM25),0.15017201282275802,0.6164104049491262,0.39036409779545367,0.3239999999999999,0.24799999999999997
2,BR(PL2),0.14281162707423203,0.6059586427700018,0.3781437481565274,0.3039999999999999,0.22799999999999998
3,BR(InL2),0.15468081966996347,0.6123222588921096,0.39600121201332733,0.34399999999999986,0.262
4,BR(Hiemstra_LM),0.21539984268083856,0.7730772591323052,0.47215202477957435,0.444,0.31199999999999994
