,name,map,recip_rank,ndcg,P_5,P_10
0,BR(TF_IDF),0.15536781237082636,0.6282293314389683,0.40187135211352826,0.32799999999999985,0.26
1,BR(BM25),0.15732011215726063,0.6482484520848828,0.4053702630434495,0.3319999999999998,0.27
2,BR(PL2),0.1458812202409609,0.6022500700024914,0.38886508252000956,0.31999999999999984,0.25800000000000006
3,BR(InL2),0.16329794703907521,0.6407325678408783,0.41371655622041564,0.3679999999999998,0.27
4,BR(Hiemstra_LM),0.21922903727256746,0.7733330644340761,0.4866801688312318,0.43199999999999994,0.324
