,name,map,recip_rank,ndcg,P_5,P_10
0,BR(TF_IDF),0.15478008108662653,0.6426692618133769,0.3960370252941442,0.3159999999999999,0.252
1,BR(BM25),0.15630281758133757,0.6465159935077206,0.3994122549078332,0.3279999999999999,0.24799999999999997
2,BR(PL2),0.14751007399229984,0.64034920001802,0.38637892454468536,0.3039999999999998,0.236
3,BR(InL2),0.16377174347122841,0.6448211163621568,0.40791968313957616,0.35599999999999987,0.266
4,BR(Hiemstra_LM),0.22213239517722103,0.7670760611937082,0.4793711237960392,0.44799999999999995,0.32199999999999995
