,name,map,recip_rank,ndcg,P_5,P_10
0,BR(TF_IDF),0.15389297708003416,0.654655097038226,0.39821259673274584,0.3279999999999999,0.25600000000000006
1,BR(BM25),0.15493773131455543,0.6600029464095128,0.40076020900396964,0.3279999999999999,0.258
2,BR(PL2),0.14641514335219266,0.6459363584394796,0.38715236210085613,0.3159999999999999,0.24600000000000002
3,BR(InL2),0.1631793773388066,0.6556202472269961,0.4104492462249029,0.35599999999999987,0.27199999999999996
4,BR(Hiemstra_LM),0.21889789188687445,0.7779907866984226,0.4800430076976768,0.444,0.3179999999999999
