,name,map,recip_rank,ndcg,P_5,P_10
0,BR(TF_IDF),0.1576064947455153,0.6259822184529785,0.40939837011537183,0.3319999999999999,0.262
1,BR(BM25),0.1606294319993113,0.644553650372616,0.413494095610911,0.3399999999999998,0.264
2,BR(PL2),0.15274026807564353,0.611717426284006,0.4000038213055104,0.3279999999999999,0.258
3,BR(InL2),0.16895849734108567,0.6435578576674468,0.42441441936322327,0.35199999999999987,0.27799999999999997
4,BR(Hiemstra_LM),0.22127931980778665,0.7611196683515119,0.48940349794697346,0.43999999999999995,0.336
