,name,map,recip_rank,ndcg,P_5,P_10
0,BR(TF_IDF),0.14889243417698084,0.6161144243627547,0.3876296035103905,0.3159999999999999,0.244
1,BR(BM25),0.1515716726301913,0.6274985921630128,0.3929276198887711,0.31999999999999995,0.244
2,BR(PL2),0.14306914740097554,0.6120077841697268,0.3784861075177397,0.2999999999999999,0.23
3,BR(InL2),0.15551560520671126,0.6177614919893515,0.39752794069388053,0.34399999999999975,0.258
4,BR(Hiemstra_LM),0.2170998277537822,0.767079790309027,0.4734045273064702,0.44,0.31199999999999994
