,name,map,recip_rank,ndcg,P_5,P_10
0,BR(TF_IDF),0.15381089551751784,0.6244393508958063,0.3912998593777966,0.3119999999999999,0.252
1,BR(BM25),0.1550925375812682,0.6286295197916589,0.39487228118201123,0.31999999999999995,0.248
2,BR(PL2),0.14682247178747615,0.6203905217467166,0.38128060766101024,0.2959999999999999,0.23199999999999998
3,BR(InL2),0.1626344382889404,0.6275260102890408,0.40341746987770866,0.35199999999999987,0.266
4,BR(Hiemstra_LM),0.2197234712162142,0.7670643574148248,0.47394050907860863,0.444,0.31599999999999995
