,name,map,recip_rank,ndcg,P_5,P_10
0,BR(TF_IDF),0.15613119715463442,0.653347910743794,0.3987601907456824,0.3279999999999999,0.25800000000000006
1,BR(BM25),0.15706233119128035,0.6480179034529137,0.4002819714886825,0.32799999999999985,0.26
2,BR(PL2),0.14857640720555612,0.6383702023557781,0.38704160503034357,0.31199999999999983,0.23799999999999996
3,BR(InL2),0.16469595294178144,0.6454615369276091,0.40954721324600635,0.35599999999999987,0.26999999999999996
4,BR(Hiemstra_LM),0.22053470488429355,0.7669801292867655,0.478686152347,0.44799999999999995,0.31999999999999995
