,name,map,recip_rank,ndcg,P_5,P_10
0,BR(TF_IDF),0.15888467947025942,0.6171818818569146,0.40531357096158865,0.3359999999999998,0.2720000000000001
1,BR(BM25),0.16169122343973594,0.6443827196899485,0.4101551547872667,0.3359999999999998,0.278
2,BR(PL2),0.151414710369021,0.5955873960287088,0.39353954043363354,0.3359999999999998,0.26200000000000007
3,BR(InL2),0.16770959827432924,0.6413315880041999,0.41966633781203283,0.36399999999999993,0.282
4,BR(Hiemstra_LM),0.22088186408690053,0.7667299390287259,0.48692067161741415,0.4319999999999999,0.332
