,name,map,recip_rank,ndcg,P_5,P_10
0,BR(TF_IDF),0.14852094314844388,0.6282688954678267,0.3858494683812291,0.3079999999999999,0.24599999999999997
1,BR(BM25),0.14949230273343264,0.6301703326313448,0.38905451648324585,0.3199999999999999,0.24600000000000002
2,BR(PL2),0.14225480925214512,0.6160783351913787,0.37696924710771207,0.3039999999999999,0.23199999999999998
3,BR(InL2),0.15410274984431618,0.6219494018461567,0.39408010424321965,0.34399999999999986,0.258
4,BR(Hiemstra_LM),0.2139069373884052,0.7670856292207004,0.4708270690541499,0.43599999999999994,0.31199999999999994
