,name,map,recip_rank,ndcg,P_5,P_10
0,BR(TF_IDF),0.15064836932277983,0.6122454775528374,0.39422645487627345,0.3079999999999999,0.25
1,BR(BM25),0.1523971843225679,0.617994712919319,0.3970427646118149,0.31999999999999984,0.26
2,BR(PL2),0.14415833085710492,0.602608324320383,0.38470308767905514,0.2919999999999998,0.24000000000000005
3,BR(InL2),0.16075444663494357,0.6179098003344863,0.40791882853455524,0.3439999999999999,0.266
4,BR(Hiemstra_LM),0.2182153774617691,0.7749913564994163,0.48495508351054306,0.424,0.324
