,name,map,recip_rank,ndcg,P_5,P_10
0,BR(TF_IDF),0.15218687709903025,0.6453795566105724,0.3954474576330131,0.3239999999999999,0.25600000000000006
1,BR(BM25),0.15467900363742518,0.6594345679012344,0.3998826160321206,0.3239999999999999,0.26
2,BR(PL2),0.14558619622490154,0.6413688638842189,0.38608405196164186,0.3119999999999999,0.234
3,BR(InL2),0.16217917398622345,0.6570768435902885,0.4089051559894567,0.3479999999999999,0.272
4,BR(Hiemstra_LM),0.21846719021893943,0.7780192729974874,0.4797067266204179,0.44,0.31799999999999995
