,name,map,recip_rank,ndcg,P_5,P_10
0,BR(TF_IDF),0.1508397201143725,0.6102576297971034,0.3921517059106778,0.3199999999999999,0.262
1,BR(BM25),0.15178264315705048,0.6166019856743713,0.39510536064623686,0.3279999999999999,0.26400000000000007
2,BR(PL2),0.14355098338280167,0.6077390236186618,0.3826852031690444,0.2959999999999998,0.24
3,BR(InL2),0.16034661405817643,0.6353117547218151,0.4068354776253535,0.348,0.26599999999999996
4,BR(Hiemstra_LM),0.2175002313577908,0.7777933412198389,0.48215802218003634,0.43200000000000005,0.32799999999999996
