,name,map,recip_rank,ndcg,P_5,P_10
0,BR(TF_IDF),0.14601822783846805,0.6176960211344537,0.3822383954810003,0.29999999999999993,0.23799999999999996
1,BR(BM25),0.14676665679183856,0.6134272300469484,0.38466098947287813,0.3079999999999999,0.242
2,BR(PL2),0.14030374519950412,0.6165043607810161,0.37443784658637597,0.29999999999999993,0.22399999999999998
3,BR(InL2),0.15657134819768323,0.6412070681820906,0.39731429928357687,0.33599999999999985,0.254
4,BR(Hiemstra_LM),0.21320561784111386,0.7774301419550497,0.46863901175089767,0.428,0.31799999999999995
