,name,map,recip_rank,ndcg,P_5,P_10
0,BR(TF_IDF),0.14553271809911406,0.6194739608205717,0.3818795251539689,0.2919999999999999,0.244
1,BR(BM25),0.14725301211131717,0.6229161595105507,0.38595035305766295,0.3119999999999999,0.24599999999999997
2,BR(PL2),0.1385593972817065,0.5977383217471679,0.3717741384383019,0.2919999999999999,0.22999999999999995
3,BR(InL2),0.15184389786632635,0.6128475856191191,0.3900815714925199,0.3359999999999998,0.24999999999999997
4,BR(Hiemstra_LM),0.21144282925024854,0.7669029959906929,0.4671809742637361,0.43599999999999994,0.30999999999999994
