,name,map,recip_rank,ndcg,P_5,P_10
0,BR(TF_IDF),0.1475206074375055,0.6104155946377149,0.3851264372455861,0.3159999999999999,0.24599999999999997
1,BR(BM25),0.1490658518726722,0.6144668715303606,0.3894787644269305,0.3239999999999999,0.244
2,BR(PL2),0.14216924727032634,0.6078886792841498,0.3770006890932284,0.2999999999999999,0.23199999999999998
3,BR(InL2),0.15407168778542354,0.6134288768533428,0.39509280725387447,0.3479999999999998,0.26
4,BR(Hiemstra_LM),0.21459610914923935,0.7670806887816235,0.4713302506597521,0.44,0.30999999999999994
