,name,map,recip_rank,ndcg,P_5,P_10
0,BR(TF_IDF),0.15327798149507654,0.6380368671698933,0.3960938028121867,0.3239999999999999,0.256
1,BR(BM25),0.15539091984410883,0.6455676020491553,0.399322237720566,0.3279999999999999,0.26
2,BR(PL2),0.14661826145234091,0.6357339705163102,0.38687981398390364,0.3039999999999998,0.22999999999999995
3,BR(InL2),0.16570836656370486,0.6565733572783284,0.41215387305446216,0.348,0.264
4,BR(Hiemstra_LM),0.21977132637193855,0.7777911678624203,0.48213251398490725,0.436,0.32199999999999995
