,name,map,recip_rank,ndcg,P_5,P_10
0,BR(TF_IDF),0.14562528759975957,0.6206389486189862,0.3827803481216482,0.29599999999999993,0.23999999999999996
1,BR(BM25),0.14690247697630648,0.6229350421650361,0.3855516829548102,0.3119999999999999,0.242
2,BR(PL2),0.13862395252790383,0.5992195880582011,0.3721208721983932,0.2999999999999999,0.22799999999999998
3,BR(InL2),0.15302726224188562,0.6145174838110721,0.39255605405825533,0.3359999999999998,0.254
4,BR(Hiemstra_LM),0.21199394381349224,0.7669009407081395,0.4669118259469967,0.44,0.3139999999999999
