,name,map,recip_rank,ndcg,P_5,P_10
0,BR(TF_IDF),0.14852246895486187,0.5914388623424768,0.3858112435923056,0.3119999999999999,0.254
1,BR(BM25),0.1493349675705446,0.5962194087543871,0.3886764067890254,0.3199999999999999,0.25600000000000006
2,BR(PL2),0.14120122632554008,0.5880777109976146,0.376373350824374,0.2879999999999998,0.23399999999999999
3,BR(InL2),0.15728399868949242,0.613384163646917,0.3984295712896917,0.33599999999999985,0.256
4,BR(Hiemstra_LM),0.21340108207059955,0.77412691318818,0.4776385574125755,0.42,0.32599999999999996
