,name,map,recip_rank,ndcg,P_5,P_10
0,BR(TF_IDF),0.14823426148693408,0.5913000526537511,0.38801831785734586,0.2999999999999999,0.24599999999999997
1,BR(BM25),0.1499679371180789,0.5971523029369304,0.39056554980250324,0.31199999999999983,0.252
2,BR(PL2),0.14174069665633518,0.5829056556751788,0.3784783999628965,0.2839999999999998,0.234
3,BR(InL2),0.15777053512790418,0.6006067486762597,0.40077669691251033,0.3319999999999999,0.256
4,BR(Hiemstra_LM),0.21430095421728768,0.7723244263281385,0.48041379479579827,0.41199999999999987,0.32199999999999995
