,name,map,recip_rank,ndcg,P_5,P_10
0,BR(TF_IDF),0.1425281520601523,0.5992530818210028,0.3748899078205096,0.2879999999999999,0.236
1,BR(BM25),0.1442870963695405,0.6022313801847197,0.378963441700214,0.3039999999999999,0.23799999999999996
2,BR(PL2),0.13632321722327703,0.5770434668017028,0.36537308554697695,0.2839999999999999,0.22199999999999995
3,BR(InL2),0.1485934693549869,0.5919547402205514,0.38204505213256096,0.3159999999999999,0.24199999999999997
4,BR(Hiemstra_LM),0.20737244955525433,0.7669048996647841,0.4627474356366845,0.41999999999999993,0.3099999999999999
