,name,map,recip_rank,ndcg,P_5,P_10
0,BR(TF_IDF),0.14984703463645047,0.6244334048095866,0.3893222561644082,0.3159999999999999,0.24800000000000005
1,BR(BM25),0.15240296275936496,0.63859138278063,0.39362994159140213,0.3159999999999999,0.252
2,BR(PL2),0.14363210834469287,0.6215222919271024,0.38040703780930174,0.3079999999999999,0.22800000000000004
3,BR(InL2),0.15917221067795886,0.6356008499434335,0.40087336006781976,0.3439999999999999,0.26
4,BR(Hiemstra_LM),0.2147808635466,0.7753367752177205,0.47549576752041517,0.428,0.3159999999999999
