,name,map,recip_rank,ndcg,P_5,P_10
0,BR(TF_IDF),0.142645668348882,0.6007514167234295,0.37565712037487997,0.2879999999999999,0.23199999999999996
1,BR(BM25),0.14381848991092921,0.6022502217238052,0.3780209055147757,0.3039999999999999,0.23399999999999999
2,BR(PL2),0.13624123447320674,0.5785436203435315,0.3656610997418241,0.29199999999999987,0.21999999999999997
3,BR(InL2),0.14960383743638472,0.5936157347966043,0.38470703556964453,0.3159999999999999,0.244
4,BR(Hiemstra_LM),0.20761377289494098,0.7669028077731135,0.462566357080333,0.42399999999999993,0.3099999999999999
