,name,map,recip_rank,ndcg,P_5,P_10
0,BR(TF_IDF),0.15410078633943664,0.6293886744267341,0.39240724645504566,0.3199999999999999,0.24800000000000005
1,BR(BM25),0.15537647308376287,0.6252431719412467,0.39494142379945196,0.31599999999999984,0.252
2,BR(PL2),0.14677573706298688,0.6149191739722842,0.3806588421375354,0.3079999999999999,0.236
3,BR(InL2),0.1617371705549771,0.6230781209018382,0.4021432633355214,0.3439999999999999,0.26
4,BR(Hiemstra_LM),0.21850008905859788,0.7769814745196325,0.47673412041106317,0.428,0.32199999999999995
