,name,map,recip_rank,ndcg,P_5,P_10
0,BR(TF_IDF),0.14282283469609613,0.596665618619745,0.3748956121273985,0.2919999999999999,0.22999999999999995
1,BR(BM25),0.14377990137766283,0.5925393552106862,0.3775335776735231,0.2999999999999999,0.23199999999999996
2,BR(PL2),0.13791947547021333,0.5958738143214397,0.36813863609399133,0.2919999999999999,0.214
3,BR(InL2),0.15298149294127367,0.6193239662132585,0.38962484168003114,0.3159999999999999,0.244
4,BR(Hiemstra_LM),0.20906621667799866,0.7774395117950005,0.4640955051256281,0.41199999999999987,0.3139999999999999
