,name,map,recip_rank,ndcg,P_5,P_10
0,BR(TF_IDF),0.15091582561475872,0.6172123425508537,0.38901141043275184,0.3159999999999999,0.24600000000000002
1,BR(BM25),0.1528674841677409,0.6248441005348856,0.39268534757617773,0.3199999999999999,0.25000000000000006
2,BR(PL2),0.1446422181682266,0.6159910791122393,0.3812248662301223,0.2959999999999998,0.228
3,BR(InL2),0.16229693180312205,0.6348367183379633,0.4039677251830861,0.33599999999999985,0.252
4,BR(Hiemstra_LM),0.21608783016146332,0.7751249752529684,0.47798825711761156,0.424,0.3219999999999999
