,name,map,recip_rank,ndcg,P_5,P_10
0,BR(TF_IDF),0.14541046892189383,0.6075869504670127,0.3787549673265211,0.2999999999999999,0.23799999999999996
1,BR(BM25),0.146601146156075,0.6097305923742368,0.38220164647197286,0.3119999999999999,0.23800000000000002
2,BR(PL2),0.13993812726182742,0.5956613677733058,0.37073331348765093,0.2959999999999999,0.22399999999999998
3,BR(InL2),0.15083660991458234,0.6006529692154583,0.38557815720226374,0.3279999999999999,0.25
4,BR(Hiemstra_LM),0.20978956854487263,0.7670874962856744,0.4664510413636315,0.41999999999999993,0.3119999999999999
