,name,map,recip_rank,ndcg,P_5,P_10
0,BR(TF_IDF),0.15156206752914653,0.6339142488305032,0.3918805356677943,0.3199999999999999,0.24800000000000005
1,BR(BM25),0.15248213880165484,0.6391652634970825,0.3946453665824981,0.31999999999999984,0.252
2,BR(PL2),0.14431885999360622,0.6277467448087357,0.3812845377235664,0.3079999999999999,0.23800000000000002
3,BR(InL2),0.16035211224289048,0.6434566575161667,0.40322572525630496,0.3399999999999999,0.25799999999999995
4,BR(Hiemstra_LM),0.21489292167330729,0.7753245891684272,0.47556998226874037,0.428,0.31799999999999984
