,name,map,recip_rank,ndcg,P_5,P_10
0,BR(TF_IDF),0.1563976644963541,0.5981145195607912,0.39930309922803725,0.32399999999999984,0.26600000000000007
1,BR(BM25),0.15932046534662694,0.6260847497706091,0.40413984535104935,0.32799999999999985,0.272
2,BR(PL2),0.1489342534161116,0.5774313395645393,0.38751793193774536,0.32399999999999984,0.25600000000000006
3,BR(InL2),0.16474783475070928,0.6221469963468351,0.41279110942432967,0.35199999999999987,0.272
4,BR(Hiemstra_LM),0.21690767520928048,0.764063793684132,0.48259918087317927,0.4199999999999999,0.33
