,name,map,recip_rank,ndcg,P_5,P_10
0,BR(TF_IDF),0.15512924280235385,0.6059658860082501,0.40236714296192944,0.3239999999999999,0.25799999999999995
1,BR(BM25),0.1590188045263278,0.6247292418288022,0.4084181310806453,0.33599999999999985,0.258
2,BR(PL2),0.15067457782488117,0.5955531905097928,0.39502350786236495,0.31599999999999984,0.252
3,BR(InL2),0.16600404814194503,0.623126546570045,0.41796476719108067,0.33599999999999985,0.272
4,BR(Hiemstra_LM),0.21733191691516424,0.7574530016848453,0.48503182910040954,0.4279999999999999,0.332
