,name,map,recip_rank,ndcg,P_5,P_10
0,BR(TF_IDF),0.15088954129275656,0.6113974353639076,0.39501192846328465,0.31999999999999984,0.254
1,BR(BM25),0.1537374916596022,0.6270875199714764,0.399309880206834,0.32799999999999985,0.26
2,BR(PL2),0.1424225896890676,0.5853961863062276,0.3816353237706203,0.3039999999999998,0.24400000000000002
3,BR(InL2),0.15966090331682223,0.6127970075761894,0.40705712258096294,0.3599999999999999,0.26
4,BR(Hiemstra_LM),0.21522075944491575,0.7623302729509165,0.4817171427981085,0.42399999999999993,0.324
