,name,map,recip_rank,ndcg,P_5,P_10
0,BR(TF_IDF),0.1432833951531007,0.6040882573899184,0.37602330787000454,0.29199999999999987,0.23399999999999996
1,BR(BM25),0.14468473022567202,0.6055910265399266,0.3792626783058067,0.3079999999999999,0.23399999999999996
2,BR(PL2),0.1365940470692537,0.578652627514316,0.3659985285763542,0.29199999999999987,0.21999999999999992
3,BR(InL2),0.15074140080397025,0.6073103867967595,0.3866881420644632,0.3119999999999999,0.24599999999999997
4,BR(Hiemstra_LM),0.2079445188683961,0.766907486846169,0.4628289706049854,0.42399999999999993,0.3139999999999999
