,name,map,recip_rank,ndcg,P_5,P_10
0,BR(TF_IDF),0.14609121474867634,0.5957098912936696,0.3805794047170488,0.3079999999999999,0.236
1,BR(BM25),0.14899847308685638,0.6072970792896907,0.3864054356552152,0.3159999999999999,0.23399999999999996
2,BR(PL2),0.1409929713761778,0.5919585954865564,0.37234300496858735,0.2959999999999999,0.22399999999999998
3,BR(InL2),0.15227222799606266,0.5963705455861731,0.38945771165746956,0.32799999999999985,0.25
4,BR(Hiemstra_LM),0.21196667013503276,0.7670815536664596,0.4682454242161501,0.42399999999999993,0.31199999999999994
