,name,map,recip_rank,ndcg,P_5,P_10
0,BR(TF_IDF),0.1515156131015053,0.6041290001539642,0.38530877142238623,0.3079999999999999,0.244
1,BR(BM25),0.15298132740497827,0.6085223189956709,0.3886699305527533,0.31999999999999995,0.24
2,BR(PL2),0.14462986629800467,0.6003413102793129,0.3756595329008292,0.28799999999999987,0.22799999999999998
3,BR(InL2),0.15950056507605212,0.6061349168366499,0.39535009349173317,0.33599999999999985,0.258
4,BR(Hiemstra_LM),0.2156696716728088,0.7670660881174901,0.47017343644171994,0.428,0.31599999999999995
