,name,map,recip_rank,ndcg,P_5,P_10
0,BR(TF_IDF),0.15362073940001306,0.6328039785415146,0.39221965475227294,0.3199999999999999,0.25000000000000006
1,BR(BM25),0.15447551822389136,0.6276790670823917,0.39420800356862634,0.31999999999999984,0.254
2,BR(PL2),0.14626900252265204,0.618320941308599,0.381214690483726,0.3039999999999998,0.23199999999999996
3,BR(InL2),0.16156699448458972,0.6234184023593946,0.4015488980582731,0.3439999999999999,0.25999999999999995
4,BR(Hiemstra_LM),0.21672974903035006,0.7669810548507479,0.47438419213348765,0.43199999999999994,0.31999999999999995
