,name,map,recip_rank,ndcg,P_5,P_10
0,BR(TF_IDF),0.14478500154047347,0.5897339394425699,0.3780490834279091,0.3079999999999999,0.24
1,BR(BM25),0.14637232690997207,0.5939871732317943,0.3825258404916982,0.3159999999999999,0.236
2,BR(PL2),0.13983037369221102,0.5875157095676811,0.3707456831844877,0.29199999999999987,0.22399999999999998
3,BR(InL2),0.1509590757954519,0.5930379304501644,0.3871878992569498,0.3319999999999998,0.252
4,BR(Hiemstra_LM),0.21042050026413492,0.7670824521390561,0.46689556558199213,0.42399999999999993,0.3099999999999999
