,name,map,recip_rank,ndcg,P_5,P_10
0,BR(TF_IDF),0.14344430356329022,0.6078274884015782,0.37589666513954145,0.2919999999999999,0.228
1,BR(BM25),0.14378531512024242,0.5931955420498928,0.3774625144842974,0.2999999999999999,0.22799999999999998
2,BR(PL2),0.1373785880442645,0.586622068321571,0.36713811004352126,0.2919999999999999,0.21600000000000003
3,BR(InL2),0.15301524945252085,0.61967109265004,0.38906367862008717,0.31199999999999994,0.24199999999999997
4,BR(Hiemstra_LM),0.20913506823494077,0.7774036019493624,0.46391020759191703,0.41199999999999987,0.3159999999999999
