,name,map,recip_rank,ndcg,P_5,P_10
0,BR(TF_IDF),0.15242340107271093,0.6221365134359029,0.38966627981161345,0.3119999999999999,0.244
1,BR(BM25),0.1536989787385234,0.6261858377999245,0.3930334493952736,0.3199999999999999,0.23999999999999996
2,BR(PL2),0.14525248236966337,0.6202999885506163,0.3808923663046202,0.2959999999999998,0.22999999999999995
3,BR(InL2),0.16067272850910036,0.623412121031781,0.3999411552179683,0.3439999999999999,0.258
4,BR(Hiemstra_LM),0.2183410742344315,0.7670784112104836,0.4751191697272604,0.4319999999999999,0.32199999999999995
