,name,map,recip_rank,ndcg,P_5,P_10
0,BR(TF_IDF),0.12304886016048455,0.5622045720368775,0.34756207281472706,0.25600000000000006,0.1979999999999999
1,BR(BM25),0.12500200465226663,0.5728732437847524,0.35169227477006015,0.272,0.1999999999999999
2,BR(PL2),0.11782983417199237,0.5403024595970062,0.33848494567240694,0.26000000000000006,0.18999999999999992
3,BR(InL2),0.13012708110098065,0.5729714165003404,0.3568534397841161,0.28800000000000003,0.21200000000000002
4,BR(Hiemstra_LM),0.17892655953285555,0.6955750907855933,0.42042255905045955,0.35599999999999987,0.26799999999999996
