,name,map,recip_rank,ndcg,P_5,P_10
0,BR(TF_IDF),0.13966616990371192,0.5665453898152417,0.38718088035353154,0.2839999999999999,0.22399999999999998
1,BR(BM25),0.14057756752353615,0.5685076354017093,0.3886281290974422,0.29199999999999987,0.22399999999999995
2,BR(PL2),0.13516161974484855,0.5618506850147218,0.3832867783901207,0.2799999999999999,0.21199999999999997
3,BR(InL2),0.1488419617210889,0.582455407820779,0.3981041200703684,0.30399999999999994,0.24
4,BR(Hiemstra_LM),0.19715260036622378,0.7355173890923894,0.4533080385750016,0.38399999999999984,0.2919999999999999
