,name,map,recip_rank,ndcg,P_5,P_10
0,BR(TF_IDF),0.12281794463106563,0.5621997006269013,0.34725024389835,0.25600000000000006,0.19999999999999993
1,BR(BM25),0.12485864312166121,0.5728677895423161,0.35079776017119213,0.272,0.20199999999999993
2,BR(PL2),0.11769988574079894,0.5406654440197134,0.33806971870751007,0.26000000000000006,0.19199999999999992
3,BR(InL2),0.12968301016765235,0.5729486573610555,0.3565264031512718,0.28400000000000003,0.21000000000000005
4,BR(Hiemstra_LM),0.17828502828014436,0.6955750907855933,0.41996873903393456,0.35599999999999987,0.26799999999999996
