,name,map,recip_rank,ndcg,P_5,P_10
0,BR(TF_IDF),0.12282316947689463,0.5677712035888569,0.3482420130880551,0.26800000000000007,0.19599999999999998
1,BR(BM25),0.12477632141780179,0.5737652801925547,0.3514827328696129,0.276,0.20199999999999996
2,BR(PL2),0.11857199373805244,0.5571160507783953,0.3403237448003677,0.268,0.18799999999999997
3,BR(InL2),0.12967908138084064,0.5678580647787149,0.3571088504876359,0.29200000000000004,0.21000000000000005
4,BR(Hiemstra_LM),0.17929164336993622,0.693315409847803,0.420485729969182,0.3599999999999999,0.27399999999999997
