,name,map,recip_rank,ndcg,P_5,P_10
0,BR(TF_IDF),0.12637021759503816,0.5695476687933009,0.352542228955646,0.26799999999999996,0.19999999999999996
1,BR(BM25),0.12738485455596218,0.5653343774034081,0.35401459767964755,0.272,0.20199999999999993
2,BR(PL2),0.119798350024154,0.5467367391781912,0.341233366011723,0.272,0.19199999999999995
3,BR(InL2),0.13395777413817778,0.5654937210050153,0.36123591829381263,0.29600000000000004,0.21800000000000008
4,BR(Hiemstra_LM),0.1829928514703983,0.7062304567981037,0.42528709212676347,0.3599999999999999,0.27599999999999997
