,name,map,recip_rank,ndcg,P_5,P_10
0,BR(TF_IDF),0.12713264801916843,0.5598493882468306,0.3566681955711413,0.26799999999999996,0.19999999999999996
1,BR(BM25),0.12990949966301923,0.5695601632154755,0.36017492319867467,0.28,0.2039999999999999
2,BR(PL2),0.12131643533725393,0.5521863205389694,0.346964160046173,0.264,0.19399999999999992
3,BR(InL2),0.13539263188010714,0.5771404661139783,0.36764856492568554,0.28800000000000003,0.21600000000000005
4,BR(Hiemstra_LM),0.18678920067062324,0.6927344904911428,0.4322332607617113,0.3719999999999999,0.2819999999999999
