,name,map,recip_rank,ndcg,P_5,P_10
0,BR(TF_IDF),0.12715433514053415,0.5574573821053483,0.35295217865121264,0.272,0.19799999999999998
1,BR(BM25),0.12947465343871267,0.5665377318220122,0.35701022407568095,0.28,0.20599999999999993
2,BR(PL2),0.12053588376617577,0.5448851133252949,0.3439743863567263,0.268,0.18999999999999992
3,BR(InL2),0.1352527385408204,0.5688688718522275,0.3645076800492849,0.3,0.21800000000000008
4,BR(Hiemstra_LM),0.18677652072530018,0.7065760595043361,0.4304102139340701,0.3719999999999999,0.27599999999999997
