,name,map,recip_rank,ndcg,P_5,P_10
0,BR(TF_IDF),0.12227368015191777,0.5616669356839986,0.3462820932721036,0.25600000000000006,0.19999999999999993
1,BR(BM25),0.12394793677130336,0.5614155708319933,0.34915409733432584,0.272,0.1999999999999999
2,BR(PL2),0.11620765498922057,0.5396336757093559,0.33627530272580075,0.26000000000000006,0.19199999999999992
3,BR(InL2),0.12937170352443858,0.5718650174335576,0.3557904116325886,0.28400000000000003,0.21000000000000005
4,BR(Hiemstra_LM),0.1786372493566606,0.6958104797163621,0.4197368014587707,0.35599999999999987,0.26799999999999996
