,name,map,recip_rank,ndcg,P_5,P_10
0,BR(TF_IDF),0.12260821855743576,0.5638541155527708,0.34777014542233153,0.26800000000000007,0.198
1,BR(BM25),0.12428761447207996,0.5679460078325834,0.35080144392153273,0.2720000000000001,0.204
2,BR(PL2),0.11838672579616567,0.5498409263314415,0.33950643471732145,0.268,0.18799999999999997
3,BR(InL2),0.1290984963693499,0.5636050981479672,0.3562341690093713,0.29200000000000004,0.21000000000000005
4,BR(Hiemstra_LM),0.17892839806738717,0.6932758322757028,0.41990198194570766,0.3599999999999999,0.27599999999999997
