,name,map,recip_rank,ndcg,P_5,P_10
0,BR(TF_IDF),0.12970725938068783,0.5841787667784171,0.363351705739533,0.27599999999999997,0.2
1,BR(BM25),0.13246599566763165,0.5941591670413604,0.36683639923558464,0.28,0.2
2,BR(PL2),0.12451901798987482,0.5671487008586725,0.35550155671511335,0.26399999999999996,0.19
3,BR(InL2),0.13929313189764253,0.6131349852852158,0.3780512232174222,0.29200000000000004,0.21000000000000005
4,BR(Hiemstra_LM),0.18980612042716674,0.7117608487409646,0.4387662212445378,0.3719999999999999,0.282
