,name,map,recip_rank,ndcg,P_5,P_10
0,BR(TF_IDF),0.12609682758627277,0.5566828370122388,0.35088438037662184,0.272,0.19399999999999995
1,BR(BM25),0.12801794479059717,0.5646782883435508,0.35506149655485103,0.28,0.19999999999999993
2,BR(PL2),0.11970062707482634,0.5414706477119943,0.3424346193516405,0.272,0.18999999999999997
3,BR(InL2),0.13429006375523803,0.5629370937593303,0.3619909031775634,0.304,0.21600000000000005
4,BR(Hiemstra_LM),0.18433910141581936,0.7065228571115728,0.42812732709355744,0.3679999999999999,0.27599999999999997
