,name,map,recip_rank,ndcg,P_5,P_10
0,BR(TF_IDF),0.1280532684766956,0.5645714824514898,0.3622277663792569,0.284,0.19599999999999998
1,BR(BM25),0.13026510117979684,0.5842807193222082,0.36564483552740185,0.288,0.19599999999999998
2,BR(PL2),0.12253661861877056,0.5466063047422913,0.3543232992593425,0.27199999999999996,0.18799999999999997
3,BR(InL2),0.1363618198520385,0.5956310241779266,0.3744345713600877,0.304,0.20800000000000005
4,BR(Hiemstra_LM),0.1867870672083088,0.7120044985404614,0.437153330266605,0.3679999999999999,0.27599999999999997
