,name,map,recip_rank,ndcg,P_5,P_10
0,BR(TF_IDF),0.1404215001490096,0.6001218952105455,0.38206639839326334,0.31199999999999994,0.23799999999999993
1,BR(BM25),0.14361284452897888,0.6151434163281408,0.3876874885209442,0.316,0.2339999999999999
2,BR(PL2),0.13546035383388466,0.5879830645846496,0.37570307936782477,0.29999999999999993,0.2199999999999999
3,BR(InL2),0.14991439822467417,0.6211082527906733,0.3957999747280068,0.33999999999999986,0.252
4,BR(Hiemstra_LM),0.20610185265342182,0.7469090520278404,0.4641384046380096,0.40399999999999986,0.3079999999999999
