,name,map,recip_rank,ndcg,P_5,P_10
0,BR(TF_IDF),0.13604500917899126,0.5983594409372598,0.3763713328600547,0.3,0.2299999999999999
1,BR(BM25),0.13872531709607747,0.6111831470650604,0.3812631980510098,0.3,0.2299999999999999
2,BR(PL2),0.131943281354129,0.5911383965777589,0.36923554627389954,0.2879999999999999,0.21599999999999986
3,BR(InL2),0.14469797851152966,0.6057042561444933,0.3882351647221382,0.3239999999999999,0.24599999999999994
4,BR(Hiemstra_LM),0.1993508153152828,0.7266720952128529,0.45506885807809505,0.39599999999999985,0.2999999999999999
