,name,map,recip_rank,ndcg,P_5,P_10
0,BR(TF_IDF),0.1356918296723475,0.5978272617494402,0.375053999201413,0.30399999999999994,0.22399999999999992
1,BR(BM25),0.1382172053996463,0.6088607261202129,0.3797137311643194,0.304,0.2279999999999999
2,BR(PL2),0.13193593707515425,0.5905694968519201,0.368567206588245,0.288,0.21799999999999986
3,BR(InL2),0.14448486432424215,0.6053490018329896,0.38829953106392745,0.3239999999999999,0.24599999999999997
4,BR(Hiemstra_LM),0.19955366762161433,0.7266593188176461,0.4552609784111319,0.39599999999999985,0.2999999999999999
