,name,map,recip_rank,ndcg,P_5,P_10
0,BR(TF_IDF),0.15108568482633036,0.5779521694780316,0.4084444807077032,0.3079999999999999,0.25
1,BR(BM25),0.15222590662667168,0.5876698126698128,0.41148182726654803,0.3159999999999999,0.258
2,BR(PL2),0.1433172021253794,0.5769161330512731,0.40028491170646247,0.29999999999999993,0.23999999999999996
3,BR(InL2),0.1627308776035158,0.5977501972255462,0.42144616161983456,0.3399999999999998,0.27399999999999997
4,BR(Hiemstra_LM),0.2179323457887649,0.7604111111111114,0.48578826944015135,0.4279999999999999,0.33
