,name,map,recip_rank,ndcg,P_5,P_10
0,BR(TF_IDF),0.1419162419626745,0.6026282314666176,0.39048221856896304,0.304,0.236
1,BR(BM25),0.14529369623136,0.637391116464999,0.3958415918773213,0.312,0.24
2,BR(PL2),0.13597777165143948,0.5994768459422904,0.38226937319575754,0.3,0.21599999999999997
3,BR(InL2),0.15308931369613904,0.6396939027719882,0.40483451199959186,0.3479999999999999,0.252
4,BR(Hiemstra_LM),0.2103665411014043,0.7802663199126063,0.4747560967803996,0.3959999999999998,0.31799999999999995
