,name,map,recip_rank,ndcg,P_5,P_10
0,BR(TF_IDF),0.13705232003733983,0.6117189573664163,0.37807195544940375,0.3,0.22799999999999987
1,BR(BM25),0.13910233787393497,0.6145160620058846,0.381427840164427,0.3,0.2299999999999999
2,BR(PL2),0.13214178965240117,0.5946765902124328,0.3702092511367095,0.2879999999999999,0.21999999999999986
3,BR(InL2),0.14611074841768112,0.6157048015197115,0.3896720774286288,0.3279999999999999,0.24599999999999997
4,BR(Hiemstra_LM),0.19924126620418608,0.7266726957052566,0.4544994144046834,0.39599999999999985,0.2999999999999999
