,name,map,recip_rank,ndcg,P_5,P_10
0,BR(TF_IDF),0.140450955208551,0.6015802842376878,0.3815192217227758,0.3159999999999999,0.2359999999999999
1,BR(BM25),0.143407091500427,0.616179496933813,0.38680061033699287,0.31999999999999995,0.2339999999999999
2,BR(PL2),0.1355238364847812,0.5890712336423867,0.37459836475905933,0.30399999999999994,0.22399999999999987
3,BR(InL2),0.14983007210129565,0.6216298972085262,0.3953752417813126,0.3479999999999998,0.252
4,BR(Hiemstra_LM),0.20522990719394418,0.7469225385137948,0.46252186618626134,0.39599999999999985,0.3079999999999999
