,name,map,recip_rank,ndcg,P_5,P_10
0,BR(TF_IDF),0.14025748733620777,0.6183480513640557,0.3817436084744521,0.30399999999999994,0.22999999999999993
1,BR(BM25),0.14280303227495136,0.6284481342161138,0.3867953979165415,0.316,0.22999999999999993
2,BR(PL2),0.1354173197193148,0.6013398222753168,0.37442128974010574,0.2919999999999999,0.2219999999999999
3,BR(InL2),0.15036563843264028,0.6329564188531699,0.3965105134273641,0.33999999999999986,0.252
4,BR(Hiemstra_LM),0.20373925660406386,0.7368385558298121,0.46018220226847306,0.39599999999999985,0.3079999999999999
