,name,map,recip_rank,ndcg,P_5,P_10
0,BR(TF_IDF),0.14352094464597584,0.6209481721358017,0.38663714334997556,0.31199999999999994,0.24400000000000002
1,BR(BM25),0.14606787911394906,0.6454733516176868,0.3917224958567099,0.31199999999999994,0.24599999999999997
2,BR(PL2),0.13803085550166586,0.6098092381394299,0.3797751193566831,0.30399999999999994,0.22199999999999995
3,BR(InL2),0.15295795491022599,0.641664881590617,0.40067142676677525,0.352,0.26
4,BR(Hiemstra_LM),0.2103571616668601,0.7518781238678267,0.4671024388782827,0.4119999999999998,0.31999999999999995
