,name,map,recip_rank,ndcg,P_5,P_10
0,BR(TF_IDF),0.15002751260352024,0.5802130153608122,0.40411935833970125,0.3159999999999999,0.24799999999999994
1,BR(BM25),0.15169982427262885,0.5927083780134238,0.4071519874689713,0.3239999999999999,0.25599999999999995
2,BR(PL2),0.1434339746389368,0.5780276390806044,0.39641821337923394,0.3079999999999999,0.23799999999999996
3,BR(InL2),0.15878695915606442,0.6112450904953023,0.41516734474771266,0.3279999999999999,0.2619999999999999
4,BR(Hiemstra_LM),0.21570091692345514,0.7657797585648558,0.48007909013116257,0.4119999999999998,0.31999999999999995
