,name,map,recip_rank,ndcg,P_5,P_10
0,BR(TF_IDF),0.16415350857601868,0.6442212958610017,0.4146450612163455,0.3599999999999999,0.2760000000000001
1,BR(BM25),0.1648712810411698,0.6488570000474436,0.4159906341572059,0.35199999999999987,0.274
2,BR(PL2),0.15912306813853985,0.6341567115794623,0.4069539657128305,0.352,0.256
3,BR(InL2),0.17610625965345103,0.6679550625300624,0.4295387650989016,0.3919999999999998,0.28
4,BR(Hiemstra_LM),0.2324862752181884,0.7704548781060958,0.4931828098783062,0.436,0.336
