,name,map,recip_rank,ndcg,P_5,P_10
0,BR(TF_IDF),0.1621364685538647,0.6591731487466781,0.4147636025533674,0.35999999999999993,0.2740000000000001
1,BR(BM25),0.16382506298678504,0.6644977724977724,0.41685507808418387,0.3559999999999999,0.272
2,BR(PL2),0.15533489574783896,0.6354959983939795,0.40415540225471175,0.3559999999999999,0.25
3,BR(InL2),0.17270338995829923,0.680363095238095,0.42825955116082315,0.38399999999999984,0.28600000000000003
4,BR(Hiemstra_LM),0.22827614623157128,0.7604495423275912,0.49056226662469676,0.44,0.33399999999999996
