,name,map,recip_rank,ndcg,P_5,P_10
0,BR(TF_IDF),0.15326047077525065,0.6287311179960714,0.4005453021074226,0.33599999999999985,0.26199999999999996
1,BR(BM25),0.1552715957647755,0.6332702777733717,0.4034294344601355,0.33999999999999986,0.25799999999999995
2,BR(PL2),0.14646338643624288,0.6038919993198282,0.38929596380694853,0.3279999999999999,0.24399999999999988
3,BR(InL2),0.16230262823975627,0.6548179329630942,0.41492828885215005,0.3519999999999998,0.27199999999999996
4,BR(Hiemstra_LM),0.22002828932335322,0.750238906965253,0.4785720486558708,0.43200000000000005,0.31799999999999995
