,name,map,recip_rank,ndcg,P_5,P_10
0,BR(TF_IDF),0.1575763931598064,0.6443368275935785,0.40719024846430885,0.35599999999999987,0.268
1,BR(BM25),0.15923932023751242,0.6403779655231268,0.4099855507804977,0.348,0.26599999999999996
2,BR(PL2),0.15230790453523568,0.6231697792845644,0.3979820095204532,0.3479999999999999,0.25399999999999995
3,BR(InL2),0.1664603706931545,0.6503935591841981,0.418635836726665,0.37199999999999983,0.282
4,BR(Hiemstra_LM),0.2263505597711996,0.7704011335459435,0.4863115194569121,0.428,0.32799999999999996
