,name,map,recip_rank,ndcg,P_5,P_10
0,BR(TF_IDF),0.15207811970356658,0.6252075790335276,0.39898698106469005,0.33599999999999985,0.25999999999999995
1,BR(BM25),0.15439243104893963,0.6296398766822425,0.40191260485514746,0.33999999999999986,0.25999999999999995
2,BR(PL2),0.14654437036050402,0.6110559076380039,0.38871334226986237,0.3239999999999999,0.24399999999999988
3,BR(InL2),0.16142205740395799,0.6440876363442898,0.4121924083097251,0.3479999999999998,0.27399999999999997
4,BR(Hiemstra_LM),0.21986562994353498,0.7502279308926368,0.4784422926619406,0.42800000000000005,0.31599999999999995
