,name,map,recip_rank,ndcg,P_5,P_10
0,BR(TF_IDF),0.1622555524083403,0.6698719116720763,0.4154891549641574,0.35199999999999987,0.27
1,BR(BM25),0.16293000622440565,0.6735115663434847,0.4169256693485881,0.3439999999999999,0.27
2,BR(PL2),0.15440495114474934,0.6322113151286879,0.40305724381454383,0.348,0.25000000000000006
3,BR(InL2),0.17354025229041226,0.689115350618429,0.42918400672649626,0.37999999999999995,0.2800000000000001
4,BR(Hiemstra_LM),0.2299226831296936,0.770471683078826,0.4931270697384724,0.436,0.33799999999999997
