,name,map,recip_rank,ndcg,P_5,P_10
0,BR(TF_IDF),0.16394798771773558,0.6717991316961051,0.41695269554131237,0.3439999999999999,0.272
1,BR(BM25),0.1643086272304437,0.6612581254386777,0.4165199316595301,0.3439999999999999,0.272
2,BR(PL2),0.15434463453456462,0.6200553125006385,0.40303577357143394,0.33599999999999985,0.256
3,BR(InL2),0.17398884831773379,0.6860632465798823,0.429963636118442,0.3679999999999999,0.28
4,BR(Hiemstra_LM),0.23115105091945204,0.7702711793028021,0.4950345886254761,0.42800000000000005,0.34199999999999997
