,name,map,recip_rank,ndcg,P_5,P_10
0,BR(TF_IDF),0.15653433739281547,0.642531188208734,0.40558638547545733,0.3479999999999999,0.26600000000000007
1,BR(BM25),0.15851869727599935,0.6462939191316799,0.40858127005797634,0.3439999999999999,0.26199999999999996
2,BR(PL2),0.15111385762371085,0.6216712225706713,0.39564229822961927,0.33999999999999986,0.25599999999999995
3,BR(InL2),0.1664143464424372,0.6625003439840336,0.41848236075957473,0.3679999999999998,0.284
4,BR(Hiemstra_LM),0.22449912306235706,0.7604022186448232,0.48392458747118516,0.428,0.326
