,name,map,recip_rank,ndcg,P_5,P_10
0,BR(TF_IDF),0.1527042626467453,0.6243280842327297,0.39997400456835797,0.33599999999999985,0.25599999999999995
1,BR(BM25),0.15404742375580974,0.6199573739798285,0.4016949551644135,0.33599999999999985,0.25599999999999995
2,BR(PL2),0.14678194594324767,0.6195506838372828,0.3900088614086878,0.3279999999999999,0.24399999999999988
3,BR(InL2),0.16137023596185876,0.6442098485425097,0.4128214027973811,0.33999999999999986,0.2719999999999999
4,BR(Hiemstra_LM),0.2197400206095798,0.7529138833532617,0.47820508945050205,0.42,0.324
