,name,map,recip_rank,ndcg,P_5,P_10
0,BR(TF_IDF),0.15298705506020105,0.626686369345827,0.40030068248246403,0.33999999999999986,0.2539999999999999
1,BR(BM25),0.15420707435631015,0.620591582446328,0.40203197534734286,0.3399999999999999,0.25599999999999995
2,BR(PL2),0.14716670202684795,0.6231721745074147,0.39054147782189874,0.324,0.24399999999999988
3,BR(InL2),0.16107128311987218,0.6490488520977188,0.4128003831306898,0.33999999999999986,0.27199999999999996
4,BR(Hiemstra_LM),0.219912041712525,0.7529033016347901,0.47824430836407283,0.42,0.32199999999999995
