,name,map,recip_rank,ndcg,P_5,P_10
0,BR(TF_IDF),0.1582021455084247,0.6236197227222986,0.4113976427298408,0.3479999999999999,0.268
1,BR(BM25),0.16147114575202884,0.6502960583323485,0.4152225774474371,0.35199999999999987,0.2740000000000001
2,BR(PL2),0.15013899570664688,0.5965230386052304,0.39972970458713436,0.33999999999999986,0.252
3,BR(InL2),0.17032793178068567,0.6579221931642485,0.42809785883638973,0.37999999999999984,0.28
4,BR(Hiemstra_LM),0.2278169577243313,0.7692665024630543,0.49401398925237416,0.42400000000000004,0.34199999999999997
