,name,map,recip_rank,ndcg,P_5,P_10
0,BR(TF_IDF),0.16466201388868135,0.6413145645645645,0.4147566592246204,0.3599999999999999,0.2740000000000001
1,BR(BM25),0.1668731697282092,0.6435603024953573,0.4170598419647572,0.364,0.2740000000000001
2,BR(PL2),0.15780813658130274,0.635452175623483,0.40537546613560294,0.35199999999999987,0.254
3,BR(InL2),0.17510507307862436,0.6695744779536572,0.428628285238679,0.3919999999999998,0.28
4,BR(Hiemstra_LM),0.23403642091868654,0.7703950804398261,0.4937263705134371,0.44,0.33
