,name,map,recip_rank,ndcg,P_5,P_10
0,BR(TF_IDF),0.15227299944827824,0.6254073182092983,0.3992432455665301,0.33199999999999996,0.26199999999999996
1,BR(BM25),0.15495409614942612,0.629936174074943,0.40266477377452475,0.33999999999999986,0.25999999999999995
2,BR(PL2),0.14634171974612578,0.6020728830556416,0.38914174172443367,0.3279999999999999,0.2439999999999999
3,BR(InL2),0.1614490039084584,0.6448179329630943,0.4131881230613954,0.3479999999999998,0.27399999999999997
4,BR(Hiemstra_LM),0.219811363333699,0.7502378762499365,0.47841403463973536,0.43200000000000005,0.31599999999999995
