,name,map,recip_rank,ndcg,P_5,P_10
0,BR(TF_IDF),0.1654039431518812,0.6395179989050591,0.4125235219992493,0.3599999999999999,0.272
1,BR(BM25),0.1674369108665495,0.6423296882855706,0.41528689857168755,0.3559999999999999,0.27199999999999996
2,BR(PL2),0.15821185949789307,0.6287279698026502,0.4028084422165211,0.35199999999999987,0.254
3,BR(InL2),0.1751067400984538,0.6671747567221025,0.42627211238517143,0.37999999999999984,0.28200000000000003
4,BR(Hiemstra_LM),0.2317956813671889,0.7703880702187049,0.4901883389127923,0.436,0.32799999999999996
