,name,map,recip_rank,ndcg,P_5,P_10
0,BR(TF_IDF),0.16269129187862966,0.6126517151743733,0.4198324805353061,0.3599999999999999,0.27199999999999996
1,BR(BM25),0.1653769858627369,0.6293289515509373,0.42372064684063787,0.3719999999999999,0.27199999999999996
2,BR(PL2),0.1531313553865392,0.5930809989966849,0.40872183050063626,0.35199999999999987,0.25799999999999995
3,BR(InL2),0.1751131054609388,0.6595238499552266,0.4380373574332039,0.38799999999999985,0.278
4,BR(Hiemstra_LM),0.2339089045266434,0.7696965805263679,0.500182422942251,0.44000000000000006,0.35400000000000004
