,name,map,recip_rank,ndcg,P_5,P_10
0,BR(TF_IDF),0.16186056138179228,0.6538855577786916,0.4123896511342776,0.34399999999999986,0.26800000000000007
1,BR(BM25),0.16362238014234404,0.6710467342435571,0.41554413485187136,0.33599999999999985,0.268
2,BR(PL2),0.15590508573602746,0.6368730929830428,0.4029249927344253,0.33599999999999985,0.25200000000000006
3,BR(InL2),0.17385015096094236,0.6743458619910231,0.4273195905253081,0.36399999999999977,0.2880000000000001
4,BR(Hiemstra_LM),0.22767286206742526,0.7481494605576574,0.48788177295992036,0.44000000000000006,0.322
