,name,map,recip_rank,ndcg,P_5,P_10
0,BR(TF_IDF),0.15819349179166195,0.6634679598068475,0.41196857467762243,0.33599999999999985,0.26400000000000007
1,BR(BM25),0.15856612068800982,0.6641320742718646,0.4120841837805317,0.33999999999999986,0.26400000000000007
2,BR(PL2),0.14793986762893035,0.6106690139744678,0.3956134987136697,0.3279999999999999,0.242
3,BR(InL2),0.16561483694302345,0.6535721096034615,0.4204986880442359,0.3599999999999999,0.2800000000000001
4,BR(Hiemstra_LM),0.22148769109329536,0.745962794286822,0.48727720962699467,0.42,0.33399999999999996
