,name,map,recip_rank,ndcg,P_5,P_10
0,BR(TF_IDF),0.16230441276886967,0.6563807934742304,0.41270753611077365,0.34399999999999986,0.2720000000000001
1,BR(BM25),0.1640413827712997,0.6639313839973232,0.4153317613673126,0.34399999999999986,0.268
2,BR(PL2),0.15475389920883553,0.6395231191487727,0.40170016661519414,0.34399999999999986,0.252
3,BR(InL2),0.17270504738872872,0.6734598459469061,0.42616323388465494,0.36799999999999977,0.28800000000000003
4,BR(Hiemstra_LM),0.22783267114889227,0.7480755559910678,0.4873962645856602,0.44400000000000006,0.326
