,name,map,recip_rank,ndcg,P_5,P_10
0,BR(TF_IDF),0.16045950158531344,0.674276183764753,0.4133484640688965,0.34399999999999986,0.26800000000000007
1,BR(BM25),0.16237322408361846,0.6913644995288831,0.41651271210012203,0.3399999999999999,0.27
2,BR(PL2),0.15279805173909353,0.656147668829103,0.4025821271924472,0.33599999999999985,0.24200000000000002
3,BR(InL2),0.17220683192366462,0.6933461159211158,0.4278049265805797,0.37199999999999983,0.2820000000000001
4,BR(Hiemstra_LM),0.2244134395645196,0.7471463774791468,0.48644369584261704,0.436,0.324
