,name,map,recip_rank,ndcg,P_5,P_10
0,BR(TF_IDF),0.15232949568718002,0.6434881300897427,0.39828695158491945,0.3359999999999998,0.25199999999999995
1,BR(BM25),0.15405886808944602,0.6499619789447167,0.4015242810967181,0.3279999999999999,0.24999999999999992
2,BR(PL2),0.1461880806576729,0.6306856340550412,0.38897692712804266,0.3199999999999999,0.23799999999999993
3,BR(InL2),0.16139181541074127,0.6676262676630611,0.4122843554411883,0.3319999999999999,0.26599999999999996
4,BR(Hiemstra_LM),0.21841115259584348,0.7612372208060824,0.47787272898107813,0.42,0.31999999999999995
