,name,map,recip_rank,ndcg,P_5,P_10
0,BR(TF_IDF),0.16251987087857828,0.6544299886621313,0.4100550537335338,0.34399999999999975,0.2700000000000001
1,BR(BM25),0.16405881364536343,0.6603752382008117,0.4123066991863724,0.3279999999999999,0.268
2,BR(PL2),0.15477773514340404,0.6330082972229362,0.3989121410852675,0.33599999999999985,0.254
3,BR(InL2),0.1728464880249196,0.6706782435523442,0.4228085904832406,0.35999999999999976,0.28800000000000003
4,BR(Hiemstra_LM),0.2262024015933272,0.7480679146261859,0.4836894280530486,0.44400000000000006,0.322
