,name,map,recip_rank,ndcg,P_5,P_10
0,BR(TF_IDF),0.15222950138980945,0.6292825399795801,0.39829750562086047,0.3319999999999999,0.26399999999999996
1,BR(BM25),0.15460010111586708,0.6469571599768515,0.40192864121548216,0.3279999999999999,0.25799999999999995
2,BR(PL2),0.14434393375556057,0.5999946407813329,0.38535125276389665,0.3199999999999999,0.23999999999999996
3,BR(InL2),0.16095775524198574,0.6568116537276986,0.41074666871177734,0.3319999999999998,0.27
4,BR(Hiemstra_LM),0.21623879777271157,0.7479073035546581,0.47492230104148375,0.424,0.31199999999999994
