,name,map,recip_rank,ndcg,P_5,P_10
0,BR(TF_IDF),0.16012502695235953,0.679520426291503,0.41361317511766565,0.33999999999999986,0.26400000000000007
1,BR(BM25),0.16044627199334843,0.6825195407033599,0.4145246421217017,0.33199999999999996,0.262
2,BR(PL2),0.1513293511900465,0.6497136142199023,0.4010374788039273,0.33599999999999985,0.23800000000000002
3,BR(InL2),0.17083334217349666,0.6819686065279866,0.42576488147128144,0.36399999999999977,0.2760000000000001
4,BR(Hiemstra_LM),0.22353975414518124,0.7371674769026686,0.48496335923687306,0.43200000000000005,0.32599999999999996
