,name,map,recip_rank,ndcg,P_5,P_10
0,BR(TF_IDF),0.16119543624234253,0.6565664487093058,0.411683715153633,0.34399999999999986,0.268
1,BR(BM25),0.163409013128636,0.6838955272958649,0.4160094211922849,0.33599999999999985,0.266
2,BR(PL2),0.15538812270461969,0.6470182813357312,0.4021503877721237,0.33599999999999985,0.252
3,BR(InL2),0.17284055814759416,0.6743558796739889,0.4258679647527302,0.36399999999999977,0.28800000000000003
4,BR(Hiemstra_LM),0.22504697235020163,0.7381318907930162,0.4844765649611148,0.44000000000000006,0.326
