,name,map,recip_rank,ndcg,P_5,P_10
0,BR(TF_IDF),0.15604821974642238,0.6497162856228416,0.4048312799899339,0.34399999999999975,0.262
1,BR(BM25),0.15719926481314464,0.6479096800566454,0.40661356938459486,0.33999999999999986,0.26199999999999996
2,BR(PL2),0.14934021974435593,0.6288673753665689,0.39346616097879356,0.3359999999999998,0.248
3,BR(InL2),0.16411938165155618,0.656472814237488,0.41585554539241115,0.35999999999999976,0.274
4,BR(Hiemstra_LM),0.22116015354191065,0.7480888299140624,0.48060523313832815,0.436,0.324
