,name,map,recip_rank,ndcg,P_5,P_10
0,BR(TF_IDF),0.1551148986263362,0.6371302080085404,0.4024189808275053,0.33999999999999986,0.266
1,BR(BM25),0.15741782307036212,0.6553256671737728,0.4065201440734843,0.33599999999999985,0.26199999999999996
2,BR(PL2),0.14776186823249257,0.6177503241454854,0.3906379835878571,0.32799999999999985,0.25
3,BR(InL2),0.16439660190669383,0.6647775406808425,0.4161559028584936,0.3479999999999998,0.276
4,BR(Hiemstra_LM),0.2198045396232624,0.748096922508202,0.4787562455595652,0.428,0.322
