,name,map,recip_rank,ndcg,P_5,P_10
0,BR(TF_IDF),0.1592075401951016,0.6520394977829187,0.4161461231480107,0.3319999999999999,0.26200000000000007
1,BR(BM25),0.15992432282302999,0.6498363375482019,0.415736004483819,0.3319999999999999,0.26200000000000007
2,BR(PL2),0.14831768687543695,0.607438811598302,0.39986945154445813,0.31999999999999984,0.23799999999999996
3,BR(InL2),0.16853115188033713,0.6571618227247176,0.4275979119579332,0.35199999999999987,0.276
4,BR(Hiemstra_LM),0.22374528859615672,0.7465070586684458,0.4905043229857725,0.42,0.33399999999999996
