,name,map,recip_rank,ndcg,P_5,P_10
0,BR(TF_IDF),0.15257076077197107,0.6427361464346119,0.3993992032271693,0.3319999999999998,0.24999999999999992
1,BR(BM25),0.15462548441952378,0.6493211737829366,0.4025973362154942,0.3279999999999999,0.24599999999999994
2,BR(PL2),0.1457999045445951,0.6272487408616779,0.38883614321503424,0.3239999999999999,0.23799999999999993
3,BR(InL2),0.16142147008504573,0.6664382802001485,0.411435658439456,0.3319999999999999,0.264
4,BR(Hiemstra_LM),0.2182554154983864,0.7612575133773042,0.4771608790697649,0.42,0.31799999999999995
