,name,map,recip_rank,ndcg,P_5,P_10
0,BR(TF_IDF),0.15203599532510842,0.6301467814561105,0.3983008953204222,0.3319999999999999,0.26199999999999996
1,BR(BM25),0.1550833179851945,0.6478230488190959,0.4026644254454171,0.3359999999999998,0.25599999999999995
2,BR(PL2),0.14424163365573914,0.6006282374784013,0.3861137136188828,0.3239999999999999,0.23799999999999996
3,BR(InL2),0.16144894049164688,0.6552010309059252,0.41202231796049693,0.3319999999999998,0.26799999999999996
4,BR(Hiemstra_LM),0.2163362145512774,0.7479107379929717,0.47550125713316765,0.424,0.31199999999999994
