,name,map,recip_rank,ndcg,P_5,P_10
0,BR(TF_IDF),0.15925207182025114,0.62415364268863,0.41583966388507093,0.3479999999999999,0.26599999999999996
1,BR(BM25),0.16163817762978364,0.6403380289666954,0.41896947661219713,0.3479999999999999,0.264
2,BR(PL2),0.15059361087736056,0.6039903540903538,0.4045204609110275,0.33599999999999985,0.256
3,BR(InL2),0.17141889772970348,0.660324447482342,0.4317199637610162,0.37199999999999983,0.28
4,BR(Hiemstra_LM),0.22817782711701273,0.7575165350077093,0.4952890891623475,0.4360000000000001,0.34600000000000003
