,name,map,recip_rank,ndcg,P_5,P_10
0,BR(TF_IDF),0.1630636398215486,0.6673476138184813,0.413441099761518,0.34399999999999986,0.2720000000000001
1,BR(BM25),0.1650162189619103,0.685574758011005,0.41676746233898526,0.3399999999999998,0.272
2,BR(PL2),0.15638771629676534,0.6498567275018888,0.40295454821353327,0.3319999999999998,0.25600000000000006
3,BR(InL2),0.1740784712791082,0.6733391184053322,0.42647255785991517,0.35999999999999976,0.2900000000000001
4,BR(Hiemstra_LM),0.22805679063324555,0.748119271853018,0.48802225424607243,0.44000000000000006,0.326
