,name,map,recip_rank,ndcg,P_5,P_10
0,BR(TF_IDF),0.152684468580285,0.6469845516004624,0.39779545871882155,0.3319999999999999,0.25199999999999995
1,BR(BM25),0.15527060483470645,0.648961679642092,0.4015114820588161,0.33599999999999985,0.24999999999999992
2,BR(PL2),0.14641440002478073,0.6298737662249458,0.3885869249742923,0.3199999999999999,0.23799999999999993
3,BR(InL2),0.16366584868087763,0.6713361011414092,0.41349725502252627,0.33599999999999997,0.26399999999999996
4,BR(Hiemstra_LM),0.21756330609572674,0.7412342734195129,0.474675157786381,0.424,0.324
