,name,map,recip_rank,ndcg,P_5,P_10
0,BR(TF_IDF),0.16087177892611526,0.6760424552192985,0.4136302871347205,0.34399999999999986,0.2720000000000001
1,BR(BM25),0.16410566944560895,0.6931281813168678,0.41756812190516973,0.352,0.2740000000000001
2,BR(PL2),0.1533405512490701,0.6632821545541059,0.40253492196831225,0.33999999999999986,0.24600000000000005
3,BR(InL2),0.17207135510147464,0.6940090208322965,0.42778188440141435,0.3799999999999998,0.2820000000000001
4,BR(Hiemstra_LM),0.2249230288324467,0.7488061884728552,0.4870973920087493,0.436,0.32800000000000007
