,name,map,recip_rank,ndcg,P_5,P_10
0,BR(TF_IDF),0.16125992382151513,0.6556129640464867,0.40847986874763514,0.34399999999999975,0.2700000000000001
1,BR(BM25),0.16507736689835098,0.6623854655656571,0.4125252179583218,0.3399999999999998,0.2700000000000001
2,BR(PL2),0.1546309007939278,0.6353417280749311,0.3983202491704926,0.3359999999999998,0.254
3,BR(InL2),0.17323944708822034,0.6718167258167259,0.4227940572498531,0.3639999999999998,0.28800000000000003
4,BR(Hiemstra_LM),0.22600752349366218,0.7380802365174094,0.48208685940720386,0.44400000000000006,0.326
