,name,map,recip_rank,ndcg,P_5,P_10
0,BR(TF_IDF),0.15278108986305503,0.6450879839237029,0.39901647678715796,0.3319999999999998,0.264
1,BR(BM25),0.15536473570633014,0.6484546377467726,0.40217893984477826,0.34399999999999986,0.25799999999999995
2,BR(PL2),0.1444497488599481,0.6022361945492085,0.3854321795934193,0.3279999999999999,0.248
3,BR(InL2),0.1613119648211864,0.6554764554258796,0.4109360304983467,0.34399999999999986,0.268
4,BR(Hiemstra_LM),0.2160109650920546,0.7379123409226487,0.47340376341858265,0.428,0.3139999999999999
