,name,map,recip_rank,ndcg,P_5,P_10
0,BR(TF_IDF),0.15947155548865757,0.6624679598068474,0.411830936186419,0.3399999999999998,0.26600000000000007
1,BR(BM25),0.16039452932685636,0.6692602794000699,0.41367146318323283,0.33599999999999985,0.2700000000000001
2,BR(PL2),0.14914140138979648,0.622526799476044,0.3971735613829212,0.3279999999999999,0.252
3,BR(InL2),0.16723490606317687,0.6578833060733864,0.4226239038228182,0.35999999999999976,0.2840000000000001
4,BR(Hiemstra_LM),0.22264383689736064,0.7469494276196962,0.4871924679742223,0.42,0.332
