,name,map,recip_rank,ndcg,P_5,P_10
0,BR(TF_IDF),0.16247829588037618,0.676840845664972,0.4158782358588688,0.3319999999999999,0.26600000000000007
1,BR(BM25),0.1630798468497572,0.6807928191575315,0.41590037172069183,0.3319999999999999,0.268
2,BR(PL2),0.15237904183766487,0.6409266238552823,0.4013386888460274,0.3239999999999999,0.25000000000000006
3,BR(InL2),0.17178701391779364,0.6793675615203246,0.4261978418891066,0.35999999999999976,0.2780000000000001
4,BR(Hiemstra_LM),0.22608189265648282,0.7486130324036807,0.48849128802020686,0.42,0.32799999999999996
