,name,map,recip_rank,ndcg,P_5,P_10
0,BR(TF_IDF),0.16198886489372305,0.6681397995934077,0.41255839162670255,0.34399999999999975,0.272
1,BR(BM25),0.16411247555765937,0.685693599376358,0.41613034288057227,0.34399999999999975,0.26999999999999996
2,BR(PL2),0.15628825083003703,0.6524076030547886,0.4029707826061395,0.3359999999999998,0.26
3,BR(InL2),0.1729083194493522,0.6733285808517908,0.4253732525612839,0.36799999999999977,0.28800000000000003
4,BR(Hiemstra_LM),0.22551927509523498,0.7381182600072619,0.4843004114512588,0.44000000000000006,0.32800000000000007
