,name,map,recip_rank,ndcg,P_5,P_10
0,BR(TF_IDF),0.1656332802054562,0.6225724557294875,0.4222255303255133,0.3679999999999999,0.28
1,BR(BM25),0.1675277781984437,0.6337200916239029,0.42523585598974833,0.3639999999999998,0.278
2,BR(PL2),0.1560857492767221,0.5917425092034839,0.4098207922565846,0.3479999999999998,0.272
3,BR(InL2),0.17788576296868608,0.6831082208734446,0.4399608078971701,0.37199999999999983,0.28600000000000003
4,BR(Hiemstra_LM),0.2290295760728116,0.7569340425656216,0.4949981662851093,0.43199999999999994,0.34800000000000003
