,name,map,recip_rank,ndcg,P_5,P_10
0,BR(TF_IDF),0.1525479224496687,0.6458186689448712,0.3986515267947049,0.3399999999999998,0.25799999999999995
1,BR(BM25),0.15640271940372824,0.6535098734683076,0.403225707648074,0.3519999999999998,0.25799999999999995
2,BR(PL2),0.14548331216170382,0.6075053622920001,0.3873630328975184,0.3319999999999998,0.24399999999999994
3,BR(InL2),0.1628452504157954,0.6675352446317706,0.41315375100356744,0.34399999999999986,0.264
4,BR(Hiemstra_LM),0.21663477002523848,0.7379171240814852,0.47468056579477574,0.43200000000000005,0.3139999999999999
