,name,map,recip_rank,ndcg,P_5,P_10
0,BR(TF_IDF),0.15681291499113734,0.6461151317260966,0.40521173499393703,0.34399999999999975,0.266
1,BR(BM25),0.16076416287855833,0.6716136590335904,0.4107646388645303,0.3399999999999998,0.26599999999999996
2,BR(PL2),0.15034316404953466,0.6275495802189276,0.3942306456562816,0.3359999999999998,0.248
3,BR(InL2),0.1663351363003979,0.6628552964227025,0.4178608499905044,0.3559999999999997,0.278
4,BR(Hiemstra_LM),0.22292521817295297,0.7381027126732644,0.4810810034580357,0.43200000000000005,0.324
