,name,map,recip_rank,ndcg,P_5,P_10
0,BR(TF_IDF),0.1559574438970276,0.6522277166361178,0.4046685737122907,0.34399999999999975,0.268
1,BR(BM25),0.15806992656948057,0.648758713609502,0.40678611336467424,0.3399999999999998,0.26599999999999996
2,BR(PL2),0.14953346346468632,0.6325516372388491,0.3931823201456176,0.3319999999999998,0.25
3,BR(InL2),0.16488944791027818,0.658134408688484,0.416141580911804,0.35999999999999976,0.276
4,BR(Hiemstra_LM),0.22060582779830323,0.7381032637892744,0.47897568799844076,0.428,0.324
