,name,map,recip_rank,ndcg,P_5,P_10
0,BR(TF_IDF),0.1605137927730102,0.6597635785448827,0.4159165525745273,0.34399999999999986,0.26600000000000007
1,BR(BM25),0.1614048489867294,0.6622068826562915,0.4171023617764951,0.33999999999999986,0.268
2,BR(PL2),0.14922695752070414,0.6102292392343163,0.40049763267600835,0.31999999999999984,0.25
3,BR(InL2),0.16935034916928207,0.6561966335410662,0.42740707526506005,0.35599999999999987,0.2800000000000001
4,BR(Hiemstra_LM),0.22443468353317805,0.7475152500356175,0.49096017164222067,0.42,0.33599999999999997
