,name,map,recip_rank,ndcg,P_5,P_10
0,BR(TF_IDF),0.15308066629333533,0.647003842148661,0.3987606125896186,0.3319999999999998,0.24999999999999992
1,BR(BM25),0.15545099069143875,0.6489913909476654,0.40220575917965184,0.33999999999999986,0.24799999999999994
2,BR(PL2),0.14669682759936656,0.6271371195009633,0.3893666753315349,0.3239999999999999,0.23999999999999996
3,BR(InL2),0.1631962241786613,0.6672508696819196,0.4133536074944613,0.33999999999999986,0.256
4,BR(Hiemstra_LM),0.21721673955049106,0.7412607811247153,0.4748273230557429,0.424,0.31999999999999995
