,name,map,recip_rank,ndcg,P_5,P_10
0,BR(TF_IDF),0.15521073792318213,0.6609709026222442,0.40205658347350776,0.32799999999999985,0.26
1,BR(BM25),0.15780540780082433,0.6654060919709291,0.4050225076988386,0.33599999999999985,0.25799999999999995
2,BR(PL2),0.14906849150842244,0.632828638895901,0.39197800456500204,0.32799999999999985,0.24599999999999997
3,BR(InL2),0.16379595404633204,0.6596000012612052,0.41341075407373423,0.3399999999999998,0.272
4,BR(Hiemstra_LM),0.21969556399720566,0.7479802064744325,0.47741777124490853,0.428,0.32199999999999995
