,name,map,recip_rank,ndcg,P_5,P_10
0,BR(TF_IDF),0.15710933532535742,0.6586187266177642,0.40504679003113336,0.3399999999999998,0.26
1,BR(BM25),0.16040579885529926,0.6724444837911144,0.4095012411782932,0.3359999999999998,0.25999999999999995
2,BR(PL2),0.1510141565663965,0.6367641346213305,0.39483935256943076,0.3359999999999998,0.244
3,BR(InL2),0.16535621272095494,0.6586641489929305,0.41567439813000623,0.34799999999999975,0.27399999999999997
4,BR(Hiemstra_LM),0.22274541520064128,0.7479793164581898,0.4802101401204895,0.42800000000000005,0.326
