,name,map,recip_rank,ndcg,P_5,P_10
0,BR(TF_IDF),0.15346474608589625,0.6538416439450273,0.3976722564829263,0.32399999999999984,0.25799999999999995
1,BR(BM25),0.15545956821174495,0.6575866638196186,0.4005047242463544,0.32799999999999985,0.25599999999999995
2,BR(PL2),0.14540778530157686,0.6144253746802648,0.38526052402622973,0.31999999999999984,0.2419999999999999
3,BR(InL2),0.16273253011065983,0.6534852216344055,0.4110502896135521,0.3319999999999998,0.26799999999999996
4,BR(Hiemstra_LM),0.21677820873519302,0.7494527593911429,0.4741371165345343,0.43200000000000005,0.31799999999999995
