,name,map,recip_rank,ndcg,P_5,P_10
0,BR(TF_IDF),0.16201591896289413,0.6779699335031666,0.41376563119114196,0.3399999999999998,0.262
1,BR(BM25),0.1625286880172742,0.6828370958497684,0.4146949991222201,0.33999999999999986,0.268
2,BR(PL2),0.15388352488943075,0.6505932449808707,0.4015174338171716,0.32799999999999985,0.24400000000000005
3,BR(InL2),0.17170433972536242,0.668099757557024,0.42413833123119205,0.3559999999999998,0.278
4,BR(Hiemstra_LM),0.2261988130341682,0.759475216440245,0.4880798795567411,0.42800000000000005,0.3299999999999999
