,name,map,recip_rank,ndcg,P_5,P_10
0,BR(TF_IDF),0.16178906216432984,0.6701041364918515,0.4117912923842094,0.3399999999999998,0.26799999999999996
1,BR(BM25),0.16483213003451003,0.6766381204335318,0.4152440709584664,0.3479999999999998,0.26599999999999996
2,BR(PL2),0.15514272600373957,0.6521667905878455,0.4009859188422579,0.3319999999999998,0.252
3,BR(InL2),0.17277728407312193,0.679347619047619,0.4251906615686687,0.3719999999999997,0.28400000000000003
4,BR(Hiemstra_LM),0.2272343978781683,0.7479650248520423,0.48498276917973926,0.436,0.33
