,name,map,recip_rank,ndcg,P_5,P_10
0,BR(TF_IDF),0.16163285308769582,0.6776171204585839,0.41305873457111836,0.34399999999999986,0.266
1,BR(BM25),0.16359465757569044,0.6873240905789925,0.41643635601658524,0.3479999999999999,0.264
2,BR(PL2),0.1538697678164999,0.6752557692092576,0.4024353915226284,0.32799999999999985,0.25000000000000006
3,BR(InL2),0.17167131308552414,0.6841438422683478,0.4256611539090146,0.3639999999999998,0.28400000000000003
4,BR(Hiemstra_LM),0.22485588443102558,0.7596673518842769,0.48666643498882783,0.44000000000000006,0.33399999999999996
