,name,map,recip_rank,ndcg,P_5,P_10
0,BR(TF_IDF),0.1543575929686195,0.6696620376012017,0.3991321200220661,0.3199999999999999,0.24999999999999997
1,BR(BM25),0.15573327084290117,0.6631436933538284,0.40188402177770705,0.3279999999999999,0.24799999999999994
2,BR(PL2),0.14782379906394863,0.6419950006440774,0.38959802403601934,0.3199999999999999,0.23999999999999996
3,BR(InL2),0.16573300786721767,0.6833125689468471,0.41567113266358924,0.3319999999999998,0.26199999999999996
4,BR(Hiemstra_LM),0.21792296188409213,0.7511339806500545,0.474645300788739,0.42800000000000005,0.32599999999999996
