,name,map,recip_rank,ndcg,P_5,P_10
0,BR(TF_IDF),0.16562650402654902,0.6125145669749649,0.41924852954534153,0.3639999999999998,0.28
1,BR(BM25),0.1672010459727657,0.6231998878840641,0.4217042946602077,0.3679999999999998,0.278
2,BR(PL2),0.1574892229253596,0.5961358877363548,0.40895537591176173,0.3519999999999998,0.27599999999999997
3,BR(InL2),0.178285363836337,0.6826615531323884,0.4384120292967776,0.37199999999999983,0.286
4,BR(Hiemstra_LM),0.22865328463383652,0.7667360336324684,0.4946741630011712,0.43199999999999994,0.3460000000000001
