,name,map,recip_rank,ndcg,P_5,P_10
0,BR(TF_IDF),0.15599252287061685,0.6632553393470666,0.4037603191858276,0.3359999999999998,0.262
1,BR(BM25),0.15800924692558074,0.6595896461890011,0.40588053042726746,0.3359999999999998,0.25999999999999995
2,BR(PL2),0.15004547688944422,0.6450985497708163,0.39367222451906353,0.3319999999999998,0.244
3,BR(InL2),0.1637515437693734,0.653022393720321,0.41331532759163414,0.34799999999999975,0.272
4,BR(Hiemstra_LM),0.2203753291218657,0.7479797593672163,0.47809253302096566,0.424,0.326
