,name,map,recip_rank,ndcg,P_5,P_10
0,BR(TF_IDF),0.16647083494001982,0.6172437245282411,0.42539009299180464,0.34399999999999975,0.28
1,BR(BM25),0.16845964388746082,0.6265536079735393,0.42820799169989504,0.3599999999999999,0.274
2,BR(PL2),0.156912554305619,0.5886127588718333,0.41189857990248774,0.34399999999999986,0.264
3,BR(InL2),0.17345847423276378,0.6306784091085361,0.4353089240620958,0.3559999999999998,0.28800000000000003
4,BR(Hiemstra_LM),0.22738544717822948,0.7593703434929848,0.4968012063827485,0.43599999999999994,0.348
