,name,map,recip_rank,ndcg,P_5,P_10
0,BR(TF_IDF),0.16276023724508967,0.664975129289402,0.4097477651401227,0.3319999999999998,0.268
1,BR(BM25),0.16510354972036306,0.6721340500187156,0.41236533331662883,0.33599999999999985,0.268
2,BR(PL2),0.15498151135569974,0.6466828535084541,0.3983403660527464,0.32799999999999974,0.24799999999999997
3,BR(InL2),0.17258584253011566,0.6714943865658151,0.4206666284353478,0.35999999999999976,0.28200000000000003
4,BR(Hiemstra_LM),0.22531059373440418,0.7479610062893082,0.4811628913935392,0.436,0.326
