,name,map,recip_rank,ndcg,P_5,P_10
0,BR(TF_IDF),0.15298905608122929,0.652476885282049,0.3972730622062325,0.31999999999999984,0.25999999999999995
1,BR(BM25),0.15527618765297224,0.6575406199786741,0.40035281463849626,0.32799999999999985,0.25799999999999995
2,BR(PL2),0.14543512543742004,0.614093176967231,0.38575032336604825,0.32399999999999984,0.244
3,BR(InL2),0.16184396757259314,0.6508139265936791,0.40968077884025816,0.3319999999999998,0.26599999999999996
4,BR(Hiemstra_LM),0.2159529984126913,0.7494510380395006,0.47345806491292036,0.428,0.3139999999999999
