,name,map,recip_rank,ndcg,P_5,P_10
0,BR(TF_IDF),0.15400062773051332,0.6702870871540968,0.3985185250285221,0.3239999999999999,0.24999999999999997
1,BR(BM25),0.15578505384947772,0.6637986524524879,0.4014890990876747,0.3279999999999999,0.24799999999999994
2,BR(PL2),0.1476108998616081,0.6456174002489006,0.3889155985419439,0.31999999999999995,0.236
3,BR(InL2),0.16524407836569868,0.6844293034365743,0.4150924171140492,0.3319999999999999,0.264
4,BR(Hiemstra_LM),0.21816288272964493,0.7511004509062938,0.4747599869732304,0.42800000000000005,0.32799999999999996
