,name,map,recip_rank,ndcg,P_5,P_10
0,BR(TF_IDF),0.15499849897952478,0.6688430457104516,0.4002104687965523,0.32799999999999985,0.25799999999999995
1,BR(BM25),0.15637377640774575,0.6635855839035649,0.40194610147860826,0.3319999999999998,0.25599999999999995
2,BR(PL2),0.14626641481796226,0.6189069308762574,0.3871340032322152,0.32399999999999984,0.2419999999999999
3,BR(InL2),0.16387341045056958,0.6691528936265191,0.4131362024955211,0.3399999999999998,0.26999999999999996
4,BR(Hiemstra_LM),0.21748057178050614,0.752787345775533,0.47490391753938044,0.4360000000000001,0.31799999999999995
