,name,map,recip_rank,ndcg,P_5,P_10
0,BR(TF_IDF),0.15405842232895606,0.6321280138492178,0.40107566711597165,0.3319999999999998,0.256
1,BR(BM25),0.15748960314402574,0.6469756335970193,0.40573129287275195,0.32799999999999985,0.25799999999999995
2,BR(PL2),0.14894096837869072,0.6136378663003663,0.39179504113952135,0.32399999999999984,0.24199999999999997
3,BR(InL2),0.16219079296548028,0.6316585881050166,0.41050813461197266,0.34399999999999975,0.27399999999999997
4,BR(Hiemstra_LM),0.22087220593648615,0.7513022165232007,0.4790535469056627,0.436,0.322
