,name,map,recip_rank,ndcg,P_5,P_10
0,BR(TF_IDF),0.15907752518190696,0.6420956167343832,0.4055091349884939,0.3279999999999999,0.264
1,BR(BM25),0.1620043788933399,0.6469209098269596,0.40844421451632074,0.3279999999999999,0.26399999999999996
2,BR(PL2),0.15195791476373272,0.6233173185661607,0.39383384902677426,0.31999999999999984,0.24599999999999994
3,BR(InL2),0.16881148984421343,0.6426316114753042,0.41552396166386685,0.35199999999999987,0.28
4,BR(Hiemstra_LM),0.22348101401932297,0.7512848846580563,0.4800308752277489,0.44,0.31999999999999995
