,name,map,recip_rank,ndcg,P_5,P_10
0,BR(TF_IDF),0.15369406765049837,0.6374309398415311,0.40039382468406454,0.3319999999999998,0.25799999999999995
1,BR(BM25),0.15523614279287593,0.6341438172893665,0.40237341797347925,0.32799999999999985,0.25799999999999995
2,BR(PL2),0.14788153704542195,0.609306122118622,0.3906225100905769,0.32399999999999984,0.2439999999999999
3,BR(InL2),0.1609805581642372,0.6273498553983757,0.4082905031142517,0.3519999999999998,0.272
4,BR(Hiemstra_LM),0.21851271781925458,0.7513017006424576,0.47735907476945255,0.43199999999999994,0.31999999999999995
