,name,map,recip_rank,ndcg,P_5,P_10
0,BR(TF_IDF),0.15111822760960641,0.6291368581512061,0.39466692004805426,0.31999999999999984,0.25599999999999995
1,BR(BM25),0.15257518613991722,0.6318537145217442,0.39710879046425995,0.31599999999999984,0.2539999999999999
2,BR(PL2),0.1434627105994845,0.5917810205414235,0.38273550634512743,0.31999999999999984,0.2419999999999999
3,BR(InL2),0.1594445577999388,0.6298264508792308,0.4065024409869709,0.3319999999999998,0.26399999999999996
4,BR(Hiemstra_LM),0.21489437130400432,0.7511142234638385,0.472894797081167,0.44,0.31399999999999995
