,name,map,recip_rank,ndcg,P_5,P_10
0,BR(TF_IDF),0.15101056645510266,0.6346308950819006,0.39519237924758394,0.3159999999999999,0.24999999999999992
1,BR(BM25),0.15309660531178967,0.6374720786687741,0.3988776179507418,0.3159999999999999,0.24799999999999994
2,BR(PL2),0.14460041337813112,0.6107059406469422,0.3852521115565434,0.3119999999999999,0.23999999999999994
3,BR(InL2),0.162548543773213,0.6594177204935439,0.41216902876504663,0.32399999999999984,0.25999999999999995
4,BR(Hiemstra_LM),0.21603002938892119,0.7511281568400214,0.47354934184049574,0.436,0.32199999999999995
