,name,map,recip_rank,ndcg,P_5,P_10
0,BR(TF_IDF),0.15614169929722502,0.6243686627196228,0.40664346166018106,0.3279999999999999,0.262
1,BR(BM25),0.15699779556510296,0.6267131531147421,0.4079046256234529,0.3279999999999999,0.262
2,BR(PL2),0.14773624849407363,0.596147491292882,0.3937327534714285,0.31599999999999984,0.248
3,BR(InL2),0.16350341335847973,0.6188242260388032,0.41508949997879646,0.3519999999999998,0.274
4,BR(Hiemstra_LM),0.22121728795649725,0.7611428306410928,0.4866248556863364,0.436,0.3340000000000001
