,name,map,recip_rank,ndcg,P_5,P_10
0,BR(TF_IDF),0.1582671431929383,0.6224085955201192,0.41088348675638925,0.34399999999999986,0.264
1,BR(BM25),0.16056072537194804,0.627597290140942,0.4142433007047827,0.35199999999999987,0.26799999999999996
2,BR(PL2),0.14925903704869314,0.5924332932397447,0.40009192007623745,0.3319999999999999,0.26
3,BR(InL2),0.16763657962526968,0.630551384258334,0.424778419048787,0.3639999999999998,0.276
4,BR(Hiemstra_LM),0.2266844923655664,0.7716272866845004,0.4946302242012289,0.44400000000000006,0.342
