,name,map,recip_rank,ndcg,P_5,P_10
0,BR(TF_IDF),0.1597645966886364,0.6516675446664323,0.4103489233770292,0.33999999999999986,0.25999999999999995
1,BR(BM25),0.16047918951147572,0.6558230601576086,0.4118261873352319,0.3319999999999999,0.264
2,BR(PL2),0.15143149567292855,0.6255172965281656,0.3988990979753405,0.31199999999999983,0.24600000000000005
3,BR(InL2),0.16930532123282244,0.6448484510614411,0.42146203378739683,0.3559999999999998,0.278
4,BR(Hiemstra_LM),0.22472817463908515,0.7628022435519923,0.4884846499677666,0.436,0.32799999999999996
