,name,map,recip_rank,ndcg,P_5,P_10
0,BR(TF_IDF),0.15931631164264629,0.6472471589149835,0.40863289807744685,0.32799999999999985,0.26399999999999996
1,BR(BM25),0.16056977075596143,0.6547803246408204,0.4105514377697248,0.33999999999999986,0.26199999999999996
2,BR(PL2),0.15253876433853017,0.6287070050370289,0.3976590530620342,0.32399999999999984,0.25199999999999995
3,BR(InL2),0.1701191691039039,0.6560082035056175,0.4209521676026007,0.3679999999999998,0.28400000000000003
4,BR(Hiemstra_LM),0.2254959512177286,0.7512898617170062,0.4842280538467649,0.444,0.324
