,name,map,recip_rank,ndcg,P_5,P_10
0,BR(TF_IDF),0.15055835374717655,0.6276241941371417,0.39401713153693985,0.3159999999999999,0.25599999999999995
1,BR(BM25),0.15205173530235133,0.6318396357267673,0.3963629791637709,0.31599999999999984,0.2559999999999999
2,BR(PL2),0.14340727806560805,0.5909651103580761,0.3825040766743248,0.31599999999999984,0.2439999999999999
3,BR(InL2),0.15917045640665725,0.628680255883864,0.40554176125062247,0.32799999999999985,0.26799999999999996
4,BR(Hiemstra_LM),0.21463012816286117,0.7527790008992661,0.4726151510533574,0.43599999999999994,0.31399999999999995
