,name,map,recip_rank,ndcg,P_5,P_10
0,BR(TF_IDF),0.15312214845979918,0.6361473371399842,0.3989560073013626,0.32399999999999984,0.25799999999999995
1,BR(BM25),0.1548798647794999,0.6398610543893563,0.4013850424945183,0.3239999999999999,0.25599999999999995
2,BR(PL2),0.14656435091423753,0.6079525390552712,0.38836570790510416,0.32399999999999984,0.24599999999999994
3,BR(InL2),0.16207205059805363,0.6377840890568965,0.4098233899483301,0.3479999999999998,0.27399999999999997
4,BR(Hiemstra_LM),0.21804491069055598,0.7513021353305689,0.47689910897142257,0.43599999999999994,0.31999999999999995
