,name,map,recip_rank,ndcg,P_5,P_10
0,BR(TF_IDF),0.15848773628439533,0.6511977203270569,0.40962672927442534,0.33599999999999985,0.268
1,BR(BM25),0.16082111895154155,0.6640139338298781,0.4129355465643378,0.3439999999999999,0.264
2,BR(PL2),0.15229267551650177,0.6618660945970012,0.40079579518531006,0.31199999999999983,0.254
3,BR(InL2),0.16872111325170752,0.6613837115929752,0.42195209839479175,0.35599999999999987,0.28400000000000003
4,BR(Hiemstra_LM),0.22365278530482768,0.7629928231302029,0.4866561527328524,0.44800000000000006,0.32800000000000007
