,name,map,recip_rank,ndcg,P_5,P_10
0,BR(TF_IDF),0.1654434635737804,0.6117390536201716,0.4183292841270289,0.3599999999999999,0.28
1,BR(BM25),0.1671927087620322,0.6249327689198231,0.42094259829912056,0.3639999999999998,0.282
2,BR(PL2),0.15651232580937285,0.5951374158751639,0.4064069931438011,0.34399999999999986,0.27199999999999996
3,BR(InL2),0.1764009468617476,0.6671070372989437,0.43421645499619443,0.3639999999999998,0.28800000000000003
4,BR(Hiemstra_LM),0.2278787715958771,0.7683454031952139,0.49498539608904124,0.44,0.3460000000000001
