,name,map,recip_rank,ndcg,P_5,P_10
0,BR(TF_IDF),0.15027854771249002,0.6346182196376584,0.39367281285773514,0.31199999999999994,0.2479999999999999
1,BR(BM25),0.15288995410450215,0.6381258767051472,0.39806229333906523,0.3159999999999999,0.2459999999999999
2,BR(PL2),0.14410344813238915,0.6115493950465403,0.3836078280905077,0.3119999999999999,0.2339999999999999
3,BR(InL2),0.16207190094911655,0.6598739030140993,0.4109689956281995,0.3239999999999999,0.26199999999999996
4,BR(Hiemstra_LM),0.21624230960407392,0.7510879913689671,0.47344129246338235,0.436,0.324
