,name,map,recip_rank,ndcg,P_5,P_10
0,BR(TF_IDF),0.15975913607238687,0.6566495686866931,0.40979364712927036,0.32799999999999985,0.26599999999999996
1,BR(BM25),0.16100226903896409,0.6641831512576074,0.41206480607892304,0.3359999999999998,0.26399999999999996
2,BR(PL2),0.15388875283761116,0.6385588151660493,0.3990050310398516,0.31999999999999984,0.25599999999999995
3,BR(InL2),0.1703295420350085,0.6539591478696741,0.42119897338561096,0.3599999999999999,0.282
4,BR(Hiemstra_LM),0.22399179395812913,0.7513187994496044,0.48315687622558423,0.44,0.322
