,name,map,recip_rank,ndcg,P_5,P_10
0,BR(TF_IDF),0.15173447338010737,0.6490898320136076,0.3957308310087301,0.30399999999999994,0.2499999999999999
1,BR(BM25),0.15310858254286525,0.6426126716629623,0.39806770736111324,0.30399999999999994,0.2479999999999999
2,BR(PL2),0.14499179200459827,0.6244887752949189,0.3846712408672577,0.30399999999999994,0.2339999999999999
3,BR(InL2),0.1618200630264108,0.6638848366987358,0.4101886229909152,0.31999999999999995,0.25999999999999995
4,BR(Hiemstra_LM),0.21285361173128117,0.7377382194416949,0.4694325185438164,0.428,0.32199999999999995
