,name,map,recip_rank,ndcg,P_5,P_10
0,BR(TF_IDF),0.15135783745313197,0.6324723644420174,0.3944440806261636,0.3079999999999999,0.25999999999999995
1,BR(BM25),0.15294679277334072,0.6362971633305929,0.3969051530572689,0.3079999999999999,0.25799999999999995
2,BR(PL2),0.143814190687219,0.5938803478502674,0.38259489920501316,0.3079999999999999,0.24599999999999989
3,BR(InL2),0.15920550161140162,0.6335400970109517,0.4045317889729919,0.32399999999999984,0.268
4,BR(Hiemstra_LM),0.21152703829873637,0.7394262176185166,0.46904051907437955,0.43199999999999994,0.3139999999999999
