,name,map,recip_rank,ndcg,P_5,P_10
0,BR(TF_IDF),0.16016425738002318,0.6584044101479278,0.41097661021427834,0.33599999999999985,0.27
1,BR(BM25),0.16223078348542874,0.6709286436797554,0.41438686933974656,0.3399999999999999,0.26600000000000007
2,BR(PL2),0.15265350749179812,0.6588108849459489,0.3997172784179282,0.31599999999999984,0.252
3,BR(InL2),0.1696371564616544,0.6678301757072476,0.4231631693153785,0.35599999999999987,0.2880000000000001
4,BR(Hiemstra_LM),0.22076071754339024,0.7496587455175246,0.48307233355901474,0.444,0.33
