,name,map,recip_rank,ndcg,P_5,P_10
0,BR(TF_IDF),0.1605310449673698,0.656034393806966,0.4093711322123147,0.3319999999999999,0.26599999999999996
1,BR(BM25),0.16220481831124756,0.6592457558178002,0.4112839390750916,0.3319999999999999,0.264
2,BR(PL2),0.15315998895888647,0.6341706423384674,0.39762876667697333,0.31999999999999984,0.25199999999999995
3,BR(InL2),0.17032683324302694,0.6595166998034645,0.42025216870435544,0.3679999999999998,0.28400000000000003
4,BR(Hiemstra_LM),0.2227719729389018,0.7379409070553271,0.48119212926726607,0.444,0.326
