,name,map,recip_rank,ndcg,P_5,P_10
0,BR(TF_IDF),0.1522801379832127,0.6484615382283542,0.3963759454908036,0.30399999999999994,0.24999999999999992
1,BR(BM25),0.1533503243745889,0.6419559320562466,0.39863552559790627,0.3039999999999999,0.24799999999999994
2,BR(PL2),0.14500085977248914,0.6138439559360611,0.38501721312085807,0.30399999999999994,0.23999999999999994
3,BR(InL2),0.16243826488965915,0.6634333616650688,0.41130081822990194,0.3239999999999999,0.25999999999999995
4,BR(Hiemstra_LM),0.21272075247636096,0.7377783404576473,0.46957005700527027,0.428,0.31999999999999995
