,name,map,recip_rank,ndcg,P_5,P_10
0,BR(TF_IDF),0.15423684183989286,0.6326218695125229,0.3995441421257355,0.3239999999999999,0.26199999999999996
1,BR(BM25),0.15585802685180578,0.6386035356515503,0.4020859502175446,0.3199999999999999,0.25999999999999995
2,BR(PL2),0.1482858332097022,0.6146032194929254,0.389685876145235,0.31599999999999984,0.2459999999999999
3,BR(InL2),0.16155544170521183,0.6329876327432771,0.40799835052701106,0.3479999999999998,0.272
4,BR(Hiemstra_LM),0.21560108032284403,0.7379662649614691,0.4741174057588573,0.43199999999999994,0.31799999999999995
