,name,map,recip_rank,ndcg,P_5,P_10
0,BR(TF_IDF),0.15554923747365587,0.6380180473813849,0.40110950898321496,0.3279999999999999,0.26199999999999996
1,BR(BM25),0.1584754704792094,0.6514353676336435,0.4058644971449637,0.3199999999999999,0.25999999999999995
2,BR(PL2),0.14942360572948565,0.6192842974619192,0.3912712456811764,0.31999999999999984,0.2459999999999999
3,BR(InL2),0.16310604609790275,0.6377806874545007,0.4106485794607089,0.34399999999999975,0.272
4,BR(Hiemstra_LM),0.2179491835256213,0.7379654844918917,0.47600757808526156,0.436,0.31999999999999995
