,name,map,recip_rank,ndcg,P_5,P_10
0,BR(TF_IDF),0.16261146786629077,0.6588304245251494,0.4107758867171345,0.3279999999999999,0.266
1,BR(BM25),0.1633066797062785,0.6653872322024393,0.4125238505571361,0.3239999999999999,0.268
2,BR(PL2),0.15453464560221739,0.6305764087264086,0.3983058452633395,0.31599999999999984,0.256
3,BR(InL2),0.17156133254926442,0.6520800507696872,0.42136337262783313,0.35599999999999987,0.2860000000000001
4,BR(Hiemstra_LM),0.2235450919089904,0.7479865342561729,0.48344772599926134,0.444,0.32199999999999995
