,name,map,recip_rank,ndcg,P_5,P_10
0,BR(TF_IDF),0.15926222726807981,0.6302171902699343,0.41133669394058564,0.34399999999999986,0.264
1,BR(BM25),0.16206677083795376,0.633130860170194,0.41445591203740634,0.3479999999999999,0.26799999999999996
2,BR(PL2),0.15001272984613118,0.6011678625988676,0.3997007315415345,0.3319999999999998,0.25799999999999995
3,BR(InL2),0.16890869314483695,0.6378077788469875,0.4248203157078059,0.3679999999999998,0.272
4,BR(Hiemstra_LM),0.22390192854262647,0.7583413983033493,0.4918723080951161,0.44400000000000006,0.34
