,name,map,recip_rank,ndcg,P_5,P_10
0,BR(TF_IDF),0.15164059890242249,0.6336356641995026,0.3948523112471563,0.3119999999999999,0.25799999999999995
1,BR(BM25),0.15313565153118952,0.6363424375342648,0.397146742558151,0.3079999999999999,0.25599999999999995
2,BR(PL2),0.1431735266157137,0.5846964119855498,0.38163728674554287,0.31199999999999983,0.24199999999999988
3,BR(InL2),0.1593654444756553,0.634691142421015,0.40520517576201054,0.32799999999999985,0.264
4,BR(Hiemstra_LM),0.21174673276096667,0.7377645120366196,0.46928456900005266,0.436,0.3159999999999999
