,name,map,recip_rank,ndcg,P_5,P_10
0,BR(TF_IDF),0.16577350218125525,0.6098198230837991,0.41699930183625084,0.3599999999999999,0.278
1,BR(BM25),0.16741399856191314,0.6210082134271437,0.4193589083078909,0.3599999999999999,0.284
2,BR(PL2),0.1566664555518407,0.5936960905359193,0.4049056255826617,0.34399999999999986,0.27399999999999997
3,BR(InL2),0.1770359380131951,0.6656834322746691,0.43389345663689727,0.3679999999999998,0.286
4,BR(Hiemstra_LM),0.2250656438255371,0.7550676574154663,0.4922373107461056,0.43599999999999994,0.3420000000000001
