,name,map,recip_rank,ndcg,P_5,P_10
0,BR(TF_IDF),0.15875802754919283,0.6224666918512091,0.4084738871793548,0.3319999999999999,0.258
1,BR(BM25),0.15949688150657818,0.6241325346944606,0.409803488949078,0.3319999999999999,0.26
2,BR(PL2),0.1492282026609049,0.5920666108523249,0.39583296920912014,0.31599999999999984,0.25199999999999995
3,BR(InL2),0.1663866591781481,0.616860146416671,0.41864454695335973,0.3639999999999998,0.272
4,BR(Hiemstra_LM),0.22060556286852662,0.7483392989668807,0.48811418007921714,0.43200000000000005,0.332
