,name,map,recip_rank,ndcg,P_5,P_10
0,BR(TF_IDF),0.14474009442910993,0.6066538060322889,0.395329448937397,0.30399999999999994,0.23199999999999996
1,BR(BM25),0.14631946947692284,0.6140761722279167,0.3975205186449301,0.30799999999999994,0.23599999999999993
2,BR(PL2),0.13839562541753508,0.5970978839832933,0.38590309127364447,0.2999999999999999,0.21399999999999994
