,name,map,recip_rank,ndcg,P_5,P_10
0,BR(TF_IDF),0.16545376176964247,0.6262091366933513,0.42712252366297726,0.33999999999999986,0.2800000000000001
1,BR(BM25),0.1673462270593229,0.6358345162923926,0.4293854433333837,0.35599999999999987,0.276
2,BR(PL2),0.15644767545958613,0.5968313319430967,0.4152848900812441,0.33599999999999985,0.26
