,name,map,recip_rank,ndcg,P_5,P_10
0,BR(TF_IDF),0.13097703747412287,0.5556002536806423,0.3568642272140071,0.28400000000000003,0.21
1,BR(BM25),0.13214921322925421,0.5574263003990411,0.3589943397064331,0.292,0.214
2,BR(PL2),0.12605223888714592,0.5540078023388274,0.3500516999801262,0.284,0.20799999999999996
