,name,map,recip_rank,ndcg,P_5,P_10
0,BR(TF_IDF),0.1570403189817039,0.6316263037050437,0.4065216764940774,0.3239999999999999,0.262
1,BR(BM25),0.15761029452728975,0.6361617481681996,0.40834075834665184,0.3239999999999999,0.27
2,BR(PL2),0.14805183054501161,0.6050238765855982,0.3943097018112303,0.3199999999999999,0.248
