,name,map,recip_rank,ndcg,P_5,P_10
0,BR(TF_IDF),0.16052592275481284,0.6815206751343836,0.41361539728116853,0.3479999999999998,0.2700000000000001
1,BR(BM25),0.16173109103962208,0.6950515536449658,0.4153928036187,0.33999999999999986,0.274
2,BR(PL2),0.1519939247283588,0.653443699697535,0.4009452759469725,0.3359999999999998,0.24400000000000005
