,name,map,recip_rank,ndcg,P_5,P_10
0,BR(TF_IDF),0.16470721009271666,0.6025200691310021,0.4215671960100175,0.3399999999999998,0.28
1,BR(BM25),0.16685045256022144,0.6117269498716215,0.4244783531930597,0.35199999999999987,0.27599999999999997
2,BR(PL2),0.15477110223633697,0.5717493258938492,0.4077483797958598,0.3359999999999998,0.264
