,name,map,recip_rank,ndcg,P_5,P_10
0,BR(TF_IDF),0.16191813571959743,0.6783248674775332,0.4123286453366963,0.3359999999999998,0.26399999999999996
1,BR(BM25),0.16363442943110926,0.6875242261355257,0.41516660565304486,0.34799999999999975,0.26399999999999996
2,BR(PL2),0.15618791070094448,0.6618149989329996,0.401844083023774,0.32799999999999974,0.254
