,name,map,recip_rank,ndcg,P_5,P_10
0,BR(TF_IDF),0.1632545188043839,0.6454894243977567,0.4134435492814543,0.3599999999999999,0.2740000000000001
1,BR(BM25),0.16549945226593457,0.649000417261812,0.41688454452997037,0.3599999999999999,0.274
2,BR(PL2),0.1585247555500405,0.6344748082718001,0.40561902546045475,0.35199999999999987,0.254
