,name,map,recip_rank,ndcg,P_5,P_10
0,BR(TF_IDF),0.16198886489372305,0.6681397995934077,0.41255839162670255,0.34399999999999975,0.272
1,BR(BM25),0.16411247555765937,0.685693599376358,0.41613034288057227,0.34399999999999975,0.26999999999999996
2,BR(PL2),0.15628825083003703,0.6524076030547886,0.4029707826061395,0.3359999999999998,0.26
