,name,map,recip_rank,ndcg,P_5,P_10
0,BR(TF_IDF),0.1429803381128892,0.6029896834634528,0.388316492545501,0.3159999999999999,0.2419999999999999
1,BR(BM25),0.14481057514470483,0.6203943635483883,0.3919500148187972,0.31199999999999994,0.23799999999999988
2,BR(PL2),0.13705623259447205,0.5941269855764829,0.3799770272424308,0.2999999999999999,0.22199999999999992
