,name,map,recip_rank,ndcg,P_5,P_10
0,BR(TF_IDF),0.1582918555295091,0.6253049921093399,0.41025204286049155,0.3319999999999999,0.262
1,BR(BM25),0.1588786149555001,0.6275987266315429,0.4110736263902169,0.3319999999999999,0.262
2,BR(PL2),0.14876572221361017,0.591555243800465,0.39702816951911685,0.31599999999999984,0.254
