,name,map,recip_rank,ndcg,P_5,P_10
0,BR(TF_IDF),0.16016425738002318,0.6584044101479278,0.41097661021427834,0.33599999999999985,0.27
1,BR(BM25),0.16223078348542874,0.6709286436797554,0.41438686933974656,0.3399999999999999,0.26600000000000007
2,BR(PL2),0.15265350749179812,0.6588108849459489,0.3997172784179282,0.31599999999999984,0.252
