,name,map,recip_rank,ndcg,P_5,P_10
0,BR(TF_IDF),0.14411710440160863,0.6198797833547832,0.3916300961640893,0.31199999999999994,0.24
1,BR(BM25),0.14727527752703026,0.6468174819205142,0.3966511559959316,0.316,0.24599999999999997
2,BR(PL2),0.13823321608817415,0.608320147679273,0.38419688265631924,0.30399999999999994,0.21599999999999994
