,name,map,recip_rank,ndcg,P_5,P_10
0,BR(TF_IDF),0.14086562205608016,0.5401773245042801,0.37968582426158015,0.3039999999999999,0.23000000000000004
1,BR(BM25),0.14164557817357668,0.5534795447708721,0.38174845540031443,0.3119999999999999,0.228
2,BR(PL2),0.13624835078163833,0.5475016553307936,0.37542276144222875,0.3039999999999999,0.222
