,name,map,recip_rank,ndcg,P_5,P_10
0,BR(TF_IDF),0.16729181512782548,0.60942547176485,0.42861794474566006,0.3479999999999998,0.26799999999999996
1,BR(BM25),0.16838493275837918,0.6201657601657602,0.4310897491055447,0.35199999999999987,0.27199999999999996
2,BR(PL2),0.15889225238960603,0.5872159186907085,0.418799090493041,0.3279999999999999,0.258
