,name,map,recip_rank,ndcg,P_5,P_10
0,BR(TF_IDF),0.16562650402654902,0.6125145669749649,0.41924852954534153,0.3639999999999998,0.28
1,BR(BM25),0.1672010459727657,0.6231998878840641,0.4217042946602077,0.3679999999999998,0.278
2,BR(PL2),0.1574892229253596,0.5961358877363548,0.40895537591176173,0.3519999999999998,0.27599999999999997
