,name,map,recip_rank,ndcg,P_5,P_10
0,BR(TF_IDF),0.14691386433181944,0.5713113264113264,0.3893237790114315,0.30399999999999994,0.22399999999999995
1,BR(BM25),0.14582270895533203,0.5679402834675674,0.3882205088020868,0.30399999999999994,0.22199999999999995
2,BR(PL2),0.14340294406357734,0.5776415716390155,0.3864176497630419,0.29599999999999993,0.22199999999999995
