,name,map,recip_rank,ndcg,P_5,P_10
0,BR(TF_IDF),0.13166297475451566,0.5418880174987794,0.35575829244178486,0.29600000000000004,0.218
1,BR(BM25),0.13343086873201424,0.5462859196124527,0.3591183229187753,0.29200000000000004,0.21999999999999997
2,BR(PL2),0.12448573458768353,0.5431679791127307,0.34834689539364816,0.284,0.20999999999999996
