,name,map,recip_rank,ndcg,P_5,P_10
0,BR(TF_IDF),0.1630636398215486,0.6673476138184813,0.413441099761518,0.34399999999999986,0.2720000000000001
1,BR(BM25),0.1650162189619103,0.685574758011005,0.41676746233898526,0.3399999999999998,0.272
2,BR(PL2),0.15638771629676534,0.6498567275018888,0.40295454821353327,0.3319999999999998,0.25600000000000006
