,name,map,recip_rank,ndcg,P_5,P_10
0,BR(TF_IDF),0.1660301542853475,0.6222097505668934,0.42565745950961104,0.3519999999999998,0.2820000000000001
1,BR(BM25),0.16831042403558943,0.6372258742093329,0.42909122378302894,0.3639999999999998,0.276
2,BR(PL2),0.15672201864451563,0.5993172877846791,0.4138911374535779,0.34399999999999986,0.264
