,name,map,recip_rank,ndcg,P_5,P_10
0,BR(TF_IDF),0.16087177892611526,0.6760424552192985,0.4136302871347205,0.34399999999999986,0.2720000000000001
1,BR(BM25),0.16410566944560895,0.6931281813168678,0.41756812190516973,0.352,0.2740000000000001
2,BR(PL2),0.1533405512490701,0.6632821545541059,0.40253492196831225,0.33999999999999986,0.24600000000000005
