,name,map,recip_rank,ndcg,P_5,P_10
0,BR(TF_IDF),0.16542673329449006,0.6235612535933334,0.4187106929734419,0.3599999999999999,0.282
1,BR(BM25),0.1681748074778378,0.6353438031758927,0.42202073957859043,0.3599999999999999,0.284
2,BR(PL2),0.15645704392341792,0.6002639843957768,0.4059925100212795,0.33999999999999986,0.272
