,name,map,recip_rank,ndcg,P_5,P_10
0,BR(TF_IDF),0.1328236898890595,0.5351728512906039,0.3512765480143711,0.296,0.20799999999999993
1,BR(BM25),0.13165074077665706,0.5341834656791796,0.35031800596826296,0.296,0.20599999999999993
2,BR(PL2),0.1273870482811342,0.5242650544567368,0.3459442375965148,0.2839999999999999,0.19999999999999996
