,name,map,recip_rank,ndcg,P_5,P_10
0,BR(TF_IDF),0.13966616990371192,0.5665453898152417,0.38718088035353154,0.2839999999999999,0.22399999999999998
1,BR(BM25),0.14057756752353615,0.5685076354017093,0.3886281290974422,0.29199999999999987,0.22399999999999995
2,BR(PL2),0.13516161974484855,0.5618506850147218,0.3832867783901207,0.2799999999999999,0.21199999999999997
