,name,map,recip_rank,ndcg,P_5,P_10
0,BR(TF_IDF),0.1342065382327624,0.5847553937754058,0.36167252256350074,0.28800000000000003,0.21600000000000003
1,BR(BM25),0.1351505432104625,0.5900084687054122,0.36384750918218134,0.29600000000000004,0.21999999999999997
2,BR(PL2),0.1289363747517198,0.5894947741388649,0.3553495899048954,0.296,0.20199999999999999
