,name,map,recip_rank,ndcg,P_5,P_10
0,BR(TF_IDF),0.16547696546416635,0.6168083671082314,0.4238231738805584,0.34399999999999975,0.2820000000000001
1,BR(BM25),0.1674133859668904,0.6259765556256084,0.4265650784632977,0.3599999999999999,0.276
2,BR(PL2),0.15541852619692087,0.5871924208168228,0.41085291392960566,0.34399999999999986,0.26
