,name,map,recip_rank,ndcg,P_5,P_10
0,BR(TF_IDF),0.15995744654935387,0.66172877781823,0.4109996414399147,0.33599999999999985,0.262
1,BR(BM25),0.16134104664662183,0.6664233715809783,0.4128687779503838,0.3279999999999999,0.268
2,BR(PL2),0.1514527531976352,0.6503161857299788,0.39907181754684146,0.3119999999999999,0.25
