,name,map,recip_rank,ndcg,P_5,P_10
0,BR(TF_IDF),0.16119543624234253,0.6565664487093058,0.411683715153633,0.34399999999999986,0.268
1,BR(BM25),0.163409013128636,0.6838955272958649,0.4160094211922849,0.33599999999999985,0.266
2,BR(PL2),0.15538812270461969,0.6470182813357312,0.4021503877721237,0.33599999999999985,0.252
