,name,map,recip_rank,ndcg,P_5,P_10
0,BR(TF_IDF),0.1656332802054562,0.6225724557294875,0.4222255303255133,0.3679999999999999,0.28
1,BR(BM25),0.1675277781984437,0.6337200916239029,0.42523585598974833,0.3639999999999998,0.278
2,BR(PL2),0.1560857492767221,0.5917425092034839,0.4098207922565846,0.3479999999999998,0.272
