,name,map,recip_rank,ndcg,P_5,P_10
0,BR(TF_IDF),0.16247829588037618,0.676840845664972,0.4158782358588688,0.3319999999999999,0.26600000000000007
1,BR(BM25),0.1630798468497572,0.6807928191575315,0.41590037172069183,0.3319999999999999,0.268
2,BR(PL2),0.15237904183766487,0.6409266238552823,0.4013386888460274,0.3239999999999999,0.25000000000000006
