,name,map,recip_rank,ndcg,P_5,P_10
0,BR(TF_IDF),0.1336518238595675,0.5631167776934148,0.36946901310424046,0.292,0.21600000000000005
1,BR(BM25),0.1350702809535628,0.5665514572384382,0.3724560775181887,0.304,0.21200000000000002
2,BR(PL2),0.12917870852540972,0.5617078637491114,0.3641377564462484,0.27999999999999997,0.20200000000000004
