,name,map,recip_rank,ndcg,P_5,P_10
0,BR(TF_IDF),0.1608670213312876,0.6621657985484692,0.40985207215555397,0.3239999999999999,0.268
1,BR(BM25),0.16205128343811712,0.6687116676525072,0.412231029421459,0.32799999999999985,0.26599999999999996
2,BR(PL2),0.15427385537326563,0.6340815906390933,0.3983850624886999,0.31599999999999984,0.256
