,name,map,recip_rank,ndcg,P_5,P_10
0,BR(TF_IDF),0.15875802754919283,0.6224666918512091,0.4084738871793548,0.3319999999999999,0.258
1,BR(BM25),0.15949688150657818,0.6241325346944606,0.409803488949078,0.3319999999999999,0.26
2,BR(PL2),0.1492282026609049,0.5920666108523249,0.39583296920912014,0.31599999999999984,0.25199999999999995
