,name,map,recip_rank,ndcg,P_5,P_10
0,BR(TF_IDF),0.15850709335625418,0.6322404321970256,0.4097723338191909,0.3279999999999999,0.262
1,BR(BM25),0.16064683596873297,0.6342839325493375,0.4120988227671654,0.3279999999999999,0.262
2,BR(PL2),0.14920065357298218,0.5954413017441709,0.39685056677454783,0.3159999999999999,0.252
