,name,map,recip_rank,ndcg,P_5,P_10
0,BR(TF_IDF),0.1566911938653676,0.6214450276469691,0.40505307925892076,0.3279999999999999,0.258
1,BR(BM25),0.15738233971109483,0.6231612230615373,0.4061675921643814,0.3239999999999999,0.26
2,BR(PL2),0.14793631890494166,0.5951631269234963,0.3923882531520745,0.31599999999999984,0.24600000000000002
