,name,map,recip_rank,ndcg,P_5,P_10
0,BR(TF_IDF),0.16479771482240665,0.6028730163670302,0.4218688252975708,0.34399999999999975,0.278
1,BR(BM25),0.16747809546060072,0.6154145016007484,0.4258011374238211,0.35599999999999987,0.27399999999999997
2,BR(PL2),0.1549971472604919,0.5734438566254948,0.4094242205385389,0.3399999999999998,0.262
