,name,map,recip_rank,ndcg,P_5,P_10
0,BR(TF_IDF),0.13124885037744247,0.543189550420427,0.3551008714153482,0.284,0.214
1,BR(BM25),0.13319750220168314,0.5499191434817408,0.35850560872436255,0.292,0.21799999999999997
2,BR(PL2),0.1258429774481485,0.5466970931405715,0.34925799712256267,0.27599999999999997,0.20799999999999996
