,name,map,recip_rank,ndcg,P_5,P_10
0,BR(TF_IDF),0.16214539892204732,0.5792307746554899,0.41610372138475044,0.3319999999999998,0.2740000000000001
1,BR(BM25),0.16324800978055,0.5885474186288818,0.4184512339757515,0.3359999999999998,0.274
2,BR(PL2),0.15368155686192422,0.5625795273813946,0.40613855746066707,0.32799999999999985,0.25599999999999995
