,name,map,recip_rank,ndcg,P_5,P_10
0,BR(TF_IDF),0.13079455012717342,0.5577622346272677,0.35373611618667894,0.28800000000000003,0.218
1,BR(BM25),0.1330465102127411,0.5727470536170679,0.35902820713079675,0.292,0.22400000000000003
2,BR(PL2),0.12575580326620922,0.5551063634694327,0.34738336397484254,0.288,0.21
