,name,map,recip_rank,ndcg,P_5,P_10
0,BR(TF_IDF),0.16665834214714859,0.603891808622999,0.42414269301819113,0.37199999999999983,0.282
1,BR(BM25),0.16899305466425937,0.6150584912319297,0.4267552177340231,0.3759999999999999,0.28600000000000003
2,BR(PL2),0.15883671442420566,0.5860935230474952,0.4145240515808223,0.35999999999999976,0.2699999999999999
