,name,map,recip_rank,ndcg,P_5,P_10
0,BR(TF_IDF),0.16577350218125525,0.6098198230837991,0.41699930183625084,0.3599999999999999,0.278
1,BR(BM25),0.16741399856191314,0.6210082134271437,0.4193589083078909,0.3599999999999999,0.284
2,BR(PL2),0.1566664555518407,0.5936960905359193,0.4049056255826617,0.34399999999999986,0.27399999999999997
