,name,map,recip_rank,ndcg,P_5,P_10
0,BR(TF_IDF),0.16269129187862966,0.6126517151743733,0.4198324805353061,0.3599999999999999,0.27199999999999996
1,BR(BM25),0.1653769858627369,0.6293289515509373,0.42372064684063787,0.3719999999999999,0.27199999999999996
2,BR(PL2),0.1531313553865392,0.5930809989966849,0.40872183050063626,0.35199999999999987,0.25799999999999995
