,name,map,recip_rank,ndcg,P_5,P_10
0,BR(TF_IDF),0.12656527274314297,0.5110813390923667,0.3408298398887347,0.248,0.206
1,BR(BM25),0.12673693360153185,0.5140604989789218,0.3419553805204012,0.248,0.20799999999999996
2,BR(PL2),0.12336924025743923,0.5099928871455357,0.33809924483011683,0.236,0.198
