,name,map,recip_rank,ndcg,P_5,P_10
0,BR(TF_IDF),0.16027473074014179,0.6493031589466537,0.41313029801560835,0.33999999999999986,0.26000000000000006
1,BR(BM25),0.16116379989248245,0.6523397185894656,0.4144753752152413,0.34399999999999986,0.26600000000000007
2,BR(PL2),0.1498389385880755,0.6097546721182623,0.39911698919037286,0.32399999999999984,0.248
