,name,map,recip_rank,ndcg,P_5,P_10
0,BR(TF_IDF),0.16647781898712202,0.591863248040174,0.4217800573744831,0.3359999999999998,0.28200000000000003
1,BR(BM25),0.16779781597006654,0.6096284629314673,0.4247290019077741,0.34399999999999986,0.28
2,BR(PL2),0.15617144117034468,0.5660750053382769,0.40867263073697274,0.33599999999999985,0.25999999999999995
