,name,map,recip_rank,ndcg,P_5,P_10
0,BR(TF_IDF),0.1582671431929383,0.6224085955201192,0.41088348675638925,0.34399999999999986,0.264
1,BR(BM25),0.16056072537194804,0.627597290140942,0.4142433007047827,0.35199999999999987,0.26799999999999996
2,BR(PL2),0.14925903704869314,0.5924332932397447,0.40009192007623745,0.3319999999999999,0.26
