,name,map,recip_rank,ndcg,P_5,P_10
0,BR(TF_IDF),0.1527596878264834,0.6398878769661526,0.4003977616477626,0.31199999999999983,0.25199999999999995
1,BR(BM25),0.15526082585235176,0.6567851937540476,0.4035411417436973,0.3159999999999999,0.24999999999999992
2,BR(PL2),0.14794075192482148,0.6342683653224903,0.39079669342369405,0.29999999999999977,0.23199999999999996
3,BR(InL2),0.1634887814730592,0.6390287644419719,0.4125943179384041,0.33599999999999985,0.2699999999999999
4,BR(Hiemstra_LM),0.21863694436325634,0.762937515059151,0.4796709261305935,0.44799999999999995,0.316
