,name,map,recip_rank,ndcg,P_5,P_10
0,BR(TF_IDF),0.13299743309710405,0.548248875885393,0.3817615103578545,0.2759999999999999,0.214
1,BR(BM25),0.13345360697445294,0.5507200957780547,0.38325454939465375,0.2839999999999999,0.22
2,BR(PL2),0.12835600552108145,0.5191988348720286,0.3753876439211938,0.2799999999999999,0.20800000000000002
3,BR(InL2),0.14123235216146457,0.5517930387693227,0.3899608636532863,0.30799999999999994,0.226
4,BR(Hiemstra_LM),0.19256478025397922,0.7102157672726481,0.4458785505886329,0.40399999999999997,0.2759999999999999
