,name,map,recip_rank,ndcg,P_5,P_10
0,BR(TF_IDF),0.13944805471896188,0.5481227629331403,0.3708086496174673,0.2999999999999998,0.242
1,BR(BM25),0.14118370958894053,0.5685150031013978,0.3741133663902897,0.2999999999999998,0.24599999999999997
2,BR(PL2),0.13473454000203966,0.5515543309350361,0.36268840701964933,0.27999999999999986,0.22599999999999995
3,BR(InL2),0.14513841067628966,0.5417529186841517,0.37980995861997896,0.2959999999999998,0.25000000000000006
4,BR(Hiemstra_LM),0.19363242389508772,0.6584794399387792,0.44467859376964336,0.4039999999999999,0.31200000000000006
