,name,map,recip_rank,ndcg,P_5,P_10
0,BR(TF_IDF),0.15131844568592112,0.5456294466126075,0.3917179505928477,0.31999999999999984,0.25
1,BR(BM25),0.15180176903193687,0.5592626754703188,0.3942407355077894,0.31599999999999984,0.25
2,BR(PL2),0.14405959746972383,0.5292523980367355,0.38247136244679536,0.31199999999999983,0.24799999999999997
3,BR(InL2),0.15853033159918595,0.5840919230142211,0.4034453417220443,0.32399999999999984,0.26
4,BR(Hiemstra_LM),0.20851033514510184,0.7403081810562955,0.4756175245607313,0.41599999999999987,0.31999999999999995
