,name,map,recip_rank,ndcg,P_5,P_10
0,BR(TF_IDF),0.14894279194841148,0.5503135728344024,0.38587801489082696,0.31999999999999984,0.252
1,BR(BM25),0.15000133997363294,0.5654178346567188,0.3885900935338525,0.31999999999999984,0.254
2,BR(PL2),0.14126641890168862,0.5220496930128866,0.3754063347586863,0.30799999999999983,0.24399999999999994
3,BR(InL2),0.15510752874607583,0.572260847788892,0.39521351889380907,0.3319999999999998,0.26
4,BR(Hiemstra_LM),0.20792018419143443,0.7492787082685107,0.47055082539982096,0.4079999999999998,0.31999999999999995
