,name,map,recip_rank,ndcg,P_5,P_10
0,BR(TF_IDF),0.1507677014775541,0.5596382813347585,0.3906579163679526,0.32399999999999984,0.25599999999999995
1,BR(BM25),0.1517413785297634,0.5728815101642665,0.3933415033726093,0.32399999999999984,0.25999999999999995
2,BR(PL2),0.14221256740555724,0.5353256517042024,0.37946294769123606,0.31599999999999984,0.24799999999999997
3,BR(InL2),0.15674791099505198,0.5832735804975495,0.4014012918616657,0.3359999999999998,0.26
4,BR(Hiemstra_LM),0.20926007754192497,0.737128306878307,0.4745843184204022,0.4279999999999999,0.324
