,name,map,recip_rank,ndcg,P_5,P_10
0,BR(TF_IDF),0.14402915770660696,0.5624896505586454,0.37771432458402726,0.3039999999999998,0.24200000000000002
1,BR(BM25),0.1449420664389098,0.5771654322643354,0.38186373342901747,0.2999999999999999,0.24199999999999997
2,BR(PL2),0.13924297741852262,0.5524603340270765,0.37085480211233074,0.2959999999999998,0.22399999999999995
3,BR(InL2),0.15118945304394477,0.5703246734214453,0.3890044290360447,0.32799999999999985,0.24799999999999997
4,BR(Hiemstra_LM),0.20688366869207186,0.7570620181716042,0.4670428277626698,0.4039999999999999,0.3139999999999999
