,name,map,recip_rank,ndcg,P_5,P_10
0,BR(TF_IDF),0.15299730176479043,0.5304038524967095,0.3901507613017343,0.30799999999999983,0.252
1,BR(BM25),0.15379022761668962,0.5475613254951661,0.39224123075487993,0.31199999999999983,0.24600000000000002
2,BR(PL2),0.14738065941979642,0.519805561822155,0.3833285424391078,0.3079999999999999,0.254
3,BR(InL2),0.16068424321670205,0.5776726453859675,0.4021773446979684,0.31999999999999984,0.262
4,BR(Hiemstra_LM),0.20745891703285857,0.7230807462118939,0.47209463292888254,0.4159999999999999,0.324
