,name,map,recip_rank,ndcg,P_5,P_10
0,BR(TF_IDF),0.14388140035301408,0.5555763507599332,0.37794623183389164,0.2999999999999999,0.242
1,BR(BM25),0.14524053575018173,0.5709180273024006,0.3815595958161596,0.3039999999999999,0.248
2,BR(PL2),0.13813871796838254,0.5591256410596855,0.372830124517463,0.2959999999999998,0.23
3,BR(InL2),0.150004424483551,0.5611161273040124,0.38827668807162413,0.3279999999999999,0.248
4,BR(Hiemstra_LM),0.2040788013655484,0.739216854624498,0.46609576968668287,0.39999999999999986,0.31199999999999994
