,name,map,recip_rank,ndcg,P_5,P_10
0,BR(TF_IDF),0.1289793260857172,0.5402762340270872,0.3478521236114648,0.27599999999999997,0.1999999999999999
1,BR(BM25),0.1308898314204015,0.5545491606095054,0.352627694133493,0.26799999999999996,0.2039999999999999
2,BR(PL2),0.12241031826449868,0.5296300938440158,0.3391792767728496,0.25999999999999995,0.2039999999999999
3,BR(InL2),0.14022474709874883,0.565053883956031,0.3620904871107269,0.2879999999999999,0.21599999999999994
4,BR(Hiemstra_LM),0.19559049118313593,0.7375550231343846,0.44284975445347013,0.3919999999999999,0.30199999999999994
