,name,map,recip_rank,ndcg,P_5,P_10
0,BR(TF_IDF),0.134384458861641,0.5596840115856643,0.36020637716149134,0.2759999999999999,0.20999999999999988
1,BR(BM25),0.13486891599261447,0.562685050040188,0.36185261197224783,0.2799999999999999,0.2119999999999999
2,BR(PL2),0.128317881986462,0.5359584213715365,0.34904737199659264,0.2759999999999999,0.20999999999999994
3,BR(InL2),0.14371763380508787,0.5825859375511241,0.37248216942612516,0.3159999999999999,0.22199999999999995
4,BR(Hiemstra_LM),0.198880831448587,0.739586274225041,0.44949942920454466,0.4079999999999999,0.29999999999999993
