,name,map,recip_rank,ndcg,P_5,P_10
0,BR(TF_IDF),0.14028317145173924,0.5638106061282202,0.3711442469355972,0.2879999999999998,0.23999999999999996
1,BR(BM25),0.14208047401122686,0.5816653341483952,0.37502496593842166,0.2879999999999998,0.248
2,BR(PL2),0.13596122432099575,0.560882158732888,0.36425446162306924,0.2879999999999998,0.23199999999999996
3,BR(InL2),0.14868056402732183,0.5738305381441428,0.38382887665804916,0.29199999999999987,0.252
4,BR(Hiemstra_LM),0.19495163511952043,0.6500456794667321,0.4458960356805472,0.41200000000000003,0.30800000000000005
