,name,map,recip_rank,ndcg,P_5,P_10
0,BR(TF_IDF),0.14925438987267958,0.5188410091492736,0.38394729464079025,0.30799999999999983,0.25000000000000006
1,BR(BM25),0.15090517509822093,0.5415954056860988,0.3888902575644545,0.31199999999999983,0.252
2,BR(PL2),0.1444687558602835,0.5309782308465006,0.37945311162572054,0.29999999999999977,0.24600000000000002
3,BR(InL2),0.1564679996224324,0.545614078470859,0.3949471585911978,0.31999999999999984,0.25600000000000006
4,BR(Hiemstra_LM),0.2031152676018737,0.7112778266178266,0.4667318463279445,0.41199999999999987,0.322
