,name,map,recip_rank,ndcg,P_5,P_10
0,BR(TF_IDF),0.13628046733182766,0.5383250314713512,0.36072163595304824,0.25999999999999995,0.204
1,BR(BM25),0.13656926164812833,0.5411494950994533,0.36150582154992206,0.264,0.19999999999999996
2,BR(PL2),0.13267268203988827,0.537776016962751,0.35783779511742403,0.252,0.19799999999999998
3,BR(InL2),0.14049732033792453,0.5271963344584477,0.3640889835732763,0.272,0.21599999999999994
4,BR(Hiemstra_LM),0.18209073317252997,0.6723107355999164,0.41482529099847454,0.3639999999999998,0.274
