,name,map,recip_rank,ndcg,P_5,P_10
0,BR(TF_IDF),0.11331526774642532,0.5077462803982997,0.31992929136393117,0.24800000000000005,0.19799999999999998
1,BR(BM25),0.1140783012872916,0.5228548960120118,0.32233161783948927,0.252,0.19599999999999998
2,BR(PL2),0.10909826386285029,0.5047869779416181,0.3134993612041981,0.23600000000000004,0.19199999999999995
3,BR(InL2),0.11751981372304612,0.5076529401353205,0.32553350938704334,0.27599999999999997,0.19799999999999993
4,BR(Hiemstra_LM),0.16438126261727798,0.6681129623259036,0.39016069958435756,0.352,0.25599999999999995
