,name,map,recip_rank,ndcg,P_5,P_10
0,BR(TF_IDF),0.12545834387771185,0.5067696683873897,0.3339689230389177,0.236,0.17399999999999996
1,BR(BM25),0.12547021246313947,0.5068689502130597,0.33440057444545934,0.236,0.17799999999999996
2,BR(PL2),0.12078255146795913,0.5004632097489095,0.32982776178792206,0.212,0.17599999999999993
3,BR(InL2),0.12887097634499672,0.5003322115576139,0.336859735788199,0.248,0.19199999999999995
4,BR(Hiemstra_LM),0.16182011263152962,0.553921217129384,0.37054065608616243,0.32799999999999996,0.23800000000000004
