,name,map,recip_rank,ndcg,P_5,P_10
0,BR(TF_IDF),0.1291939796762804,0.5080728659151822,0.3447841061329152,0.23999999999999996,0.19399999999999998
1,BR(BM25),0.12866687694325687,0.5109373364182411,0.34523158767123596,0.236,0.192
2,BR(PL2),0.12740091326711217,0.515552443579067,0.34395469433890896,0.228,0.18799999999999997
3,BR(InL2),0.1351040481034618,0.5184969174143087,0.3511474708537141,0.248,0.20799999999999996
4,BR(Hiemstra_LM),0.16839744425333758,0.6103316656977364,0.3881727296807941,0.3279999999999999,0.26
