,name,map,recip_rank,ndcg,P_5,P_10
0,BR(TF_IDF),0.13390838216187062,0.5295553429546525,0.3549063375787281,0.24,0.19999999999999996
1,BR(BM25),0.13407716791667793,0.5318506851988196,0.3561633651461655,0.24,0.20399999999999996
2,BR(PL2),0.13031995974486055,0.5277491760806571,0.3519176275727496,0.23600000000000002,0.19799999999999993
3,BR(InL2),0.137269303099743,0.5216932672873306,0.3583306880856756,0.25999999999999995,0.21799999999999997
4,BR(Hiemstra_LM),0.17758691039555047,0.6619006432832072,0.406601646765279,0.35599999999999987,0.272
