,name,map,recip_rank,ndcg,P_5,P_10
0,BR(TF_IDF),0.11786585260457275,0.513232256743645,0.32884478329687084,0.26399999999999996,0.19
1,BR(BM25),0.11723115700081968,0.5183469485229204,0.32964777646544197,0.25999999999999995,0.19199999999999995
2,BR(PL2),0.1118576738507664,0.500458416740939,0.321691719846086,0.256,0.18599999999999997
3,BR(InL2),0.12265417939711766,0.5200286433225372,0.3359658885980405,0.26399999999999996,0.204
4,BR(Hiemstra_LM),0.1738314984378816,0.6827224292720241,0.40310683867564157,0.3559999999999999,0.256
