,name,map,recip_rank,ndcg,P_5,P_10
0,BR(TF_IDF),0.12137673294453387,0.511881447303354,0.34473899086618387,0.2839999999999999,0.2
1,BR(BM25),0.12164150998662077,0.5157018283048455,0.3457792675512203,0.2839999999999999,0.198
2,BR(PL2),0.11611142597896004,0.5110909635623802,0.3387563629437269,0.26799999999999996,0.198
3,BR(InL2),0.1299438141338153,0.5424416813572782,0.35520108995957395,0.29599999999999993,0.20800000000000002
4,BR(Hiemstra_LM),0.17703262436049197,0.695651920619325,0.4126669598915538,0.3639999999999998,0.2779999999999999
