,name,map,recip_rank,ndcg,P_5,P_10
0,BR(TF_IDF),0.10302613782623497,0.46867279905798426,0.3061433132523003,0.2280000000000001,0.17799999999999994
1,BR(BM25),0.10304062369288303,0.4752239331820962,0.30769113657957886,0.24000000000000007,0.182
2,BR(PL2),0.0999878773556735,0.4644620336018117,0.3000202011875775,0.2280000000000001,0.17599999999999993
3,BR(InL2),0.10880201388431829,0.48432797508084824,0.31503441731283066,0.23200000000000007,0.18599999999999997
4,BR(Hiemstra_LM),0.16010574291114416,0.6436872431422835,0.3845678429616626,0.348,0.254
