,name,map,recip_rank,ndcg,P_5,P_10
0,BR(TF_IDF),0.12496999455096114,0.5125359905990657,0.34914143962163424,0.2879999999999999,0.21
1,BR(BM25),0.12444657474136159,0.5118482237035304,0.34900749827056216,0.2879999999999999,0.206
2,BR(PL2),0.12254612044936311,0.5267771382259623,0.34739544557731783,0.2719999999999999,0.204
3,BR(InL2),0.13307650671343307,0.5348997848914093,0.35963586756923666,0.2919999999999999,0.21599999999999997
4,BR(Hiemstra_LM),0.1792747254205938,0.7131444951350338,0.4157129183048627,0.3719999999999999,0.27799999999999997
