,name,map,recip_rank,ndcg,P_5,P_10
0,BR(TF_IDF),0.09649977377149152,0.44831202775627427,0.29161746105408914,0.21600000000000005,0.16599999999999998
1,BR(BM25),0.09828942496226775,0.4620838187125248,0.2961248943713045,0.22800000000000004,0.16599999999999998
2,BR(PL2),0.09137925565171497,0.4272884444446791,0.28255008460746145,0.21200000000000002,0.16599999999999998
3,BR(InL2),0.10309989360216414,0.47595132927884776,0.3017971016155601,0.23600000000000004,0.17
4,BR(Hiemstra_LM),0.16106247011033262,0.6424748072685342,0.38232069353405523,0.3639999999999998,0.24999999999999992
