,name,map,recip_rank,ndcg,P_5,P_10
0,BR(TF_IDF),0.1313153408856836,0.5391537443033926,0.3575874856343024,0.2879999999999999,0.21199999999999997
1,BR(BM25),0.1324467142031081,0.5524307327589729,0.35981151545108647,0.2879999999999999,0.21199999999999997
2,BR(PL2),0.12863226900759858,0.548447933067745,0.35585909202758687,0.2839999999999999,0.21199999999999997
3,BR(InL2),0.13837735412810206,0.5422259947908272,0.3649144025177101,0.3,0.22599999999999998
4,BR(Hiemstra_LM),0.18114364259425358,0.7070303235964899,0.41791386962644894,0.3639999999999998,0.27399999999999997
