,name,map,recip_rank,ndcg,P_5,P_10
0,BR(TF_IDF),0.1371291195495622,0.5367009417656127,0.3616597517954807,0.2879999999999999,0.20199999999999996
1,BR(BM25),0.13687704431638462,0.5378223846467791,0.3619004574245624,0.2879999999999999,0.19999999999999996
2,BR(PL2),0.13375055648586737,0.5393967540623997,0.3586774971218811,0.2839999999999999,0.20199999999999996
3,BR(InL2),0.14158679284219453,0.5314464396499754,0.36593126314920943,0.296,0.214
4,BR(Hiemstra_LM),0.18332805601330268,0.6832728568559981,0.41689474961692957,0.3679999999999998,0.27399999999999997
