,name,map,recip_rank,ndcg,P_5,P_10
0,BR(TF_IDF),0.1247879811871689,0.5082011268005038,0.33306281599662435,0.236,0.18199999999999997
1,BR(BM25),0.1250096313705173,0.5094221389381727,0.3339191016941585,0.236,0.184
2,BR(PL2),0.11955440965534703,0.4942352254408704,0.3279385144651297,0.22,0.17799999999999994
3,BR(InL2),0.12908215333231707,0.5078937744444516,0.3375404341325828,0.24400000000000002,0.19599999999999995
4,BR(Hiemstra_LM),0.162726842930066,0.5842547738164181,0.3757478030207457,0.324,0.24600000000000002
