,name,map,recip_rank,ndcg,P_5,P_10
0,BR(TF_IDF),0.12396166125175863,0.4801772246402022,0.322802369893155,0.25999999999999995,0.18799999999999997
1,BR(BM25),0.1234050694642777,0.48167463664848376,0.3230522583784899,0.25999999999999995,0.184
2,BR(PL2),0.12015545107992777,0.47911768248652686,0.31980103419303796,0.23600000000000002,0.17999999999999997
3,BR(InL2),0.1282557297147732,0.5105381039427094,0.32838328796815097,0.268,0.19599999999999995
4,BR(Hiemstra_LM),0.16031602286008206,0.5983140698766818,0.3658873978204612,0.316,0.23600000000000002
