,name,map,recip_rank,ndcg,P_5,P_10
0,BR(TF_IDF),0.12825016924854712,0.48551167649542376,0.333975514456912,0.248,0.21199999999999997
1,BR(BM25),0.12836946188696163,0.4879823660280315,0.3346307668918233,0.248,0.21399999999999994
2,BR(PL2),0.12534355598755426,0.48272473663998133,0.3311197984889255,0.248,0.206
3,BR(InL2),0.13432089363450161,0.5219737340150016,0.34170325457001405,0.268,0.22399999999999998
4,BR(Hiemstra_LM),0.16582455968663548,0.6163716766734559,0.3781793645317717,0.32800000000000007,0.25800000000000006
