,name,map,recip_rank,ndcg,P_5,P_10
0,BR(TF_IDF),0.11294727781245208,0.45705284734423296,0.32313764815591334,0.28,0.20199999999999999
1,BR(BM25),0.11335423080243417,0.47383812823740956,0.3252270023463831,0.28,0.2
2,BR(PL2),0.11045346466319123,0.46641065928436265,0.3210315307441533,0.268,0.19999999999999996
3,BR(InL2),0.1194087361452975,0.48467175715215866,0.33232016896721583,0.28,0.20799999999999996
4,BR(Hiemstra_LM),0.1688348106030319,0.6671792116764614,0.3932486539200587,0.3399999999999999,0.26599999999999996
