,name,map,recip_rank,ndcg,P_5,P_10
0,BR(TF_IDF),0.09258060859375378,0.4455886878775698,0.27753097512558383,0.21200000000000002,0.156
1,BR(BM25),0.09305859514025151,0.4498362736354886,0.28138651262706876,0.21200000000000008,0.15999999999999998
2,BR(PL2),0.0878655720396827,0.42550084402052846,0.26933498624995006,0.20400000000000007,0.158
3,BR(InL2),0.097805433977046,0.4710886924523484,0.286524401950227,0.22400000000000006,0.17199999999999996
4,BR(Hiemstra_LM),0.15388948727257454,0.6126253369327705,0.36369557534641656,0.3439999999999999,0.23999999999999988
