,name,map,recip_rank,ndcg,P_5,P_10
0,BR(TF_IDF),0.10846018048320497,0.4594828396689825,0.3073435176989811,0.252,0.18399999999999994
1,BR(BM25),0.10799811095141454,0.45765062870384754,0.3079553562432157,0.252,0.18799999999999994
2,BR(PL2),0.10326204202845467,0.45498262269315715,0.3007303914035537,0.252,0.17999999999999997
3,BR(InL2),0.11543328561184046,0.4701044718454256,0.3171830240180425,0.268,0.20199999999999999
4,BR(Hiemstra_LM),0.1657164544462533,0.6485452045175749,0.3836427273664109,0.344,0.23999999999999996
