,name,map,recip_rank,ndcg,P_5,P_10
0,BR(TF_IDF),0.09857914870715448,0.4557639463503833,0.2910594843073524,0.22800000000000004,0.16999999999999993
1,BR(BM25),0.09802426266563097,0.46206732395489447,0.2921651985576029,0.23200000000000007,0.16799999999999993
2,BR(PL2),0.09674010769833785,0.45963019190739524,0.28607976703597243,0.2280000000000001,0.16999999999999993
3,BR(InL2),0.10317002113019648,0.48096657367932427,0.2993191801949559,0.22800000000000004,0.18399999999999994
4,BR(Hiemstra_LM),0.15327312184856598,0.6101092294161676,0.36569162137503575,0.32799999999999996,0.23999999999999994
