,name,map,recip_rank,ndcg,P_5,P_10
0,BR(TF_IDF),0.13162514402680317,0.5115011142925663,0.3455810826326137,0.27599999999999997,0.21199999999999997
1,BR(BM25),0.13166613499629332,0.517455995687493,0.34678947619092343,0.27599999999999997,0.20999999999999994
2,BR(PL2),0.1284037440334491,0.5124329149649394,0.34343135039197814,0.27199999999999996,0.20399999999999996
3,BR(InL2),0.13417866595551145,0.4996386674913972,0.3472494759239984,0.292,0.21599999999999997
4,BR(Hiemstra_LM),0.17465856164066576,0.6485445309838933,0.39599660552324506,0.3559999999999999,0.262
