,name,map,recip_rank,ndcg,P_5,P_10
0,BR(TF_IDF),0.12352277344019243,0.4911340492940319,0.3223663859811357,0.256,0.18799999999999994
1,BR(BM25),0.1213196282047626,0.4905018499993226,0.32110223612374933,0.248,0.184
2,BR(PL2),0.11996503642106028,0.4861478328192708,0.3196783736151804,0.23600000000000002,0.18399999999999994
3,BR(InL2),0.12832108169943163,0.5075762278867603,0.3282816806121208,0.27999999999999997,0.19599999999999995
4,BR(Hiemstra_LM),0.15803458974053888,0.5583233063021913,0.35853970118811745,0.312,0.24200000000000002
