,name,map,recip_rank,ndcg,P_5,P_10
0,BR(TF_IDF),0.12036483554816893,0.4921959978532818,0.33422201699896265,0.27999999999999997,0.20799999999999996
1,BR(BM25),0.12035701426267843,0.4906996372389628,0.33460181244345066,0.27999999999999997,0.20399999999999996
2,BR(PL2),0.1185510923156472,0.5004840807972167,0.3322819123184286,0.27999999999999997,0.20999999999999994
3,BR(InL2),0.12596597262685447,0.5145138517711166,0.3420503803158111,0.28800000000000003,0.21399999999999994
4,BR(Hiemstra_LM),0.1727281521549861,0.6984632799724969,0.3987046297165255,0.3559999999999999,0.27199999999999996
