,name,map,recip_rank,ndcg,P_5,P_10
0,BR(TF_IDF),0.10739708807957697,0.48881639097403273,0.30353494585298235,0.24800000000000008,0.18999999999999997
1,BR(BM25),0.10704611751586675,0.4889872820894597,0.3046393080540689,0.24400000000000002,0.18599999999999997
2,BR(PL2),0.10282450464292171,0.4841594264522166,0.2975670420076633,0.23199999999999998,0.18599999999999997
3,BR(InL2),0.11202116405715748,0.5043287758442138,0.3112069381279717,0.26400000000000007,0.19399999999999995
4,BR(Hiemstra_LM),0.15643494875948907,0.6341352021416565,0.37085661914273077,0.332,0.23999999999999996
