,name,map,recip_rank,ndcg,P_5,P_10
0,BR(TF_IDF),0.13016583726932462,0.548883026743572,0.34775793026614543,0.30399999999999994,0.21599999999999994
1,BR(BM25),0.12973592845228668,0.5478790930520804,0.34754335692418925,0.30399999999999994,0.21599999999999994
2,BR(PL2),0.12615566664030503,0.5447198098397983,0.34389109713997085,0.288,0.20999999999999994
3,BR(InL2),0.1324945803497948,0.545248552058756,0.3497635605304374,0.30399999999999994,0.21799999999999997
4,BR(Hiemstra_LM),0.17407105653805857,0.6915916529052687,0.40029977473646516,0.352,0.262
