,name,map,recip_rank,ndcg,P_5,P_10
0,BR(TF_IDF),0.10754187889957001,0.45084116244604366,0.2994015640361069,0.25200000000000006,0.18999999999999997
1,BR(BM25),0.10678997319212537,0.45071344778277583,0.2998103914714707,0.24400000000000005,0.18999999999999992
2,BR(PL2),0.1022984354996413,0.4297077321283675,0.2918682855749989,0.25200000000000006,0.184
3,BR(InL2),0.11212351452415949,0.4470157574768484,0.3046725905430648,0.25600000000000006,0.19799999999999998
4,BR(Hiemstra_LM),0.1589038850003827,0.6001206196668294,0.3658369219879693,0.324,0.24799999999999997
