,name,map,recip_rank,ndcg,P_5,P_10
0,BR(TF_IDF),0.12485920402524489,0.5014604276910721,0.33349605072270366,0.28800000000000003,0.21799999999999997
1,BR(BM25),0.12417277752487763,0.49751724902891625,0.33278483406053083,0.28800000000000003,0.2119999999999999
2,BR(PL2),0.12077217360186154,0.4941077338706069,0.32953889102549544,0.276,0.212
3,BR(InL2),0.12988543364358568,0.5278861193403733,0.3395115737787036,0.30000000000000004,0.22399999999999998
4,BR(Hiemstra_LM),0.1670952157457895,0.6526789330365256,0.38453631412093886,0.34,0.26
