,name,map,recip_rank,ndcg,P_5,P_10
0,BR(TF_IDF),0.10951915857363045,0.4649182197166901,0.30862994566993807,0.25200000000000006,0.20199999999999996
1,BR(BM25),0.10892190827732336,0.45494564890045625,0.3077498954555111,0.24800000000000008,0.20199999999999996
2,BR(PL2),0.10390883447666345,0.43960370707043267,0.3008560385482486,0.24800000000000008,0.19199999999999995
3,BR(InL2),0.11502229747313691,0.46702337467910965,0.31550906469285966,0.26,0.20599999999999993
4,BR(Hiemstra_LM),0.16143845537136203,0.6098754174698443,0.3709657202121521,0.32799999999999996,0.26199999999999996
