,name,map,recip_rank,ndcg,P_5,P_10
0,BR(TF_IDF),0.09228788644986291,0.457051824481361,0.2716629583807244,0.20800000000000002,0.15800000000000003
1,BR(BM25),0.09227721403180394,0.4477225702140939,0.2733929775714003,0.20800000000000002,0.162
2,BR(PL2),0.08606967088373015,0.4081871171165236,0.25977834182452275,0.20000000000000004,0.158
3,BR(InL2),0.09753933189740882,0.4935134423813619,0.2804654974977652,0.22000000000000003,0.166
4,BR(Hiemstra_LM),0.14601853417564656,0.5617707297285075,0.3453547679131644,0.31599999999999995,0.23199999999999993
