,name,map,recip_rank,ndcg,P_5,P_10
0,BR(TF_IDF),0.12861099303521578,0.48939927271190603,0.336225196312121,0.28800000000000003,0.20999999999999996
1,BR(BM25),0.12722300812085252,0.4834319144588629,0.33509166799041173,0.28400000000000003,0.20599999999999993
2,BR(PL2),0.12474557520950048,0.48170280108503954,0.33239763344617346,0.276,0.20399999999999996
3,BR(InL2),0.13222718697529437,0.5028404842503575,0.3403197266336605,0.3,0.21599999999999997
4,BR(Hiemstra_LM),0.16933812672483614,0.6355592581807794,0.3842700368443488,0.352,0.262
