,name,map,recip_rank,ndcg,P_5,P_10
0,BR(TF_IDF),0.12515951606108852,0.4795174446658966,0.32314998088477187,0.27199999999999996,0.204
1,BR(BM25),0.12319604202090041,0.47823348495634166,0.32152012883159065,0.264,0.19799999999999998
2,BR(PL2),0.12357466237298509,0.4782575930623918,0.32141461946572286,0.26799999999999996,0.204
3,BR(InL2),0.1294987111625453,0.48941226843684144,0.32773296152457,0.27599999999999997,0.212
4,BR(Hiemstra_LM),0.16555001679943104,0.6405141546464594,0.37030634116448113,0.3439999999999999,0.242
