,name,map,recip_rank,ndcg,P_5,P_10
0,BR(TF_IDF),0.12341797807559354,0.48630210037473554,0.3226763605696254,0.276,0.19999999999999996
1,BR(BM25),0.12353143585058263,0.49302509580187825,0.32335124381267016,0.276,0.19599999999999995
2,BR(PL2),0.12139723083484454,0.4821373049346699,0.32029879316475884,0.268,0.19999999999999996
3,BR(InL2),0.13087876811992863,0.5115992654123872,0.3308490188697783,0.288,0.20999999999999996
4,BR(Hiemstra_LM),0.16441171070342142,0.6366664914811139,0.3698010202392825,0.348,0.24799999999999994
