,name,map,recip_rank,ndcg,P_5,P_10
0,BR(TF_IDF),0.1055582315390165,0.45482957215699094,0.2961921569424702,0.248,0.1979999999999999
1,BR(BM25),0.10504712424675418,0.4583008528058528,0.2961250037568322,0.248,0.1959999999999999
2,BR(PL2),0.10148038215573348,0.45186800206282773,0.29120597359684347,0.244,0.184
3,BR(InL2),0.11080545137407218,0.46520733123530716,0.3025096330464966,0.24799999999999997,0.20599999999999993
4,BR(Hiemstra_LM),0.1572856015605228,0.6115879687499309,0.3568088157147675,0.324,0.25399999999999995
