,name,map,recip_rank,ndcg,P_5,P_10
0,BR(TF_IDF),0.10578018172861642,0.45162361377964116,0.3016816213327305,0.248,0.20199999999999996
1,BR(BM25),0.10530516732023885,0.4417100415917395,0.3009508562501145,0.252,0.19799999999999998
2,BR(PL2),0.10234209150904466,0.44966634525895444,0.29779336214822366,0.248,0.18799999999999997
3,BR(InL2),0.11261022940706931,0.46400166765435763,0.30889526540403756,0.256,0.20799999999999993
4,BR(Hiemstra_LM),0.15723646143069864,0.6162491393862325,0.3614666330825363,0.31999999999999995,0.2539999999999999
