,name,map,recip_rank,ndcg,P_5,P_10
0,BR(TF_IDF),0.09237417458647566,0.42925536205597375,0.2670029450610531,0.21600000000000003,0.17199999999999996
1,BR(BM25),0.09176391857763141,0.42988001426848776,0.2678190487988535,0.22399999999999998,0.17
2,BR(PL2),0.09050027921714722,0.4256779968177439,0.26341234144200926,0.22400000000000003,0.162
3,BR(InL2),0.09534759241393101,0.43617756037231886,0.2737689584779878,0.22,0.182
4,BR(Hiemstra_LM),0.14021786711980216,0.5290857200184601,0.3305023095235366,0.31599999999999995,0.23
