,name,map,recip_rank,ndcg,P_5,P_10
0,BR(TF_IDF),0.12049128892821187,0.5002161536270654,0.32156810034476385,0.28800000000000003,0.206
1,BR(BM25),0.11933859080765818,0.49520548317270424,0.320331768595743,0.28800000000000003,0.20199999999999999
2,BR(PL2),0.11632956261997919,0.4884362465622681,0.3173648726774416,0.28,0.20199999999999996
3,BR(InL2),0.1251096554516674,0.5212959616904279,0.32689192756148194,0.28,0.21199999999999997
4,BR(Hiemstra_LM),0.1622772924066674,0.6555980656783464,0.36988459161386167,0.33999999999999986,0.24999999999999997
