,name,map,recip_rank,ndcg,P_5,P_10
0,BR(TF_IDF),0.10523487049324125,0.44717608741103454,0.28819323126009716,0.244,0.18999999999999997
1,BR(BM25),0.10503100971819754,0.44578677206468653,0.2888682722758455,0.244,0.19199999999999992
2,BR(PL2),0.1004597682834188,0.42492344369965773,0.28051872865411687,0.244,0.18599999999999997
3,BR(InL2),0.11033801901240013,0.4505569034156883,0.29418352109552154,0.25600000000000006,0.19799999999999993
4,BR(Hiemstra_LM),0.15620789236941707,0.6030381235419169,0.35255158784165724,0.32799999999999996,0.24599999999999997
