,name,map,recip_rank,ndcg,P_5,P_10
0,BR(TF_IDF),0.11911667726639884,0.466642568362911,0.31070724115977394,0.248,0.19400000000000003
1,BR(BM25),0.11812705081942763,0.4634951912818629,0.3098024572079881,0.24400000000000002,0.19200000000000003
2,BR(PL2),0.11714383162724554,0.46013845185791796,0.30875673862781516,0.24000000000000005,0.19000000000000003
3,BR(InL2),0.12292099816799854,0.4815412353716065,0.31544359331287397,0.26,0.20400000000000001
4,BR(Hiemstra_LM),0.1522285228446634,0.5916500900298314,0.34763473593233835,0.304,0.23800000000000002
