,name,map,recip_rank,ndcg,P_5,P_10
0,BR(TF_IDF),0.09961444445304345,0.45569477768281813,0.27875118092716233,0.23600000000000002,0.1819999999999999
1,BR(BM25),0.09934280942399214,0.4555895111111933,0.279327721857366,0.23199999999999998,0.17799999999999996
2,BR(PL2),0.09674429851095794,0.4423523196965749,0.27415400586838123,0.23600000000000002,0.176
3,BR(InL2),0.10394603367708612,0.462636060552974,0.28480596617616316,0.24800000000000005,0.18799999999999994
4,BR(Hiemstra_LM),0.14392312965628612,0.5519157542917509,0.33668188456837334,0.3239999999999999,0.23799999999999993
