,name,map,recip_rank,ndcg,P_5,P_10
0,BR(TF_IDF),0.1119263803983436,0.4709222798748956,0.3098734350982708,0.25600000000000006,0.2039999999999999
1,BR(BM25),0.11111834239733712,0.4584882247999107,0.30865998403718264,0.25600000000000006,0.19999999999999996
2,BR(PL2),0.10867338998089025,0.45936458362414107,0.30576944974949394,0.24800000000000005,0.19599999999999995
3,BR(InL2),0.11905217418484533,0.48182073530185776,0.3177180870877612,0.256,0.214
4,BR(Hiemstra_LM),0.15942198864744517,0.63530808888775,0.36553520761868824,0.33599999999999997,0.2579999999999999
