,name,map,recip_rank,ndcg,P_5,P_10
0,BR(TF_IDF),0.11630192702948326,0.46708773662093017,0.289628268329934,0.23200000000000004,0.192
1,BR(BM25),0.11534151915389891,0.46706526928317055,0.28876865357666337,0.22800000000000004,0.19
2,BR(PL2),0.11529921672420466,0.46388628253761843,0.28862329768301065,0.22800000000000004,0.192
3,BR(InL2),0.11924178323213137,0.48147552564090135,0.293861976125671,0.23600000000000004,0.19599999999999998
4,BR(Hiemstra_LM),0.13815278889415347,0.5398556739458817,0.3153727360246022,0.268,0.22000000000000003
