,name,map,recip_rank,ndcg,P_5,P_10
0,BR(TF_IDF),0.09579253280894466,0.4158190150216308,0.2639009278498494,0.22399999999999998,0.16999999999999993
1,BR(BM25),0.09538321329265873,0.41828670313929417,0.2646388554373818,0.21999999999999997,0.16599999999999995
2,BR(PL2),0.09017235124036917,0.3887881760238473,0.2548097058542109,0.22399999999999998,0.16599999999999995
3,BR(InL2),0.10079920636568479,0.4336985489844314,0.2705626491426656,0.236,0.17599999999999993
4,BR(Hiemstra_LM),0.13677028917165343,0.539235064878001,0.3180546103264549,0.3039999999999999,0.21999999999999997
