,name,map,recip_rank,ndcg,P_5,P_10
0,BR(TF_IDF),0.11550506530992902,0.47841398387754736,0.29749374139709484,0.25999999999999995,0.18399999999999994
1,BR(BM25),0.11493107252849764,0.47843574139293354,0.2970887971034149,0.25599999999999995,0.17999999999999997
2,BR(PL2),0.11377625274833832,0.4795364822674869,0.2959083122615665,0.25199999999999995,0.18399999999999994
3,BR(InL2),0.12027892208065277,0.4782036570829005,0.30209368608524556,0.27199999999999996,0.18799999999999994
4,BR(Hiemstra_LM),0.14868090497408107,0.5775584979969098,0.335738496723655,0.31199999999999994,0.22599999999999995
