,name,map,recip_rank,ndcg,P_5,P_10
0,BR(TF_IDF),0.12069094341881403,0.478081518433007,0.3006034559081046,0.25599999999999995,0.19999999999999993
1,BR(BM25),0.11960312029687536,0.477904938615738,0.2998269743828553,0.25199999999999995,0.19599999999999995
2,BR(PL2),0.11957329829810065,0.47712418129968337,0.2991734775555684,0.25599999999999995,0.19799999999999993
3,BR(InL2),0.12353763222838866,0.47744392314435147,0.3037602791997407,0.27599999999999997,0.20799999999999996
4,BR(Hiemstra_LM),0.1505810082772142,0.5829419985419986,0.3370392454595211,0.312,0.228
