,name,map,recip_rank,ndcg,P_5,P_10
0,BR(TF_IDF),0.11641200496104828,0.47343143130169807,0.278746965353163,0.236,0.18799999999999997
1,BR(BM25),0.11625293870940681,0.4850349522620748,0.2794469275202111,0.236,0.184
2,BR(PL2),0.11525597276654205,0.47486804973000213,0.2779863372452896,0.23199999999999998,0.182
3,BR(InL2),0.11881279598021038,0.48007421073448037,0.2815383372802564,0.248,0.19999999999999996
4,BR(Hiemstra_LM),0.13287144319195307,0.4898002934816069,0.29517146013230405,0.28,0.222
