,name,map,recip_rank,ndcg,P_5,P_10
0,BR(TF_IDF),0.09640035319202074,0.40506127370998324,0.2739568022844558,0.22000000000000003,0.17799999999999996
1,BR(BM25),0.09627810368239827,0.4083928325521991,0.27450636015274477,0.22400000000000003,0.17799999999999996
2,BR(PL2),0.09220061714631866,0.4051872282703468,0.26951076974668947,0.22,0.16199999999999995
3,BR(InL2),0.10432143130229787,0.41898014626561936,0.28194324272533616,0.2479999999999999,0.19199999999999995
4,BR(Hiemstra_LM),0.14149892504469724,0.5710846117096993,0.328648086845476,0.2999999999999999,0.23199999999999996
