,name,map,recip_rank,ndcg,P_5,P_10
0,BR(TF_IDF),0.11182876333192875,0.448643621133649,0.27847928503819946,0.21600000000000005,0.19
1,BR(BM25),0.11170211761545769,0.45977181554013585,0.279129520339768,0.22000000000000008,0.18599999999999997
2,BR(PL2),0.11121663252789964,0.4553274735398391,0.27888981355680575,0.21600000000000005,0.184
3,BR(InL2),0.11568910627298637,0.4670073907042497,0.2835805256544528,0.22800000000000004,0.192
4,BR(Hiemstra_LM),0.13438612169211828,0.5306569608617714,0.3052489767175805,0.26400000000000007,0.20600000000000002
