,name,map,recip_rank,ndcg,P_5,P_10
0,BR(TF_IDF),0.10838789057139392,0.47191833188998294,0.29243897895160964,0.25999999999999995,0.1819999999999999
1,BR(BM25),0.10796471168977308,0.48097758579647737,0.29293570345481923,0.25999999999999995,0.17999999999999994
2,BR(PL2),0.10722436230729125,0.4811728488918966,0.2917264382828966,0.25599999999999995,0.17799999999999994
3,BR(InL2),0.11317505648252629,0.4851853657364128,0.29791458763006506,0.26799999999999996,0.1979999999999999
4,BR(Hiemstra_LM),0.14769214357436616,0.6137326183887436,0.33859203538474314,0.3199999999999999,0.23199999999999993
