,name,map,recip_rank,ndcg,P_5,P_10
0,BR(TF_IDF),0.09439555516016185,0.40698153189456077,0.2676782308269648,0.23199999999999998,0.18399999999999994
1,BR(BM25),0.09412867454055947,0.41446186557666725,0.26822938466826357,0.236,0.18399999999999994
2,BR(PL2),0.09011780766899,0.4055694653003282,0.26268846824246966,0.22400000000000003,0.17199999999999993
3,BR(InL2),0.1013616794674439,0.4169344060007365,0.27688253817043335,0.23999999999999994,0.18999999999999992
4,BR(Hiemstra_LM),0.14186630688040905,0.5675525798009564,0.32665551148119726,0.31199999999999994,0.23799999999999993
