,name,map,recip_rank,ndcg,P_5,P_10
0,BR(TF_IDF),0.0812197127069275,0.3878865533368396,0.24154220678907354,0.18399999999999994,0.146
1,BR(BM25),0.08124933441031232,0.39035646269816937,0.24259344202976066,0.192,0.13999999999999999
2,BR(PL2),0.07822519798838527,0.3715516224080401,0.2346115527957944,0.176,0.14
3,BR(InL2),0.08239238116178749,0.3809107962038537,0.24457147416163746,0.184,0.15599999999999997
4,BR(Hiemstra_LM),0.11759389203231445,0.4635241452802898,0.29360830131698196,0.28,0.19799999999999998
