,name,map,recip_rank,ndcg,P_5,P_10
0,BR(TF_IDF),0.08855810614490711,0.3926372192306518,0.25197337678034976,0.21599999999999997,0.15599999999999997
1,BR(BM25),0.08908317006647531,0.4017806966839173,0.25350666710533143,0.212,0.152
2,BR(PL2),0.08668891166736482,0.383302170812447,0.24736396394333127,0.21599999999999997,0.15000000000000002
3,BR(InL2),0.0924931074890309,0.41142353721621056,0.2578758367636164,0.212,0.17199999999999996
4,BR(Hiemstra_LM),0.12323356986584388,0.48317706327364535,0.30048860008202727,0.2919999999999999,0.21599999999999994
