,name,map,recip_rank,ndcg,P_5,P_10
0,BR(TF_IDF),0.11714323191514753,0.4759931555928856,0.29485627973774586,0.24400000000000002,0.18999999999999997
1,BR(BM25),0.11643799010879778,0.48040827966740224,0.2946441785031027,0.24400000000000002,0.18399999999999994
2,BR(PL2),0.11603075853339392,0.4747144861462257,0.29316220939706633,0.24400000000000002,0.18399999999999994
3,BR(InL2),0.12060898138895623,0.48174278219598465,0.29904934533355443,0.252,0.19399999999999995
4,BR(Hiemstra_LM),0.14432419512119082,0.5720575429430137,0.32758847832584764,0.29600000000000004,0.22399999999999998
