,name,map,recip_rank,ndcg,P_5,P_10
0,BR(TF_IDF),0.08626436202569748,0.39403874495258956,0.24357251721588608,0.196,0.146
1,BR(BM25),0.08578379555825738,0.4003629227223911,0.24366612077811894,0.196,0.14399999999999996
2,BR(PL2),0.08346103897832671,0.38415413823333616,0.23788545905655248,0.196,0.144
3,BR(InL2),0.08841950416846903,0.3996825650089111,0.24770828781309218,0.204,0.156
4,BR(Hiemstra_LM),0.11775417295904642,0.4839026703147764,0.2888867131966415,0.26799999999999996,0.20199999999999996
