,name,map,recip_rank,ndcg,P_5,P_10
0,BR(TF_IDF),0.08951977546717388,0.4100233855089763,0.2574948132351473,0.212,0.17199999999999993
1,BR(BM25),0.08861731402010654,0.41078667819995573,0.2568537969253113,0.212,0.16999999999999993
2,BR(PL2),0.08627077983073765,0.4078811992726916,0.2528485003633036,0.20000000000000004,0.16399999999999995
3,BR(InL2),0.09575295947791117,0.4142970327832364,0.2649591156037934,0.22799999999999998,0.1759999999999999
4,BR(Hiemstra_LM),0.13367041336694502,0.572620093402123,0.31342253724029523,0.27999999999999997,0.21799999999999997
