,name,map,recip_rank,ndcg,P_5,P_10
0,BR(TF_IDF),0.10917445275493036,0.4291382105344508,0.26748271021606956,0.204,0.18399999999999994
1,BR(BM25),0.1087594919102829,0.437389434567659,0.26759101111712896,0.204,0.17599999999999993
2,BR(PL2),0.10744525393419158,0.4365655374419418,0.26698499553862387,0.20800000000000002,0.17799999999999996
3,BR(InL2),0.11159278509356385,0.4314153598557178,0.2703650908546169,0.22,0.192
4,BR(Hiemstra_LM),0.12878979778455726,0.5042286632979434,0.29093144140549126,0.256,0.206
