,name,map,recip_rank,ndcg,P_5,P_10
0,BR(TF_IDF),0.11302311292580743,0.4440193121167765,0.2779358299962811,0.22,0.19399999999999998
1,BR(BM25),0.11273237113532814,0.44564385028930226,0.2778130424518489,0.22399999999999998,0.192
2,BR(PL2),0.11138822833164384,0.4521452211187505,0.2776804312144787,0.22399999999999998,0.19
3,BR(InL2),0.11560278641800519,0.46276285350850316,0.281883503960384,0.23199999999999998,0.20200000000000004
4,BR(Hiemstra_LM),0.1326563175535216,0.5172387036767843,0.3012498878379579,0.264,0.21600000000000003
