,name,map,recip_rank,ndcg,P_5,P_10
0,BR(TF_IDF),0.11076610213749494,0.4500053214793823,0.265293757522842,0.21999999999999997,0.18599999999999994
1,BR(BM25),0.1109211858651818,0.4531911291357782,0.2655714662214885,0.21999999999999997,0.18399999999999994
2,BR(PL2),0.11210088434555923,0.46323626595918677,0.2676010417442327,0.22399999999999998,0.18399999999999994
3,BR(InL2),0.11364103445366341,0.456586991755578,0.2684339992651589,0.21999999999999997,0.19599999999999995
4,BR(Hiemstra_LM),0.12565310544582467,0.46425625051454167,0.27973525369879415,0.26799999999999996,0.212
