,name,map,recip_rank,ndcg,P_5,P_10
0,BR(TF_IDF),0.11479791861420552,0.47048403491935775,0.2877441439492438,0.25599999999999995,0.18999999999999997
1,BR(BM25),0.11428491281616872,0.46872243501691274,0.28712774661635576,0.25199999999999995,0.18599999999999997
2,BR(PL2),0.11193687640173898,0.4681208960430632,0.2848923496226007,0.24799999999999994,0.18599999999999994
3,BR(InL2),0.11665609958389263,0.4756318932342413,0.2906841026691504,0.25999999999999995,0.18799999999999994
4,BR(Hiemstra_LM),0.14269466836045447,0.561216017509537,0.32124755170564945,0.28800000000000003,0.22599999999999998
