,name,map,recip_rank,ndcg,P_5,P_10
0,BR(TF_IDF),0.11231278633470262,0.45619119200127606,0.28186069473959735,0.23999999999999996,0.19199999999999995
1,BR(BM25),0.11200867366847271,0.45559572061766906,0.2813106351088738,0.23199999999999998,0.18799999999999997
2,BR(PL2),0.11100840107366024,0.45596847072184027,0.28046182206024706,0.236,0.18999999999999997
3,BR(InL2),0.1155208994485017,0.45918210332028425,0.285774411637305,0.25599999999999995,0.19800000000000004
4,BR(Hiemstra_LM),0.13731424839689588,0.5370909857952652,0.31102412880701175,0.284,0.21599999999999997
