,name,map,recip_rank,ndcg,P_5,P_10
0,BR(TF_IDF),0.10405475136372201,0.4824254135259849,0.2828424679733196,0.264,0.17799999999999994
1,BR(BM25),0.10561498325305052,0.5106166731944367,0.2863235145283407,0.264,0.17399999999999996
2,BR(PL2),0.10251430559659794,0.48780721734848353,0.2814911767017909,0.252,0.17199999999999996
3,BR(InL2),0.11010793795628629,0.5163348251006061,0.29062407961863435,0.26,0.18599999999999992
4,BR(Hiemstra_LM),0.14063872443629447,0.6006664433943719,0.32458293896760393,0.292,0.22399999999999992
