,name,map,recip_rank,ndcg,P_5,P_10
0,BR(TF_IDF),0.07231181636341855,0.38246893806611126,0.22097760528519095,0.16400000000000003,0.13
1,BR(BM25),0.07551431599283083,0.41168052115143583,0.22689927796609294,0.168,0.134
2,BR(PL2),0.07215632305482358,0.377970023944223,0.2177206563035311,0.16400000000000003,0.126
3,BR(InL2),0.07608823010377862,0.39881657599435427,0.2267849792039672,0.184,0.138
4,BR(Hiemstra_LM),0.11490841577066059,0.4780068196480165,0.28477927226623123,0.26399999999999996,0.18999999999999992
