,name,map,recip_rank,ndcg,P_5,P_10
0,BR(TF_IDF),0.10912048390473758,0.4369251928682836,0.26500076176039294,0.21599999999999997,0.18399999999999994
1,BR(BM25),0.1091007225347739,0.4485297120767215,0.2658243834382774,0.21599999999999997,0.17599999999999993
2,BR(PL2),0.10764332791501427,0.43840880689690725,0.2636814403341315,0.20800000000000002,0.17199999999999996
3,BR(InL2),0.11126721945182844,0.44755406644292184,0.26815243965416274,0.22799999999999998,0.18999999999999992
4,BR(Hiemstra_LM),0.12650289378886556,0.4756346936517215,0.28386562202314136,0.264,0.206
