,name,map,recip_rank,ndcg,P_5,P_10
0,BR(TF_IDF),0.07919440542877924,0.38950747816505216,0.23366861958204652,0.188,0.138
1,BR(BM25),0.07869391447728895,0.39190633840458555,0.234563978394499,0.188,0.13799999999999998
2,BR(PL2),0.07629259427157695,0.3747596993568101,0.2283244124936546,0.172,0.136
3,BR(InL2),0.08061717982279458,0.3850333068365155,0.23723321902507016,0.19599999999999998,0.14200000000000002
4,BR(Hiemstra_LM),0.11297277827708158,0.46105274413975755,0.28340528644895513,0.264,0.18999999999999992
