,name,map,recip_rank,ndcg,P_5,P_10
0,BR(TF_IDF),0.09457835403581036,0.43302310354498535,0.2699575603420559,0.23199999999999996,0.1739999999999999
1,BR(BM25),0.09419726642459991,0.44326971757253836,0.27041783018988463,0.236,0.16999999999999993
2,BR(PL2),0.09367679141654645,0.44014384459078054,0.2692745188458543,0.23199999999999996,0.17199999999999993
3,BR(InL2),0.09979596247456833,0.4416454858289509,0.2753888766532335,0.24400000000000002,0.18599999999999994
4,BR(Hiemstra_LM),0.13557293330830977,0.5787370894685536,0.31935554754839385,0.288,0.2299999999999999
