,name,map,recip_rank,ndcg,P_5,P_10
0,BR(TF_IDF),0.0921905572875907,0.42248464067495806,0.25471884141645157,0.20000000000000004,0.16799999999999993
1,BR(BM25),0.09208815498278712,0.4275112019877863,0.2558901725085233,0.196,0.16399999999999995
2,BR(PL2),0.08663520076388616,0.4005333114088292,0.24744766066659654,0.20000000000000004,0.16199999999999995
3,BR(InL2),0.09472397534478301,0.4184673525520939,0.25763275985045075,0.21199999999999997,0.16799999999999993
4,BR(Hiemstra_LM),0.1309528277967425,0.5460047483933096,0.30665371894701055,0.27599999999999997,0.20999999999999996
