,name,map,recip_rank,ndcg,P_5,P_10
0,BR(TF_IDF),0.14510473240792202,0.5832752551962364,0.37927626760732375,0.2719999999999998,0.2419999999999999
1,BR(BM25),0.14639822624092352,0.602818022462174,0.3833420998432571,0.27599999999999975,0.24599999999999994
2,BR(PL2),0.14112221902635727,0.5854703029148017,0.3728683422756648,0.27999999999999975,0.2359999999999999
3,BR(InL2),0.15265503056566432,0.5914869379589414,0.3904160010051225,0.2879999999999999,0.256
4,BR(Hiemstra_LM),0.20022881676853108,0.6882304452450418,0.4527467930938876,0.4039999999999999,0.31200000000000006
