,name,map,recip_rank,ndcg,P_5,P_10
0,BR(TF_IDF),0.14932998253660418,0.5870941444462473,0.38745131817135686,0.32399999999999984,0.25
1,BR(BM25),0.15064010981273684,0.5992894378750672,0.39107289901576847,0.31999999999999984,0.24999999999999997
2,BR(PL2),0.1420288654214677,0.5812763914844612,0.37807769385007367,0.3119999999999998,0.24
3,BR(InL2),0.15590365171072817,0.5888440941906473,0.3979930944208829,0.35599999999999987,0.262
4,BR(Hiemstra_LM),0.21288648255650597,0.7625408634401631,0.4780779387199896,0.4079999999999999,0.32799999999999996
