,name,map,recip_rank,ndcg,P_5,P_10
0,BR(TF_IDF),0.1483353395477825,0.5776117706250462,0.3853186897968992,0.3039999999999998,0.24800000000000005
1,BR(BM25),0.14962568366353404,0.5885096257747908,0.3882991937470458,0.3079999999999998,0.25
2,BR(PL2),0.14144478218318676,0.5597089467069014,0.3751490268954109,0.29199999999999987,0.22999999999999995
3,BR(InL2),0.15698396316747773,0.584712936777275,0.39692241684146123,0.3439999999999999,0.26
4,BR(Hiemstra_LM),0.21421065675389298,0.7743313469548001,0.47588742924594696,0.4039999999999999,0.32199999999999995
