,name,map,recip_rank,ndcg,P_5,P_10
0,BR(TF_IDF),0.14195954533581917,0.5511084551716625,0.3741969082684367,0.2959999999999998,0.23799999999999993
1,BR(BM25),0.14378928103344316,0.5726101620054589,0.37768002790322447,0.29999999999999977,0.24399999999999994
2,BR(PL2),0.13758430981334124,0.559611168418145,0.36613451441000144,0.27999999999999986,0.2279999999999999
3,BR(InL2),0.14706332248260762,0.546867908541349,0.38224642090797967,0.3039999999999998,0.25000000000000006
4,BR(Hiemstra_LM),0.1988935162935797,0.6783937785640571,0.4503322721408918,0.4079999999999999,0.31200000000000006
