,name,map,recip_rank,ndcg,P_5,P_10
0,BR(TF_IDF),0.1356229340504557,0.5707550134436559,0.3603688842318556,0.292,0.22399999999999998
1,BR(BM25),0.13786309218144063,0.5644946903544641,0.3636225484613675,0.284,0.22
2,BR(PL2),0.1288909670309606,0.550103658531066,0.34901834584790875,0.28,0.21199999999999997
3,BR(InL2),0.14599477211417494,0.5906892527276885,0.37480362176056864,0.29599999999999993,0.23
4,BR(Hiemstra_LM),0.20460779137648455,0.7694071111401964,0.4542721155681964,0.3999999999999999,0.30599999999999994
