,name,map,recip_rank,ndcg,P_5,P_10
0,BR(TF_IDF),0.1556983704305716,0.5785134180181837,0.39858774877978465,0.31199999999999983,0.262
1,BR(BM25),0.15838645478474528,0.5913070064158428,0.40341427206140795,0.31599999999999984,0.264
2,BR(PL2),0.15055805519083823,0.5718164344085672,0.3911112338983606,0.31199999999999983,0.24999999999999992
3,BR(InL2),0.16469252460025507,0.5921805604806569,0.4114843743221458,0.33999999999999986,0.268
4,BR(Hiemstra_LM),0.21438448498351967,0.7444659412391716,0.4799295129481086,0.43199999999999994,0.332
