,name,map,recip_rank,ndcg,P_5,P_10
0,BR(TF_IDF),0.15467175273847464,0.5899383135425177,0.3960105176447675,0.32799999999999985,0.26600000000000007
1,BR(BM25),0.15628625250856715,0.6025091075429347,0.3988329440791171,0.33599999999999974,0.27
2,BR(PL2),0.1458753943811416,0.5666543483585544,0.38352144106603825,0.3199999999999998,0.26
3,BR(InL2),0.16229207514621138,0.6167496783231237,0.40868008626807084,0.3479999999999998,0.272
4,BR(Hiemstra_LM),0.2146288821570042,0.7642291021671828,0.47982019446063817,0.40399999999999986,0.33399999999999996
