,name,map,recip_rank,ndcg,P_5,P_10
0,BR(TF_IDF),0.15240033413938195,0.5658045223241076,0.3965278730311715,0.31999999999999984,0.262
1,BR(BM25),0.15583402050107076,0.6006411265867787,0.4023856277492614,0.32399999999999984,0.27
2,BR(PL2),0.1483616166862302,0.5703757414621461,0.3894810835555051,0.31599999999999984,0.252
3,BR(InL2),0.16295630211822573,0.6143320835265949,0.4139149881088718,0.34399999999999986,0.266
4,BR(Hiemstra_LM),0.21578083351017618,0.7585572623514697,0.4843481270382054,0.4279999999999999,0.332
