,name,map,recip_rank,ndcg,P_5,P_10
0,BR(TF_IDF),0.15154921052874695,0.5698159254916484,0.3933686995552494,0.3079999999999998,0.252
1,BR(BM25),0.1530043011086205,0.5721121585535777,0.3960610036274247,0.3119999999999998,0.25399999999999995
2,BR(PL2),0.14603782501544474,0.562972550409276,0.3853417722353161,0.2999999999999997,0.2459999999999999
3,BR(InL2),0.1595787146293471,0.5883269230365561,0.4066043665280275,0.32399999999999984,0.264
4,BR(Hiemstra_LM),0.2098619478656254,0.727880966570553,0.4747076385425843,0.428,0.322
