,name,map,recip_rank,ndcg,P_5,P_10
0,BR(TF_IDF),0.1554347950119907,0.5930904033795114,0.4004009654065949,0.3359999999999998,0.264
1,BR(BM25),0.15810009811279996,0.6166015788079501,0.4049299314728067,0.3279999999999999,0.27
2,BR(PL2),0.14903839535029545,0.5809268407627292,0.3893426243124026,0.32399999999999984,0.258
3,BR(InL2),0.1634446321235746,0.6179910361232629,0.41317060175219333,0.3519999999999998,0.26799999999999996
4,BR(Hiemstra_LM),0.21658839991261178,0.7637147727113563,0.4852070799132686,0.42399999999999993,0.34
