,name,map,recip_rank,ndcg,P_5,P_10
0,BR(TF_IDF),0.14707231751105818,0.5838419259211647,0.38706876480467656,0.27599999999999975,0.244
1,BR(BM25),0.14804305297895407,0.5995467431386028,0.39062983138607577,0.2839999999999998,0.24399999999999994
2,BR(PL2),0.14241720608814623,0.5774768685807175,0.3783499972370844,0.27999999999999975,0.23599999999999993
3,BR(InL2),0.1535204236271569,0.5871231256795291,0.3982338036145967,0.2959999999999998,0.258
4,BR(Hiemstra_LM),0.20272329040199438,0.6914028784161697,0.4615773510342148,0.4039999999999999,0.314
