,name,map,recip_rank,ndcg,P_5,P_10
0,BR(TF_IDF),0.14359174128754704,0.5748264035761315,0.3771685978619713,0.2879999999999998,0.23999999999999994
1,BR(BM25),0.14520670554040466,0.5967221118830548,0.38132498020517663,0.2879999999999998,0.24599999999999994
2,BR(PL2),0.13882663457835387,0.5753441466633266,0.3694804033387647,0.2879999999999998,0.2279999999999999
3,BR(InL2),0.14989973078644897,0.5729400672401133,0.38726868669423886,0.2999999999999999,0.252
4,BR(Hiemstra_LM),0.20023234499685746,0.6705832253984468,0.45122252581735905,0.41600000000000004,0.31000000000000005
