,name,map,recip_rank,ndcg,P_5,P_10
0,BR(TF_IDF),0.14135664116790675,0.5857955388459298,0.371791671650712,0.3079999999999999,0.2339999999999999
1,BR(BM25),0.14258781014112998,0.5798507327471054,0.37352726583876766,0.3079999999999999,0.23799999999999993
2,BR(PL2),0.13482284589948834,0.5688822219951174,0.3625465231361998,0.2999999999999999,0.22199999999999992
3,BR(InL2),0.15018806361913348,0.599249728793191,0.38356153664297565,0.31999999999999984,0.24599999999999997
4,BR(Hiemstra_LM),0.20783450035723142,0.7758497842052678,0.4612180350464739,0.41199999999999987,0.31199999999999994
