,name,map,recip_rank,ndcg,P_5,P_10
0,BR(TF_IDF),0.15180687669237072,0.6031255459768379,0.39076607909094513,0.3119999999999999,0.25000000000000006
1,BR(BM25),0.15393149534979422,0.6097580272748528,0.39471432276657675,0.3239999999999999,0.25000000000000006
2,BR(PL2),0.14496974915557487,0.5997962049737889,0.38179250740046244,0.2959999999999998,0.23399999999999999
3,BR(InL2),0.16333909769110677,0.6253924080743639,0.40514844482995366,0.348,0.258
4,BR(Hiemstra_LM),0.21676703588303556,0.7751249752529684,0.47952841283263675,0.4159999999999999,0.32799999999999996
