,name,map,recip_rank,ndcg,P_5,P_10
0,BR(TF_IDF),0.15113754805298452,0.6127573866031584,0.39312021521552154,0.31999999999999984,0.254
1,BR(BM25),0.1528192099134059,0.6278963532298819,0.3963207905050627,0.32399999999999984,0.26
2,BR(PL2),0.14409262374339027,0.6008800837237722,0.38292205627383696,0.2999999999999998,0.24000000000000005
3,BR(InL2),0.15903445982350137,0.6154546230072366,0.40368749193994113,0.35599999999999987,0.264
4,BR(Hiemstra_LM),0.21488767461211128,0.7623213073981238,0.4799007020244062,0.41999999999999993,0.33
