,name,map,recip_rank,ndcg,P_5,P_10
0,BR(TF_IDF),0.14426215569947873,0.5717034127350711,0.37797702657754906,0.2919999999999998,0.23599999999999993
1,BR(BM25),0.1461463816192796,0.5967911948254386,0.3820052614151153,0.2959999999999998,0.24399999999999994
2,BR(PL2),0.1397423167978018,0.5700532293489874,0.37104715318753706,0.2759999999999998,0.2279999999999999
3,BR(InL2),0.15242837776549684,0.5854696957960486,0.39181893692978875,0.3079999999999999,0.252
4,BR(Hiemstra_LM),0.20060160924543463,0.6720856469449115,0.451845887996585,0.428,0.30800000000000005
