,name,map,recip_rank,ndcg,P_5,P_10
0,BR(TF_IDF),0.15427090773356567,0.6368950611531594,0.39376962791860187,0.3239999999999999,0.254
1,BR(BM25),0.15547183255034913,0.6317701904666685,0.3958780763505663,0.32399999999999984,0.256
2,BR(PL2),0.1467111638197765,0.6332620141326232,0.38311176927176616,0.3079999999999999,0.23399999999999996
3,BR(InL2),0.16255836448145863,0.628908598437826,0.4031784174895271,0.35199999999999987,0.26599999999999996
4,BR(Hiemstra_LM),0.21774901850951076,0.7769810548507479,0.4762795012801614,0.43199999999999994,0.31999999999999995
