,name,map,recip_rank,ndcg,P_5,P_10
0,BR(TF_IDF),0.12992343111757154,0.5551860824696859,0.353884182012165,0.27199999999999996,0.212
1,BR(BM25),0.1339514923053301,0.5725470095561798,0.3602826751925236,0.27999999999999997,0.21600000000000003
2,BR(PL2),0.12290009210846944,0.5355891484726278,0.3403156665207429,0.25199999999999995,0.2
3,BR(InL2),0.14184111889914294,0.5935905472715721,0.36965928856389413,0.304,0.22599999999999998
4,BR(Hiemstra_LM),0.20589656967375816,0.7860521699589278,0.45886256273383613,0.4159999999999999,0.31199999999999994
