,name,map,recip_rank,ndcg,P_5,P_10
0,BR(TF_IDF),0.15317232021683463,0.5789844588448283,0.3963212396477889,0.31999999999999984,0.254
1,BR(BM25),0.15418720662767027,0.5807420100620977,0.398882558750891,0.32399999999999984,0.25199999999999995
2,BR(PL2),0.14802004038055555,0.5823238699914112,0.3891722035156755,0.3079999999999998,0.24399999999999994
3,BR(InL2),0.16188825386493513,0.6073050271635987,0.41098940368458836,0.32399999999999984,0.26
4,BR(Hiemstra_LM),0.21064671261640214,0.7287721852786058,0.47500349692132254,0.424,0.32400000000000007
