,name,map,recip_rank,ndcg,P_5,P_10
0,BR(TF_IDF),0.15783520095389889,0.6097153643692587,0.401366522381239,0.32399999999999984,0.268
1,BR(BM25),0.15948612217008876,0.628268465652708,0.4044080436038695,0.32799999999999985,0.27
2,BR(PL2),0.14818057706070356,0.5790522921168102,0.3873280138116693,0.3159999999999998,0.25800000000000006
3,BR(InL2),0.16537156544449783,0.6249577496632154,0.4136168555462166,0.36399999999999993,0.27399999999999997
4,BR(Hiemstra_LM),0.21687764572276313,0.7640041338585611,0.4828230389629923,0.4199999999999999,0.336
