,name,map,recip_rank,ndcg,P_5,P_10
0,BR(TF_IDF),0.14630298574680972,0.5814903294052534,0.38155175646845163,0.2919999999999998,0.244
1,BR(BM25),0.14795865544561335,0.6032236800535598,0.3849091577605605,0.2879999999999998,0.24399999999999994
2,BR(PL2),0.14195965113658957,0.5718053990196044,0.37352243191611967,0.28399999999999975,0.2359999999999999
3,BR(InL2),0.15301259669215847,0.5897136986897366,0.3920982990001981,0.2959999999999999,0.252
4,BR(Hiemstra_LM),0.20057054209582784,0.6878282960682836,0.45348302894253306,0.412,0.31000000000000005
