,name,map,recip_rank,ndcg,P_5,P_10
0,BR(TF_IDF),0.15718563760062432,0.6031490000244597,0.40321405411610817,0.3319999999999998,0.264
1,BR(BM25),0.15886077334914567,0.6312755062598515,0.4074094666084383,0.3319999999999998,0.27
2,BR(PL2),0.15046786722231614,0.5907526100157139,0.39251399618490096,0.32399999999999984,0.252
3,BR(InL2),0.16612572230910183,0.6321348628488217,0.4161881863084386,0.3479999999999998,0.26999999999999996
4,BR(Hiemstra_LM),0.21827512634200513,0.7619634608673584,0.4860393964671268,0.43999999999999995,0.33799999999999997
