,name,map,recip_rank,ndcg,P_5,P_10
0,BR(TF_IDF),0.15460477826787572,0.5960189522753087,0.40063295147369493,0.3239999999999999,0.258
1,BR(BM25),0.158413214662518,0.6147756398752001,0.4068715900681385,0.33599999999999985,0.256
2,BR(PL2),0.15004557257721085,0.5855999671222974,0.3926381037998789,0.31599999999999984,0.25
3,BR(InL2),0.1651753269852862,0.6131269579233976,0.41645883738284506,0.33999999999999986,0.268
4,BR(Hiemstra_LM),0.2165118457059059,0.7574468491947001,0.4839067550521252,0.4279999999999999,0.332
