,name,map,recip_rank,ndcg,P_5,P_10
0,BR(TF_IDF),0.1562486580202359,0.5929511414973949,0.40414853648601384,0.30399999999999977,0.26199999999999996
1,BR(BM25),0.1569183698990442,0.5938723893267165,0.40482926258598334,0.2959999999999998,0.26399999999999996
2,BR(PL2),0.14857844504152667,0.5758627272816702,0.39381730101099066,0.2879999999999998,0.24999999999999992
3,BR(InL2),0.16380078586418934,0.6016166962079624,0.4144492368246926,0.3119999999999999,0.272
4,BR(Hiemstra_LM),0.21013238479104307,0.6730924481139222,0.4700362737224352,0.4200000000000001,0.32400000000000007
