,name,map,recip_rank,ndcg,P_5,P_10
0,BR(TF_IDF),0.16543820789867955,0.6241374233552913,0.4208197061795794,0.34399999999999986,0.28
1,BR(BM25),0.16885770749606596,0.6417302262682234,0.4258180726658206,0.35599999999999987,0.27799999999999997
2,BR(PL2),0.15649616535598582,0.5930423735896885,0.4080542458304828,0.3439999999999999,0.26599999999999996
3,BR(InL2),0.17636407203057058,0.6617313222402909,0.4358890555610605,0.3599999999999999,0.288
4,BR(Hiemstra_LM),0.22796615619429844,0.7629088200779663,0.49729765567120077,0.44799999999999995,0.34800000000000003
