,name,map,recip_rank,ndcg,P_5,P_10
0,BR(TF_IDF),0.16706228844784604,0.6347975008839376,0.42074378161409265,0.3599999999999999,0.284
1,BR(BM25),0.16878981504328214,0.6368815247252748,0.42177850407568734,0.3599999999999999,0.284
2,BR(PL2),0.155004129304855,0.590893468594595,0.4043489461816512,0.33999999999999986,0.27
3,BR(InL2),0.1774516928562367,0.6612884018662508,0.4346515830589683,0.3639999999999998,0.286
4,BR(Hiemstra_LM),0.22771716754156032,0.7684059056903603,0.4950758874362677,0.43599999999999994,0.3500000000000001
