,name,map,recip_rank,ndcg,P_5,P_10
0,BR(TF_IDF),0.16105184790357208,0.6415691150771905,0.4111762806346004,0.33999999999999986,0.268
1,BR(BM25),0.16297141936435242,0.6580609093252398,0.41507626515112933,0.3399999999999999,0.27199999999999996
2,BR(PL2),0.15034713600576252,0.6044710506338411,0.397558570891435,0.32399999999999984,0.25799999999999995
3,BR(InL2),0.16859807489648926,0.625136242554847,0.4215714816070369,0.3679999999999998,0.28600000000000003
4,BR(Hiemstra_LM),0.22272992632177213,0.7483398600033108,0.4888553515680264,0.436,0.33799999999999997
