,name,map,recip_rank,ndcg,P_5,P_10
0,BR(TF_IDF),0.1383122473349439,0.5888134873962182,0.3697935802922976,0.2719999999999999,0.22399999999999992
1,BR(BM25),0.14170424719551572,0.6063735744883086,0.3788478967843819,0.27999999999999997,0.23199999999999998
2,BR(PL2),0.13186652702928897,0.5681551851585869,0.35926746564738976,0.2639999999999999,0.20599999999999993
3,BR(InL2),0.15060201277414348,0.631935815256754,0.38984783426190134,0.29599999999999993,0.236
4,BR(Hiemstra_LM),0.21209768891644518,0.7620950831033899,0.46837142375630436,0.428,0.31599999999999995
