,name,map,recip_rank,ndcg,P_5,P_10
0,BR(TF_IDF),0.16572287378964895,0.5819048552191451,0.4162263320133723,0.3359999999999998,0.278
1,BR(BM25),0.16678063924783587,0.6006831501831501,0.41979657022377886,0.3359999999999998,0.28
2,BR(PL2),0.15528899851571748,0.557638223000118,0.40362513645183057,0.3319999999999998,0.25999999999999995
3,BR(InL2),0.17493989134323765,0.6166399199673807,0.4303434108798791,0.34399999999999975,0.296
4,BR(Hiemstra_LM),0.22303796693946876,0.726943788401737,0.48889673251714316,0.444,0.344
