,name,map,recip_rank,ndcg,P_5,P_10
0,BR(TF_IDF),0.1560895374629331,0.6487100373392409,0.40031367940652934,0.3159999999999999,0.25999999999999995
1,BR(BM25),0.1562105403556627,0.6430942286584168,0.4015760965764202,0.3159999999999999,0.2619999999999999
2,BR(PL2),0.14833366066465806,0.6193441390610661,0.3884190963712165,0.3119999999999999,0.2439999999999999
3,BR(InL2),0.16317569306309893,0.6527688622478336,0.41161986465126543,0.3319999999999999,0.26799999999999996
4,BR(Hiemstra_LM),0.21784011989433583,0.7644272911297755,0.47714792880460144,0.43200000000000005,0.324
