,name,map,recip_rank,ndcg,P_5,P_10
0,BR(TF_IDF),0.1497518917210937,0.6224539002796402,0.38740179706135836,0.30399999999999994,0.24599999999999994
1,BR(BM25),0.15109432978330425,0.6310228468396382,0.3898003081299213,0.3079999999999999,0.24599999999999997
2,BR(PL2),0.14400941843355924,0.6182133164019689,0.3775690896627038,0.288,0.2339999999999999
3,BR(InL2),0.1585942220538904,0.6360167522163023,0.3998339346973069,0.32399999999999984,0.25
4,BR(Hiemstra_LM),0.2144223888804637,0.7623438707424739,0.4706451389188581,0.4159999999999999,0.32
