,name,map,recip_rank,ndcg,P_5,P_10
0,BR(TF_IDF),0.1614966826677632,0.6515952188284386,0.410754471596081,0.3319999999999999,0.264
1,BR(BM25),0.1635161544553517,0.6683636545637658,0.4142118382775174,0.3279999999999999,0.25999999999999995
2,BR(PL2),0.15549044554370384,0.6466215148107962,0.4002242423263134,0.31199999999999983,0.24999999999999997
3,BR(InL2),0.17153540140391477,0.6476111801108605,0.42181868631641545,0.35599999999999987,0.282
4,BR(Hiemstra_LM),0.22612349833433867,0.7713185414879656,0.4875352801832137,0.436,0.33
