,name,map,recip_rank,ndcg,P_5,P_10
0,BR(TF_IDF),0.16124257437369663,0.6410916472570192,0.4121632970285387,0.3279999999999999,0.26
1,BR(BM25),0.1618897361236631,0.6456915556983519,0.4131916797175748,0.324,0.27
2,BR(PL2),0.15219084183039955,0.620838117155583,0.3998965148144509,0.3159999999999999,0.248
3,BR(InL2),0.17042498242352327,0.625829233537698,0.422823904909955,0.3479999999999999,0.278
4,BR(Hiemstra_LM),0.22392844654813404,0.7594667180009851,0.4896649166607614,0.424,0.338
