,name,map,recip_rank,ndcg,P_5,P_10
0,BR(TF_IDF),0.15011044259418801,0.5642773406616817,0.38697781768073825,0.3119999999999998,0.24999999999999992
1,BR(BM25),0.15138376574492038,0.5654424572801072,0.3896251777193392,0.3199999999999998,0.256
2,BR(PL2),0.1417501483457334,0.5505524821039526,0.3770349560131983,0.29999999999999977,0.23999999999999994
3,BR(InL2),0.15740457769123606,0.5737130913192313,0.39730037067438423,0.31599999999999984,0.26799999999999996
4,BR(Hiemstra_LM),0.2026301146123895,0.6756440555519615,0.4550111326656864,0.412,0.32600000000000007
