,name,map,recip_rank,ndcg,P_5,P_10
0,BR(TF_IDF),0.16382281153745681,0.605226282387007,0.4182468907771368,0.3319999999999998,0.276
1,BR(BM25),0.16675862301230615,0.614522988505747,0.4223084590053313,0.34399999999999986,0.27599999999999997
2,BR(PL2),0.15430767365955594,0.5633205009037634,0.40501990524428744,0.3319999999999998,0.26199999999999996
3,BR(InL2),0.17373823913558492,0.6264102682442926,0.4320864052151871,0.35999999999999993,0.28800000000000003
4,BR(Hiemstra_LM),0.22543192574537088,0.7510350713107443,0.49428459950727216,0.4439999999999999,0.34800000000000003
