,name,map,recip_rank,ndcg,P_5,P_10
0,BR(TF_IDF),0.16247890254476416,0.5903733196914214,0.4179003062898423,0.3319999999999998,0.276
1,BR(BM25),0.16307781365949478,0.5902072779466395,0.41850195583325767,0.3359999999999998,0.27
2,BR(PL2),0.1525985010253663,0.5636107591595397,0.40681145497861876,0.3199999999999998,0.2539999999999999
3,BR(InL2),0.16931509438553466,0.602252993712203,0.42731378119146624,0.34799999999999975,0.28400000000000003
4,BR(Hiemstra_LM),0.22024383616765586,0.7103000333000334,0.486817462848216,0.4320000000000001,0.3459999999999999
