,name,map,recip_rank,ndcg,P_5,P_10
0,BR(TF_IDF),0.15595603201813943,0.5835875886713249,0.40643870772233526,0.3119999999999998,0.27
1,BR(BM25),0.1563969970475241,0.5840121607782898,0.4076427305128288,0.3119999999999998,0.264
2,BR(PL2),0.14803608150728534,0.5599312380498396,0.39686932049195356,0.3039999999999998,0.2479999999999999
3,BR(InL2),0.16377489838670087,0.5906846867991445,0.4176230688293158,0.3239999999999998,0.284
4,BR(Hiemstra_LM),0.21243369760609604,0.663037413904554,0.4729393670331795,0.42400000000000015,0.33799999999999997
