,name,map,recip_rank,ndcg,P_5,P_10
0,BR(TF_IDF),0.14924083642687058,0.5638320790288015,0.39065195459837776,0.31599999999999984,0.26399999999999996
1,BR(BM25),0.1514540790722034,0.5743687187176151,0.3938734029221335,0.31999999999999984,0.256
2,BR(PL2),0.14552658739016855,0.5654814877440143,0.38599180164973634,0.3039999999999998,0.24399999999999994
3,BR(InL2),0.159779187348058,0.5899919705897966,0.4060639855549967,0.32799999999999985,0.278
4,BR(Hiemstra_LM),0.20629153855665883,0.6585041006684843,0.4588616338758596,0.4200000000000001,0.33
