,name,map,recip_rank,ndcg,P_5,P_10
0,BR(TF_IDF),0.16263365519575249,0.5901044100567056,0.4179915905618543,0.34399999999999975,0.27
1,BR(BM25),0.16377919507452887,0.6017714085634253,0.4206279056863474,0.34399999999999975,0.272
2,BR(PL2),0.1526147671526937,0.5749088514627292,0.4068162095689395,0.32799999999999985,0.2499999999999999
3,BR(InL2),0.17032123997218002,0.6047301626075838,0.42874148707363297,0.35999999999999976,0.28
4,BR(Hiemstra_LM),0.2207874876841449,0.7114970029970031,0.4866261642469636,0.4360000000000001,0.34600000000000003
