,name,map,recip_rank,ndcg,P_5,P_10
0,BR(TF_IDF),0.1400663729262676,0.5888434126996219,0.373336478982265,0.2839999999999999,0.22399999999999995
1,BR(BM25),0.14527316911177776,0.6130589171088183,0.3837186608636431,0.30399999999999994,0.22799999999999992
2,BR(PL2),0.13279137247795852,0.5701173899420359,0.36314873638870493,0.2759999999999999,0.21399999999999994
3,BR(InL2),0.15378902315979834,0.6388998610480765,0.3938485468007791,0.312,0.24599999999999997
4,BR(Hiemstra_LM),0.2159546470312069,0.7722815820705398,0.4718450867336651,0.42399999999999993,0.31799999999999995
