,name,map,recip_rank,ndcg,P_5,P_10
0,BR(TF_IDF),0.15066876972175744,0.6222604283836326,0.39059808221093767,0.3239999999999999,0.24799999999999997
1,BR(BM25),0.1552927826868605,0.6476374628862464,0.3968283695353918,0.3319999999999999,0.24599999999999997
2,BR(PL2),0.14557936422713139,0.6345725720654793,0.3823183379686102,0.308,0.23999999999999994
3,BR(InL2),0.1626736614060207,0.6486267066267066,0.40631514723530193,0.34399999999999986,0.25799999999999995
4,BR(Hiemstra_LM),0.21840824440567744,0.7624384787802958,0.4735988747361345,0.4159999999999999,0.326
