,name,map,recip_rank,ndcg,P_5,P_10
0,BR(TF_IDF),0.1617224160970692,0.5895876985903516,0.4171194243524415,0.3319999999999998,0.27
1,BR(BM25),0.1621624185082624,0.590264338318686,0.4185726155233205,0.3399999999999998,0.27
2,BR(PL2),0.15228354442024652,0.5628325219084713,0.4060375469288697,0.32399999999999984,0.24999999999999992
3,BR(InL2),0.16903664631255638,0.5999206406989441,0.42702418053663327,0.3559999999999998,0.282
4,BR(Hiemstra_LM),0.2205079212016344,0.7115222555222556,0.4868395097439099,0.4360000000000001,0.35
