,name,map,recip_rank,ndcg,P_5,P_10
0,BR(TF_IDF),0.16143507626561554,0.579822680657659,0.41611126796664716,0.3319999999999998,0.274
1,BR(BM25),0.16316438876900752,0.59013312361299,0.41847615348059997,0.3359999999999998,0.27
2,BR(PL2),0.15193287621900572,0.5513840160343181,0.4044920609074291,0.3199999999999998,0.2499999999999999
3,BR(InL2),0.16936379614595548,0.6014879999250794,0.42677249262067574,0.34799999999999975,0.28600000000000003
4,BR(Hiemstra_LM),0.22118852475179726,0.7103000333000334,0.4874181842733157,0.4320000000000001,0.3439999999999999
