,name,map,recip_rank,ndcg,P_5,P_10
0,BR(TF_IDF),0.16557635883019714,0.619386057907104,0.4248916649305775,0.3519999999999998,0.276
1,BR(BM25),0.16846148634987557,0.6371102180002436,0.4287020043106445,0.3599999999999999,0.274
2,BR(PL2),0.15674091861657613,0.5976843167146694,0.41327947684785266,0.3519999999999998,0.26399999999999996
3,BR(InL2),0.17661386206809,0.679474537981474,0.44076349878008414,0.3679999999999998,0.29
4,BR(Hiemstra_LM),0.23053157349707032,0.7691874019700107,0.5000882404437845,0.44800000000000006,0.35200000000000004
