,name,map,recip_rank,ndcg,P_5,P_10
0,BR(TF_IDF),0.15646203230072692,0.6523122899205827,0.4023417428339784,0.34399999999999986,0.2619999999999999
1,BR(BM25),0.15934335400552782,0.6570118318245604,0.4061574822367605,0.3559999999999998,0.25799999999999995
2,BR(PL2),0.1493934340259654,0.6298017902214168,0.39149256375562985,0.33599999999999985,0.2459999999999999
3,BR(InL2),0.16656210495553941,0.6736403383488523,0.416877953068088,0.35199999999999987,0.26799999999999996
4,BR(Hiemstra_LM),0.2194682546614821,0.749597002291318,0.47811238323351246,0.42800000000000005,0.32199999999999995
