,name,map,recip_rank,ndcg,P_5,P_10
0,BR(TF_IDF),0.16187654806790022,0.6584323415570688,0.41528451175229475,0.3319999999999999,0.26600000000000007
1,BR(BM25),0.16260710941298395,0.6624040500891449,0.4168309795262791,0.3319999999999999,0.27
2,BR(PL2),0.15197255915953725,0.6228931173235288,0.4014781869827773,0.3239999999999999,0.254
3,BR(InL2),0.1712161702175375,0.6601874518954816,0.4257297854158857,0.35999999999999976,0.2760000000000001
4,BR(Hiemstra_LM),0.22591386463767266,0.7486261843311184,0.489793135467739,0.4159999999999999,0.332
