,name,map,recip_rank,ndcg,P_5,P_10
0,BR(TF_IDF),0.1618296283502416,0.5904930854169984,0.41723954888875747,0.32799999999999985,0.274
1,BR(BM25),0.1625399759238573,0.5921700488400488,0.4183228117990201,0.3319999999999998,0.274
2,BR(PL2),0.15252855524204248,0.5637309753483386,0.40610491878300353,0.3199999999999998,0.2499999999999999
3,BR(InL2),0.16939627189861298,0.6022544715447153,0.42735752399523286,0.34799999999999975,0.28600000000000003
4,BR(Hiemstra_LM),0.22082350218164123,0.7105222555222557,0.4869728799932867,0.4320000000000001,0.3499999999999999
