,name,map,recip_rank,ndcg,P_5,P_10
0,BR(TF_IDF),0.16735767965134365,0.60975702454895,0.42429384670686915,0.3399999999999998,0.2800000000000001
1,BR(BM25),0.17000705299315025,0.625174453992123,0.4281014174482041,0.35599999999999987,0.278
2,BR(PL2),0.15903144612942413,0.588381067414292,0.41393010533231667,0.33999999999999986,0.266
3,BR(InL2),0.17550897558050949,0.619462836002443,0.4358070143085776,0.36799999999999977,0.28800000000000003
4,BR(Hiemstra_LM),0.22678490856623346,0.7482589083662647,0.49467975122185265,0.43199999999999994,0.35
