,name,map,recip_rank,ndcg,P_5,P_10
0,BR(TF_IDF),0.16602092186241652,0.6231998210742272,0.4225423376168006,0.36399999999999993,0.28200000000000003
1,BR(BM25),0.16744598206598346,0.6337582553105808,0.42439416214634307,0.3639999999999998,0.278
2,BR(PL2),0.15695875624739192,0.6061148517496464,0.41110134318774755,0.34399999999999986,0.26999999999999996
3,BR(InL2),0.17865711829807512,0.6735221036960166,0.44030419285255873,0.3759999999999999,0.28800000000000003
4,BR(Hiemstra_LM),0.2290593666616743,0.7569427153014432,0.49528190820361184,0.43199999999999994,0.3500000000000001
