,name,map,recip_rank,ndcg,P_5,P_10
0,BR(TF_IDF),0.1670630420042788,0.6041114551083591,0.42286522847556574,0.3479999999999998,0.276
1,BR(BM25),0.16884146833222438,0.6207774330697916,0.4263253212883054,0.3519999999999998,0.2800000000000001
2,BR(PL2),0.15771979546904463,0.5895169582893649,0.4123960492496203,0.33999999999999986,0.25999999999999995
3,BR(InL2),0.17380407808979456,0.619118147874942,0.4330532900044971,0.36399999999999977,0.28400000000000003
4,BR(Hiemstra_LM),0.2246044640803995,0.727497002997003,0.4911248871203784,0.4360000000000001,0.354
