,name,map,recip_rank,ndcg,P_5,P_10
0,BR(TF_IDF),0.16538246831019085,0.6016935497603295,0.4218875426548228,0.3319999999999998,0.2820000000000001
1,BR(BM25),0.16802216141937476,0.620523145155498,0.42576392716205985,0.3479999999999998,0.2820000000000001
2,BR(PL2),0.15490645446383053,0.5711530973072477,0.40901552309046496,0.3279999999999999,0.2659999999999999
3,BR(InL2),0.17266168278371513,0.6169519991819622,0.4332092426802951,0.35199999999999976,0.28600000000000003
4,BR(Hiemstra_LM),0.22387375740512358,0.7282529550827423,0.4910683178886906,0.4360000000000001,0.352
