,name,map,recip_rank,ndcg,P_5,P_10
0,BR(TF_IDF),0.16659621682046574,0.6014696528178226,0.4217120411998293,0.3399999999999998,0.2780000000000001
1,BR(BM25),0.1682267552922582,0.6203033437282137,0.4249294327585465,0.3519999999999998,0.2800000000000001
2,BR(PL2),0.15663688070619133,0.577013961321744,0.4102807281429552,0.3319999999999999,0.264
3,BR(InL2),0.17324403119372728,0.6169519991819622,0.4317032898815016,0.3559999999999998,0.28400000000000003
4,BR(Hiemstra_LM),0.22379998065975426,0.7274979879275655,0.4903102069688481,0.4360000000000001,0.35
