,name,map,recip_rank,ndcg,P_5,P_10
0,BR(TF_IDF),0.16536862125669924,0.6124007936507936,0.42436848396968363,0.3519999999999998,0.2820000000000001
1,BR(BM25),0.16778552531807836,0.6274288220551378,0.42793565592970423,0.3639999999999998,0.276
2,BR(PL2),0.15640900395211385,0.5894006211180124,0.4129521414496394,0.34399999999999986,0.264
3,BR(InL2),0.17311552904884006,0.6195374490706435,0.4349040539556102,0.36799999999999977,0.28400000000000003
4,BR(Hiemstra_LM),0.22691319319488693,0.7515932843437436,0.49640783758218093,0.43599999999999994,0.35
