,name,map,recip_rank,ndcg,P_5,P_10
0,BR(TF_IDF),0.16243515358477384,0.6668468703004785,0.41317554240573556,0.3479999999999998,0.272
1,BR(BM25),0.16490069276172128,0.6853213050040635,0.4172749298854951,0.3519999999999998,0.272
2,BR(PL2),0.15624211087607662,0.6508903521897116,0.4034494294353657,0.3359999999999998,0.26
3,BR(InL2),0.17366677690915988,0.6738341827926432,0.4271052884709896,0.36799999999999977,0.29000000000000004
4,BR(Hiemstra_LM),0.22735943397259692,0.7581303263722693,0.48779577884607145,0.44000000000000006,0.32800000000000007
