,name,map,recip_rank,ndcg,P_5,P_10
0,BR(TF_IDF),0.14716915075467474,0.5496201906447062,0.3875574971163293,0.32399999999999984,0.2499999999999999
1,BR(BM25),0.14906529681720287,0.5610632774088655,0.3908180041409185,0.3359999999999998,0.2479999999999999
2,BR(PL2),0.14372184960042825,0.5601428175618072,0.3835388762791587,0.2999999999999999,0.24199999999999988
3,BR(InL2),0.15758743406592104,0.5647743234194845,0.40090516957273764,0.33999999999999986,0.274
4,BR(Hiemstra_LM),0.20349433381025317,0.6508217974513749,0.4557309170156779,0.4200000000000001,0.332
