,name,map,recip_rank,ndcg,P_5,P_10
0,BR(TF_IDF),0.16393478345447157,0.6066813589155735,0.42358758377325656,0.33999999999999986,0.2800000000000001
1,BR(BM25),0.1665626047559295,0.6225171893616203,0.4275470586632155,0.35599999999999987,0.276
2,BR(PL2),0.15563724981519209,0.5834027605145252,0.4127354176634263,0.33599999999999985,0.26
3,BR(InL2),0.1715528798969933,0.6173016348942354,0.43446776461568737,0.3719999999999997,0.28800000000000003
4,BR(Hiemstra_LM),0.2262601980459894,0.7515862884160757,0.4963675425609133,0.43599999999999994,0.35
