,name,map,recip_rank,ndcg,P_5,P_10
0,BR(TF_IDF),0.1635614489353627,0.588694487869174,0.4200260192921235,0.3359999999999998,0.2820000000000001
1,BR(BM25),0.16660500142810863,0.6181948394742512,0.42549224812960945,0.3479999999999998,0.2820000000000001
2,BR(PL2),0.15464302165794655,0.5660310914712793,0.40921735820765875,0.3199999999999999,0.2639999999999999
3,BR(InL2),0.17256687588401756,0.6157800942712109,0.4327473463228149,0.35999999999999976,0.28800000000000003
4,BR(Hiemstra_LM),0.22345752281650916,0.728246194824962,0.4907380935747089,0.4360000000000001,0.354
