,name,map,recip_rank,ndcg,P_5,P_10
0,BR(TF_IDF),0.16510575146791687,0.5885091528897972,0.4204644975637724,0.34399999999999986,0.276
1,BR(BM25),0.16701920680831533,0.6013428320045967,0.4242665600933897,0.35199999999999987,0.276
2,BR(PL2),0.15655445179760782,0.572475297280716,0.41082691949066524,0.3319999999999999,0.26199999999999996
3,BR(InL2),0.17369290776119023,0.6157800942712109,0.4332115353988934,0.36799999999999977,0.28600000000000003
4,BR(Hiemstra_LM),0.2231510371196619,0.7272681017612525,0.48979583883558697,0.4360000000000001,0.34800000000000003
