,name,map,recip_rank,ndcg,P_5,P_10
0,BR(TF_IDF),0.16633885054775557,0.6057770200387848,0.42464419319999835,0.33599999999999985,0.2840000000000001
1,BR(BM25),0.169468950588283,0.6213457055678151,0.42916975467252,0.35599999999999987,0.278
2,BR(PL2),0.15823953699380047,0.5825204955968236,0.41379585590833734,0.3319999999999999,0.264
3,BR(InL2),0.17427536613646108,0.6157342870630269,0.43545309892480666,0.3719999999999997,0.28800000000000003
4,BR(Hiemstra_LM),0.22611701065501935,0.7482519561815337,0.4946311845880507,0.43199999999999994,0.35
