,name,map,recip_rank,ndcg,P_5,P_10
0,BR(TF_IDF),0.16476837921749296,0.6034089913602572,0.4224890105649097,0.3359999999999998,0.2820000000000001
1,BR(BM25),0.16872972426284913,0.6288939643219303,0.4288990029218492,0.35599999999999987,0.278
2,BR(PL2),0.15616701332388788,0.5765075222396652,0.4117850781957075,0.3239999999999999,0.26399999999999996
3,BR(InL2),0.1734668360633612,0.6217811355311355,0.43447034027938713,0.36399999999999977,0.28400000000000003
4,BR(Hiemstra_LM),0.2245310421059741,0.7382471660759332,0.4925025428844107,0.42800000000000005,0.354
