,name,map,recip_rank,ndcg,P_5,P_10
0,BR(TF_IDF),0.16090721608065864,0.5860910152642291,0.4171849784391627,0.32799999999999985,0.272
1,BR(BM25),0.16154881730400752,0.5863227921685802,0.4191019442537277,0.3359999999999998,0.27
2,BR(PL2),0.15220378192220904,0.5608476698853075,0.40705108566857595,0.31199999999999983,0.2519999999999999
3,BR(InL2),0.16775716594009235,0.5990518834399431,0.42714324127711556,0.35199999999999976,0.28
4,BR(Hiemstra_LM),0.219929346786934,0.714621580138905,0.4868916769388382,0.4360000000000001,0.348
