,name,map,recip_rank,ndcg,P_5,P_10
0,BR(TF_IDF),0.16175982727782984,0.5847064047064047,0.4181045492808556,0.3399999999999998,0.27
1,BR(BM25),0.1625980171575482,0.58870672090194,0.42067607023639875,0.34399999999999975,0.272
2,BR(PL2),0.1529165530075411,0.5597016660015333,0.4076826658534449,0.32399999999999984,0.2519999999999999
3,BR(InL2),0.16972937614880135,0.5995637882018477,0.4287392382393758,0.36399999999999977,0.282
4,BR(Hiemstra_LM),0.2204373251545708,0.7145977327621164,0.487090637962702,0.4360000000000001,0.34600000000000003
