,name,map,recip_rank,ndcg,P_5,P_10
0,BR(TF_IDF),0.16087019557801316,0.5880399863580881,0.4173160824371549,0.32399999999999984,0.274
1,BR(BM25),0.1619269472631029,0.5882720841959972,0.4192215010465027,0.32799999999999985,0.27399999999999997
2,BR(PL2),0.15313754229073717,0.5617757223396758,0.4079813330048567,0.3159999999999998,0.2539999999999999
3,BR(InL2),0.16864482425172003,0.6013031674208144,0.42766125890896733,0.34799999999999975,0.284
4,BR(Hiemstra_LM),0.22038228467157858,0.7136215801389051,0.4868434658801465,0.4320000000000001,0.34600000000000003
