,name,map,recip_rank,ndcg,P_5,P_10
0,BR(TF_IDF),0.16111515523984682,0.5879355742296919,0.41737261080157195,0.32399999999999984,0.276
1,BR(BM25),0.1619884274411564,0.588436194240542,0.41882285214006587,0.3319999999999998,0.272
2,BR(PL2),0.15217257234540388,0.5583376580172987,0.4072085527822389,0.3159999999999998,0.2559999999999999
3,BR(InL2),0.16842800123590954,0.6013008219850324,0.42715262488199274,0.34399999999999975,0.286
4,BR(Hiemstra_LM),0.2196708518430674,0.7101064286237535,0.4863084639395595,0.4320000000000001,0.34199999999999997
