,name,map,recip_rank,ndcg,P_5,P_10
0,BR(TF_IDF),0.16457867980695023,0.5884811596386229,0.42172360118276303,0.3359999999999998,0.2820000000000001
1,BR(BM25),0.16684428925600403,0.6013719769509244,0.4249557589713161,0.34399999999999986,0.28400000000000003
2,BR(PL2),0.15719183198679096,0.5825196068980898,0.41335572390675757,0.3239999999999999,0.2619999999999999
3,BR(InL2),0.17508733433208326,0.6256823432343235,0.43636095575265865,0.36399999999999977,0.28800000000000003
4,BR(Hiemstra_LM),0.2243778854958947,0.7397433603578419,0.4925487556419418,0.44000000000000006,0.354
