,name,map,recip_rank,ndcg,P_5,P_10
0,BR(TF_IDF),0.16705735166030805,0.6014505568753521,0.42528579864299315,0.34399999999999986,0.278
1,BR(BM25),0.1692339378920625,0.6209516387751681,0.42885492964332256,0.35599999999999987,0.278
2,BR(PL2),0.15945765301183226,0.5917786016872705,0.41649166750310046,0.3319999999999999,0.26199999999999996
3,BR(InL2),0.1761142959164253,0.6238609060645534,0.4376974699434161,0.37199999999999983,0.28800000000000003
4,BR(Hiemstra_LM),0.22718595152401336,0.7597480974124811,0.49648193177199923,0.43599999999999994,0.354
