,name,map,recip_rank,ndcg,P_5,P_10
0,BR(TF_IDF),0.16102862356017233,0.5879264604674554,0.41769373824749306,0.32399999999999984,0.276
1,BR(BM25),0.16186365163804145,0.5884352678571428,0.41951210001905337,0.3319999999999998,0.272
2,BR(PL2),0.15304620496875773,0.5682077121844563,0.4088475238028196,0.31999999999999984,0.2539999999999999
3,BR(InL2),0.16982651866999465,0.6062981514609421,0.42956265733974996,0.34399999999999975,0.286
4,BR(Hiemstra_LM),0.22079514349718962,0.7259521553587878,0.4881695092436338,0.4320000000000001,0.34600000000000003
