,name,map,recip_rank,ndcg,P_5,P_10
0,BR(TF_IDF),0.16221994754730582,0.5846318344604758,0.41913797789607676,0.34399999999999986,0.27399999999999997
1,BR(BM25),0.16340127349934483,0.5876324400806309,0.42103956670178755,0.3479999999999998,0.27399999999999997
2,BR(PL2),0.15425952737056456,0.5696391010774312,0.410105948864087,0.3199999999999999,0.2539999999999999
3,BR(InL2),0.17133150477010453,0.6094642857142857,0.4317912475965898,0.36799999999999977,0.28
4,BR(Hiemstra_LM),0.2213063865256082,0.7265949746486658,0.48889824006781174,0.44000000000000006,0.348
