,name,map,recip_rank,ndcg,P_5,P_10
0,BR(TF_IDF),0.16569923615583843,0.5990161669606113,0.423799662175087,0.34399999999999975,0.278
1,BR(BM25),0.1671710358839626,0.6085168499857296,0.4260177805901062,0.3519999999999998,0.28
2,BR(PL2),0.15738436691808658,0.5829992120528452,0.41391734776286637,0.3279999999999999,0.26399999999999996
3,BR(InL2),0.17598285871417477,0.6316828358208955,0.4379139350290945,0.3679999999999998,0.28400000000000003
4,BR(Hiemstra_LM),0.22541044753441983,0.749743360357842,0.4942739867265751,0.43200000000000005,0.354
