,name,map,recip_rank,ndcg,P_5,P_10
0,BR(TF_IDF),0.16076763858760806,0.5859772158602208,0.4180400404868081,0.32799999999999985,0.272
1,BR(BM25),0.1617058982048704,0.5864863109863109,0.4195561244357572,0.3359999999999998,0.26799999999999996
2,BR(PL2),0.15298381356260574,0.5673832002936049,0.40861846657439377,0.3159999999999999,0.2539999999999999
3,BR(InL2),0.17009616261465177,0.6089185154468173,0.4306215017712964,0.3559999999999998,0.28
4,BR(Hiemstra_LM),0.22080738671097977,0.7266188220254546,0.48867467860770075,0.44000000000000006,0.348
