,name,map,recip_rank,ndcg,P_5,P_10
0,BR(TF_IDF),0.16078318695348748,0.5772742474001095,0.416378228159887,0.32799999999999985,0.274
1,BR(BM25),0.16234376920713373,0.5876763542763542,0.4183672053435446,0.33599999999999985,0.27
2,BR(PL2),0.15340652155848697,0.5525252664732013,0.406487965178449,0.32399999999999984,0.25199999999999984
3,BR(InL2),0.17004942741591822,0.6041194139194138,0.42922999334307976,0.3399999999999998,0.29
4,BR(Hiemstra_LM),0.2207962386435706,0.7216188220254546,0.48795445890455147,0.4320000000000001,0.34199999999999997
