,name,map,recip_rank,ndcg,P_5,P_10
0,BR(TF_IDF),0.16720924104159052,0.5986766565073202,0.42397979107381917,0.34399999999999986,0.28200000000000003
1,BR(BM25),0.16827862454425868,0.6000099898406535,0.4261208889910095,0.3479999999999998,0.28
2,BR(PL2),0.15968170545847252,0.5836722312187689,0.415936303174292,0.3319999999999999,0.25999999999999995
3,BR(InL2),0.1759595187772768,0.62284900990099,0.43682563652835127,0.3719999999999997,0.286
4,BR(Hiemstra_LM),0.2251575926479256,0.742594974648666,0.49344031388713766,0.44000000000000006,0.354
