,name,map,recip_rank,ndcg,P_5,P_10
0,BR(TF_IDF),0.1615703542512145,0.5910712973010817,0.421315264495282,0.32399999999999984,0.27
1,BR(BM25),0.163518041198558,0.6012305943532358,0.42432501741821294,0.3319999999999998,0.27
2,BR(PL2),0.15248369492059263,0.5675307515938445,0.41103659704007856,0.3159999999999999,0.2519999999999999
3,BR(InL2),0.1718015107884468,0.6205972222222221,0.4346368998839716,0.3519999999999998,0.284
4,BR(Hiemstra_LM),0.22517791134902543,0.7406179271708685,0.49339712382437506,0.44400000000000006,0.35
