,name,map,recip_rank,ndcg,P_5,P_10
0,BR(TF_IDF),0.16622820417593334,0.5881086685305436,0.42363147796666445,0.33599999999999985,0.276
1,BR(BM25),0.16738574116833263,0.5904730263949013,0.42503143177065994,0.3479999999999999,0.278
2,BR(PL2),0.15800877877812186,0.5703167869090369,0.41509905601556746,0.3239999999999999,0.26399999999999996
3,BR(InL2),0.175919363708172,0.6142341269841269,0.43743451200427763,0.36399999999999977,0.292
4,BR(Hiemstra_LM),0.2286629191872338,0.7532644487932161,0.4972983255092469,0.44800000000000006,0.35200000000000004
