,name,map,recip_rank,ndcg,P_5,P_10
0,BR(TF_IDF),0.16486074389098895,0.5892802413852973,0.424077366168735,0.3319999999999999,0.278
1,BR(BM25),0.16689799331902427,0.6012399436881344,0.4266001999975678,0.3479999999999998,0.28
2,BR(PL2),0.15590358413962466,0.5647777262934983,0.4137787017400047,0.3199999999999999,0.25999999999999995
3,BR(InL2),0.17476890471976067,0.6149031165311653,0.43716656168148893,0.36399999999999977,0.292
4,BR(Hiemstra_LM),0.22842645784274507,0.7547424410712084,0.4979991875547682,0.44800000000000006,0.35200000000000004
