,name,map,recip_rank,ndcg,P_5,P_10
0,BR(TF_IDF),0.1623551711484251,0.5930068886629385,0.4215566844754197,0.32399999999999984,0.274
1,BR(BM25),0.163390610139896,0.6026814918375415,0.42324374145345156,0.32799999999999985,0.272
2,BR(PL2),0.15397872805319485,0.5682252234055576,0.41180869618210963,0.31999999999999984,0.2539999999999999
3,BR(InL2),0.1715821687478462,0.6229460317460317,0.43453825741812585,0.3399999999999998,0.292
4,BR(Hiemstra_LM),0.2250886317684076,0.7359512605042017,0.49270717977537504,0.4360000000000001,0.348
