,name,map,recip_rank,ndcg,P_5,P_10
0,BR(TF_IDF),0.16201544994701877,0.5930208006279435,0.4213454500865831,0.31999999999999984,0.274
1,BR(BM25),0.1637439720018495,0.6031800976800976,0.4241252816892686,0.32399999999999984,0.27399999999999997
2,BR(PL2),0.15341363904434735,0.5682425595238095,0.41183753182218774,0.31599999999999984,0.2539999999999999
3,BR(InL2),0.17154483184352515,0.6229468289557974,0.4343023229105,0.3399999999999998,0.288
4,BR(Hiemstra_LM),0.2257529656742392,0.7399512605042017,0.49299999381628173,0.44000000000000006,0.35
