,name,map,recip_rank,ndcg,P_5,P_10
0,BR(TF_IDF),0.16542211164160278,0.5930900764207402,0.4250914976440837,0.33999999999999986,0.276
1,BR(BM25),0.16768497738314087,0.6103837272143908,0.4284590028134156,0.35599999999999987,0.276
2,BR(PL2),0.15749694326887428,0.571920981493835,0.41624863063685313,0.3319999999999999,0.26199999999999996
3,BR(InL2),0.17656062260786867,0.6342374110563765,0.44028891088278144,0.3679999999999998,0.28600000000000003
4,BR(Hiemstra_LM),0.22960072905446827,0.7647424410712084,0.49977635977063634,0.44,0.35200000000000004
