,name,map,recip_rank,ndcg,P_5,P_10
0,BR(TF_IDF),0.16773883770221398,0.6000839540839542,0.426815182515035,0.33999999999999986,0.278
1,BR(BM25),0.16837875377798284,0.6009483119483119,0.428199127865412,0.34399999999999986,0.278
2,BR(PL2),0.15854419199832592,0.5792060291503016,0.41772193580696554,0.3239999999999999,0.2619999999999999
3,BR(InL2),0.17648186181141864,0.6157332285115303,0.43865113684053236,0.36799999999999977,0.29
4,BR(Hiemstra_LM),0.22969109613449817,0.7565940797940799,0.49830710874316125,0.44800000000000006,0.35600000000000004
