,name,map,recip_rank,ndcg,P_5,P_10
0,BR(TF_IDF),0.1610320595022179,0.5748159094733298,0.4190347780587673,0.32399999999999984,0.27
1,BR(BM25),0.16242117044371582,0.5891256838905774,0.42126700482928164,0.32799999999999985,0.272
2,BR(PL2),0.15349450964793182,0.5571768233875828,0.4100771408486101,0.31999999999999984,0.2539999999999999
3,BR(InL2),0.17134341807339182,0.6164667892908234,0.43328853068196566,0.3399999999999998,0.292
4,BR(Hiemstra_LM),0.2257490484539515,0.7359512605042017,0.49302505932055246,0.4360000000000001,0.3459999999999999
