,name,map,recip_rank,ndcg,P_5,P_10
0,BR(TF_IDF),0.16449258905389263,0.6039363607852982,0.4264145066235671,0.35599999999999987,0.27
1,BR(BM25),0.16580342306391344,0.613900074311839,0.4284830614988557,0.3599999999999999,0.2699999999999999
2,BR(PL2),0.1554692324125796,0.5864072689172932,0.4156246917580536,0.33999999999999986,0.262
3,BR(InL2),0.17524109958570974,0.6281460785999582,0.4403545572139992,0.3679999999999998,0.28600000000000003
4,BR(Hiemstra_LM),0.231886310125949,0.7780795795795796,0.5037237435560807,0.44799999999999995,0.35200000000000004
