,name,map,recip_rank,ndcg,P_5,P_10
0,BR(TF_IDF),0.1673642608223248,0.6037847464895658,0.4279521679346046,0.35599999999999987,0.276
1,BR(BM25),0.16887935941855375,0.6127453878260329,0.43002483140252634,0.35599999999999987,0.27599999999999997
2,BR(PL2),0.15837751960920643,0.5822606150855723,0.41753195751926436,0.33599999999999985,0.262
3,BR(InL2),0.17758527225987872,0.6280815899830119,0.44102737456247126,0.3759999999999998,0.28800000000000003
4,BR(Hiemstra_LM),0.2313406394027832,0.7747462462462464,0.5019740455533725,0.444,0.354
