,name,map,recip_rank,ndcg,P_5,P_10
0,BR(TF_IDF),0.16867167836939537,0.5883528571818045,0.4252313222011804,0.35199999999999987,0.27599999999999997
1,BR(BM25),0.17026992500409807,0.5922787932232376,0.42722099741336755,0.35599999999999987,0.278
2,BR(PL2),0.1597310752181302,0.5642310967200336,0.41520256250923937,0.33599999999999985,0.264
3,BR(InL2),0.1777518899154283,0.5964250588592693,0.43616276550935446,0.37999999999999984,0.292
4,BR(Hiemstra_LM),0.23245013829467903,0.7632616413153328,0.49988144121236344,0.452,0.35600000000000004
