,name,map,recip_rank,ndcg,P_5,P_10
0,BR(TF_IDF),0.16265211223750747,0.5758397065897065,0.4204929567634337,0.34399999999999986,0.272
1,BR(BM25),0.1646386929503754,0.5881465422271873,0.4237522827958269,0.3479999999999998,0.276
2,BR(PL2),0.15504576011799945,0.5540340842709413,0.41224342604892117,0.33599999999999985,0.256
3,BR(InL2),0.1733234428925427,0.6041827354597752,0.43377056794075464,0.3759999999999999,0.28600000000000003
4,BR(Hiemstra_LM),0.22781371912781329,0.7515913710450622,0.4955208742276852,0.444,0.354
