,name,map,recip_rank,ndcg,P_5,P_10
0,BR(TF_IDF),0.1686268563725789,0.5885502982202983,0.4259514984670513,0.35599999999999987,0.276
1,BR(BM25),0.17076177275591675,0.5908571545888619,0.4282783294003529,0.35599999999999987,0.28
2,BR(PL2),0.16106747231115226,0.566449299719888,0.41789944244943056,0.3399999999999999,0.25999999999999995
3,BR(InL2),0.17815774898684203,0.5969228230232901,0.4369765553548434,0.3839999999999998,0.29200000000000004
4,BR(Hiemstra_LM),0.23350415997603502,0.7675913710450624,0.5014321816373557,0.452,0.3600000000000001
