,name,map,recip_rank,ndcg,P_5,P_10
0,BR(TF_IDF),0.16243698682139984,0.5745961882792332,0.4197364505978868,0.33599999999999985,0.278
1,BR(BM25),0.16428902026328224,0.5883561403508771,0.42242322079745775,0.33999999999999986,0.27599999999999997
2,BR(PL2),0.15416055693209033,0.5514193821330184,0.40961317792652957,0.3319999999999999,0.25799999999999995
3,BR(InL2),0.17210293392302758,0.6046932646932646,0.4322476476779211,0.3559999999999999,0.292
4,BR(Hiemstra_LM),0.22725994984260298,0.7476145594508594,0.4944496296596861,0.44,0.354
