,name,map,recip_rank,ndcg,P_5,P_10
0,BR(TF_IDF),0.16180973318627512,0.5746180002360299,0.41962913874834074,0.3319999999999999,0.276
1,BR(BM25),0.1637856146240461,0.5889286463012877,0.4225100892869891,0.33599999999999985,0.278
2,BR(PL2),0.15398311544064805,0.5505199960206923,0.4100324839791517,0.3239999999999999,0.25799999999999995
3,BR(InL2),0.17279415652219196,0.6046940836940835,0.4330220026264475,0.3559999999999999,0.29
4,BR(Hiemstra_LM),0.22797866555028218,0.7509478927841927,0.4953334857294076,0.44,0.354
