,name,map,recip_rank,ndcg,P_5,P_10
0,BR(TF_IDF),0.1699458472376847,0.5961055675302537,0.42850839705296423,0.35199999999999987,0.27399999999999997
1,BR(BM25),0.17210726612389698,0.6027498490477212,0.431436736818632,0.3679999999999999,0.27799999999999997
2,BR(PL2),0.16171796239376257,0.5696785926491809,0.41860674200876585,0.33999999999999986,0.258
3,BR(InL2),0.180024907717698,0.6169407944301561,0.44050245042627617,0.38399999999999984,0.29
4,BR(Hiemstra_LM),0.2359140999012955,0.7847433603578419,0.5053563672611784,0.45199999999999996,0.35600000000000004
