,name,map,recip_rank,ndcg,P_5,P_10
0,BR(TF_IDF),0.16654096007711183,0.5968327207771651,0.4256586302362219,0.3519999999999998,0.26999999999999996
1,BR(BM25),0.1677851475818092,0.6048102887349749,0.428017210023465,0.3599999999999999,0.2719999999999999
2,BR(PL2),0.15774566180199887,0.5712762090529101,0.41526871470046006,0.33599999999999985,0.258
3,BR(InL2),0.17647204356499846,0.6186611555162111,0.43764276742591607,0.3759999999999999,0.29
4,BR(Hiemstra_LM),0.23508123720322743,0.7880766936911751,0.5055162146666707,0.45199999999999996,0.354
