,name,map,recip_rank,ndcg,P_5,P_10
0,BR(TF_IDF),0.16179347206335198,0.5602661121983039,0.41792123315525226,0.33599999999999985,0.278
1,BR(BM25),0.1630584338141343,0.574840707232842,0.4198094851386866,0.33999999999999986,0.27399999999999997
2,BR(PL2),0.1544941202214286,0.5408499522216913,0.40861679075784885,0.3319999999999999,0.26
3,BR(InL2),0.17087107187916092,0.5905527091394347,0.42963121585208347,0.35199999999999987,0.29
4,BR(Hiemstra_LM),0.22790405975355973,0.7476145594508594,0.4947636045849635,0.44,0.3499999999999999
