,name,map,recip_rank,ndcg,P_5,P_10
0,BR(TF_IDF),0.16750114422687246,0.5895880348197421,0.4256308102663598,0.3479999999999998,0.27599999999999997
1,BR(BM25),0.169342175752561,0.5933029428483974,0.4280230792987269,0.35599999999999987,0.28
2,BR(PL2),0.15832623422306044,0.5582975994135971,0.4141476311316319,0.32799999999999996,0.25999999999999995
3,BR(InL2),0.17647629984018767,0.5970945539135193,0.4360200391233145,0.3799999999999998,0.292
4,BR(Hiemstra_LM),0.23252235832640855,0.7647378317915231,0.5007606659224656,0.452,0.354
