,name,map,recip_rank,ndcg,P_5,P_10
0,BR(TF_IDF),0.16171347789018786,0.5726688589188589,0.41970452037576195,0.33999999999999986,0.272
1,BR(BM25),0.16360027874561872,0.5886461387641685,0.42311288937557334,0.34399999999999986,0.27399999999999997
2,BR(PL2),0.15325452271203507,0.5515181940700807,0.40995443506697404,0.3239999999999999,0.25799999999999995
3,BR(InL2),0.1726672682132217,0.6050913242009132,0.4334075372362916,0.3679999999999999,0.28800000000000003
4,BR(Hiemstra_LM),0.22814391824120253,0.7516145594508594,0.49575222430960203,0.444,0.35200000000000004
