,name,map,recip_rank,ndcg,P_5,P_10
0,BR(TF_IDF),0.16736740041729511,0.5900648916960393,0.4255339348553089,0.3519999999999998,0.27399999999999997
1,BR(BM25),0.1709738617410066,0.6004461429150225,0.42993765441666787,0.3679999999999999,0.27799999999999997
2,BR(PL2),0.15999425177452242,0.5657979900424119,0.41646442800212646,0.33999999999999986,0.25999999999999995
3,BR(InL2),0.17810959180845198,0.6114298675919279,0.4385337610552047,0.38399999999999984,0.28800000000000003
4,BR(Hiemstra_LM),0.2340878751486324,0.7747378317915231,0.503132001193609,0.44799999999999995,0.354
