,name,map,recip_rank,ndcg,P_5,P_10
0,BR(TF_IDF),0.16658807447214968,0.593892606584554,0.4256513269419457,0.3519999999999998,0.27399999999999997
1,BR(BM25),0.1680894581731969,0.6042112922919374,0.42850960301383667,0.35599999999999987,0.27599999999999997
2,BR(PL2),0.15873300382064948,0.5857531746031746,0.41771918938185904,0.3319999999999999,0.258
3,BR(InL2),0.17747229995562122,0.6272666789000034,0.43966165592230916,0.37999999999999984,0.29400000000000004
4,BR(Hiemstra_LM),0.23701855285446416,0.7847433603578418,0.5067159702390377,0.44799999999999995,0.354
