,name,map,recip_rank,ndcg,P_5,P_10
0,BR(TF_IDF),0.16856957572845058,0.5886365121806297,0.4252548842668119,0.352,0.278
1,BR(BM25),0.1706339054792535,0.592729995810641,0.42767964906155975,0.35599999999999987,0.282
2,BR(PL2),0.16021831410446802,0.5793399474413501,0.4168707482534667,0.33599999999999997,0.26399999999999996
3,BR(InL2),0.1778591014283521,0.6090085589791472,0.4372523675103826,0.3679999999999999,0.29400000000000004
4,BR(Hiemstra_LM),0.23378017861041175,0.7699265301252056,0.5016108423014394,0.452,0.35200000000000004
