,name,map,recip_rank,ndcg,P_5,P_10
0,BR(TF_IDF),0.16187742894710916,0.563088255823502,0.4188025304837007,0.33599999999999985,0.27799999999999997
1,BR(BM25),0.1627884977847759,0.5703241828941088,0.42013882392340657,0.33999999999999986,0.27799999999999997
2,BR(PL2),0.15350202773750662,0.5462105745843069,0.4090224236218441,0.3239999999999999,0.25799999999999995
3,BR(InL2),0.17158422558819234,0.594344099378882,0.4312866020010616,0.35199999999999987,0.3
4,BR(Hiemstra_LM),0.22949845170189093,0.7526145594508594,0.4966028088078812,0.44400000000000006,0.352
