,name,map,recip_rank,ndcg,P_5,P_10
0,BR(TF_IDF),0.16271759030068556,0.5774198086859377,0.421357283715552,0.34399999999999986,0.27599999999999997
1,BR(BM25),0.16495172576053954,0.5918703375345441,0.424557386911601,0.3479999999999998,0.27799999999999997
2,BR(PL2),0.15505516455287188,0.5689894127611519,0.41323558101123525,0.3319999999999999,0.25999999999999995
3,BR(InL2),0.17405342865300633,0.6150123984697123,0.4355211977196267,0.3639999999999998,0.29200000000000004
4,BR(Hiemstra_LM),0.22956108147307203,0.758258037711729,0.49760316469278576,0.44800000000000006,0.35200000000000004
