,name,map,recip_rank,ndcg,P_5,P_10
0,BR(TF_IDF),0.16816956314924497,0.5882244337787815,0.42634893742012425,0.3599999999999999,0.27599999999999997
1,BR(BM25),0.17054175276634403,0.6008414334203808,0.4301955568626076,0.3679999999999998,0.27799999999999997
2,BR(PL2),0.15974708330223253,0.5813205971578449,0.4183187207165149,0.33999999999999986,0.25999999999999995
3,BR(InL2),0.17844238907642523,0.6167032967032966,0.43955414464672926,0.3759999999999999,0.292
4,BR(Hiemstra_LM),0.23591267135612,0.7814044984581898,0.5048865966104286,0.44799999999999995,0.35200000000000004
