,name,map,recip_rank,ndcg,P_5,P_10
0,BR(TF_IDF),0.16678574337926266,0.5749912951652081,0.4239444863412243,0.3639999999999998,0.2820000000000001
1,BR(BM25),0.16937311601319402,0.6001034601599116,0.4282170837340971,0.3719999999999999,0.28600000000000003
2,BR(PL2),0.15820433894915975,0.5728083499958454,0.4152943495785405,0.35599999999999987,0.266
3,BR(InL2),0.1767461462657382,0.6300352866050806,0.4385237945032281,0.3759999999999999,0.29600000000000004
4,BR(Hiemstra_LM),0.23718074230439146,0.769202380952381,0.504507978702156,0.45599999999999996,0.3580000000000001
