,name,map,recip_rank,ndcg,P_5,P_10
0,BR(TF_IDF),0.1503740772179561,0.5348140112855075,0.39118096697771604,0.3199999999999999,0.25799999999999995
1,BR(BM25),0.15097705310280474,0.5448938041784599,0.39313172191546913,0.3359999999999998,0.25399999999999995
2,BR(PL2),0.14516993922753935,0.5333639376802726,0.38544935371709493,0.2999999999999999,0.24999999999999997
3,BR(InL2),0.159550955426596,0.569488437280572,0.4040028067887284,0.33999999999999986,0.2779999999999999
4,BR(Hiemstra_LM),0.210645186624062,0.6790673822145245,0.46227292174721624,0.428,0.332
