,name,map,recip_rank,ndcg,P_5,P_10
0,BR(TF_IDF),0.1512186601302833,0.6055812500812501,0.392290920217583,0.3279999999999999,0.24999999999999997
1,BR(BM25),0.15381213308200337,0.6116580311429874,0.3956398899003004,0.3239999999999999,0.24599999999999994
2,BR(PL2),0.14603323957691017,0.6172052311712303,0.3835108014131789,0.308,0.23799999999999996
3,BR(InL2),0.16302697993855858,0.6383924543171405,0.41045575868813633,0.33999999999999986,0.25799999999999995
4,BR(Hiemstra_LM),0.21994160366733378,0.7645887308859841,0.4738571280104172,0.42,0.326
