,name,map,recip_rank,ndcg,P_5,P_10
0,BR(TF_IDF),0.1630280540185,0.576864258834847,0.42102062910742716,0.33599999999999985,0.27399999999999997
1,BR(BM25),0.1636472367138072,0.5838466386554623,0.4220000092764771,0.33999999999999986,0.27799999999999997
2,BR(PL2),0.15416320159739955,0.5567801277932463,0.41097362485070965,0.32799999999999996,0.25999999999999995
3,BR(InL2),0.17279314841140983,0.6082575605680869,0.4335984483531999,0.35199999999999987,0.298
4,BR(Hiemstra_LM),0.22913288447611513,0.754281226117526,0.49638116934787424,0.44400000000000006,0.354
