,name,map,recip_rank,ndcg,P_5,P_10
0,BR(TF_IDF),0.16262816264741983,0.5778814183207529,0.4212793463383504,0.3319999999999999,0.27599999999999997
1,BR(BM25),0.1635237158266603,0.5838634650886377,0.42180323534813274,0.33599999999999985,0.27799999999999997
2,BR(PL2),0.15474085225601938,0.5668445173083083,0.41257876934807186,0.3279999999999999,0.25999999999999995
3,BR(InL2),0.17300836188074262,0.6182668934240363,0.43434439636600186,0.35199999999999987,0.29600000000000004
4,BR(Hiemstra_LM),0.22984109931854996,0.7576145594508594,0.49715163794244616,0.44400000000000006,0.354
