,name,map,recip_rank,ndcg,P_5,P_10
0,BR(TF_IDF),0.16885897022227347,0.5906075313575314,0.4266965671495671,0.35599999999999987,0.28200000000000003
1,BR(BM25),0.17039661960910238,0.5945816814764183,0.4285558510941913,0.3599999999999999,0.284
2,BR(PL2),0.16150696878280343,0.5817280494615045,0.41937787562457834,0.3399999999999999,0.26599999999999996
3,BR(InL2),0.1789739938303798,0.6105085589791472,0.43916455607326327,0.3759999999999998,0.30000000000000004
4,BR(Hiemstra_LM),0.23522313654465407,0.7742580377117291,0.5033294259370547,0.452,0.3560000000000001
