,name,map,recip_rank,ndcg,P_5,P_10
0,BR(TF_IDF),0.17010102732496318,0.5908710052910052,0.42864458294007673,0.3599999999999999,0.27799999999999997
1,BR(BM25),0.17193236994399175,0.6031443535887979,0.4318064644611381,0.37199999999999983,0.282
2,BR(PL2),0.16239107808259873,0.5814107760056035,0.4208447678010896,0.3399999999999999,0.262
3,BR(InL2),0.18028100815764384,0.6272150180063598,0.441876913143128,0.3759999999999999,0.29600000000000004
4,BR(Hiemstra_LM),0.23715076650135813,0.7814100270245085,0.5061101263232787,0.44799999999999995,0.35600000000000004
