,name,map,recip_rank,ndcg,P_5,P_10
0,BR(TF_IDF),0.149650187782093,0.5366252319008773,0.3913284148232179,0.3079999999999999,0.25999999999999995
1,BR(BM25),0.1517688693992378,0.55373372669948,0.39535941452465306,0.32399999999999984,0.26599999999999996
2,BR(PL2),0.144551546907399,0.5415349875273492,0.38656146385761064,0.3079999999999999,0.23999999999999996
3,BR(InL2),0.15883282581675676,0.5656210824132172,0.4036660412527646,0.3319999999999999,0.282
4,BR(Hiemstra_LM),0.21534027247383947,0.7037277504105091,0.46733038587571246,0.4280000000000001,0.332
