,name,map,recip_rank,ndcg,P_5,P_10
0,BR(TF_IDF),0.16008037761018837,0.5927646435726149,0.4154101998537279,0.3639999999999998,0.26999999999999996
1,BR(BM25),0.16317781973126447,0.6255863191087528,0.42028005981239575,0.3639999999999998,0.2719999999999999
2,BR(PL2),0.15193391312956378,0.5715465563274489,0.40414500217237537,0.35199999999999987,0.25799999999999995
3,BR(InL2),0.17323312844630967,0.6519049971086261,0.43303126957334004,0.38799999999999985,0.28
4,BR(Hiemstra_LM),0.2315672047180968,0.7697347572884488,0.4965833055832459,0.4360000000000001,0.3459999999999999
