,name,map,recip_rank,ndcg,P_5,P_10
0,BR(TF_IDF),0.1562465500816467,0.6420961909227613,0.40401572954576037,0.33599999999999985,0.2579999999999999
1,BR(BM25),0.15731120227504286,0.6274583343777433,0.40483271619322936,0.3319999999999999,0.2579999999999999
2,BR(PL2),0.14949798939607462,0.6265705590345628,0.39361890503995794,0.3279999999999999,0.24799999999999986
3,BR(InL2),0.16451736819557838,0.6434659311685165,0.4159901526518835,0.36799999999999977,0.2719999999999999
4,BR(Hiemstra_LM),0.22194862895875314,0.7519055632466801,0.47928380489064604,0.42800000000000005,0.32599999999999996
