,name,map,recip_rank,ndcg,P_5,P_10
0,BR(TF_IDF),0.1546259110017855,0.5684846303000094,0.40697579979345433,0.3279999999999999,0.26799999999999996
1,BR(BM25),0.15496382094753186,0.5723926017745036,0.4083259942218789,0.34399999999999986,0.26799999999999996
2,BR(PL2),0.14844912491682505,0.5528171384048188,0.39935221812080307,0.3199999999999999,0.258
3,BR(InL2),0.16258661793836052,0.5729542189923714,0.41717365861245026,0.3359999999999998,0.288
4,BR(Hiemstra_LM),0.22148472926220616,0.7181288564407394,0.48264013803286465,0.43200000000000005,0.34199999999999997
