,name,map,recip_rank,ndcg,P_5,P_10
0,BR(TF_IDF),0.1660620432924754,0.5965374633847096,0.4230210247694567,0.3639999999999998,0.28200000000000003
1,BR(BM25),0.16860639217533804,0.6077106447642161,0.4257268467734189,0.3679999999999998,0.282
2,BR(PL2),0.159194140275414,0.5792055162722365,0.4139263853045332,0.3519999999999998,0.26999999999999996
3,BR(InL2),0.17797899955596994,0.6608525689641996,0.43939659547298027,0.3799999999999998,0.28800000000000003
4,BR(Hiemstra_LM),0.23530192701395758,0.7564417886219493,0.4986219139120858,0.44799999999999995,0.35200000000000004
