,name,map,recip_rank,ndcg,P_5,P_10
0,BR(TF_IDF),0.15035410366157098,0.5472625647617066,0.3946661748688494,0.31599999999999984,0.26599999999999996
1,BR(BM25),0.1523524622807378,0.558603977334641,0.39826981055133354,0.31999999999999984,0.272
2,BR(PL2),0.14498489201656675,0.5416588599926794,0.3886895830243025,0.3039999999999998,0.24999999999999992
3,BR(InL2),0.15927356165281753,0.5738881156629317,0.40719720398801384,0.3359999999999998,0.286
4,BR(Hiemstra_LM),0.21804384451996625,0.7141452476419596,0.4728914836483543,0.424,0.34
