,name,map,recip_rank,ndcg,P_5,P_10
0,BR(TF_IDF),0.1676705093176592,0.5895809566250743,0.42580963024039803,0.35199999999999987,0.27599999999999997
1,BR(BM25),0.16996548899037534,0.5966744402550854,0.428674586117407,0.3599999999999999,0.282
2,BR(PL2),0.15816261237008164,0.5738171571853647,0.4156478683379175,0.32799999999999996,0.25799999999999995
3,BR(InL2),0.17701719117585063,0.6097023809523808,0.43733183114347285,0.3679999999999998,0.294
4,BR(Hiemstra_LM),0.23440927776449413,0.7714044984581898,0.5028787392558918,0.452,0.35200000000000004
