,name,map,recip_rank,ndcg,P_5,P_10
0,BR(TF_IDF),0.14612258855840768,0.539936841486522,0.3999436319423698,0.2999999999999999,0.24199999999999985
1,BR(BM25),0.1470877761455919,0.5530210019753709,0.40235011411571064,0.3039999999999998,0.24399999999999988
2,BR(PL2),0.1393374300837159,0.5307659426343637,0.3928632620605959,0.2959999999999999,0.23199999999999993
3,BR(InL2),0.15648288835245036,0.5756164279602964,0.4140494097680362,0.3159999999999999,0.26799999999999996
4,BR(Hiemstra_LM),0.21321566556820656,0.734281226117526,0.4791059417993484,0.42399999999999993,0.33399999999999996
