,name,map,recip_rank,ndcg,P_5,P_10
0,BR(TF_IDF),0.15280341605689066,0.569689252939253,0.40773172207367403,0.3279999999999999,0.24799999999999986
1,BR(BM25),0.15460162247180703,0.5763287381310637,0.41097410579182264,0.3279999999999999,0.25999999999999995
2,BR(PL2),0.14526547015170277,0.5646234865819494,0.3999848798141437,0.31199999999999994,0.2339999999999999
3,BR(InL2),0.16290740430590528,0.5910297831986648,0.420487557773304,0.3479999999999998,0.27199999999999996
4,BR(Hiemstra_LM),0.21729662844409872,0.7604044984581898,0.48524358458419603,0.4279999999999999,0.32800000000000007
