,name,map,recip_rank,ndcg,P_5,P_10
0,BR(TF_IDF),0.15333245046631058,0.5605234842073363,0.40803908988068016,0.3239999999999999,0.25199999999999995
1,BR(BM25),0.15458048385705894,0.5686632922420324,0.41083554610106005,0.32799999999999985,0.25799999999999995
2,BR(PL2),0.14567691965912488,0.5574884631632017,0.40089972931769824,0.31199999999999994,0.2299999999999999
3,BR(InL2),0.16334039126506067,0.5821747081316142,0.42067658357992044,0.34399999999999986,0.27799999999999997
4,BR(Hiemstra_LM),0.21760594022849894,0.7570766936911753,0.48558625406835765,0.4279999999999999,0.33
