,name,map,recip_rank,ndcg,P_5,P_10
0,BR(TF_IDF),0.1520018454494974,0.565847549793202,0.40614944415157594,0.31999999999999995,0.2539999999999999
1,BR(BM25),0.1531542501736246,0.572130092130092,0.40868190181286596,0.31999999999999995,0.26399999999999996
2,BR(PL2),0.1439633681439304,0.5569326835486054,0.3980627032792315,0.30399999999999994,0.23599999999999993
3,BR(InL2),0.1613351389766524,0.5843622511806655,0.4185767076725274,0.33999999999999986,0.26799999999999996
4,BR(Hiemstra_LM),0.21565903640267933,0.7504063246920392,0.48286490991444964,0.43199999999999994,0.32800000000000007
