,name,map,recip_rank,ndcg,P_5,P_10
0,BR(TF_IDF),0.1451699575130487,0.539920650590209,0.3990025372815247,0.2999999999999999,0.24199999999999985
1,BR(BM25),0.14671171014707254,0.5475883283383284,0.40161280562147567,0.3039999999999998,0.24399999999999988
2,BR(PL2),0.1391816987314104,0.5309050096117762,0.3923085962377767,0.29199999999999987,0.23199999999999993
3,BR(InL2),0.15625306821859014,0.5657889235461289,0.41302154894704357,0.3159999999999999,0.272
4,BR(Hiemstra_LM),0.21254945323292418,0.7309469979296065,0.4782635826762457,0.42399999999999993,0.33199999999999996
