,name,map,recip_rank,ndcg,P_5,P_10
0,BR(TF_IDF),0.15248631459118872,0.5665807610264132,0.4067467619400124,0.324,0.2539999999999999
1,BR(BM25),0.1535871378827884,0.5724037074037074,0.40910342248662596,0.3279999999999999,0.25999999999999995
2,BR(PL2),0.14393861126736132,0.546831191439502,0.3971578086036087,0.30399999999999994,0.23999999999999988
3,BR(InL2),0.1611821641794456,0.5815699561876033,0.4179604903655193,0.3319999999999999,0.26799999999999996
4,BR(Hiemstra_LM),0.21644221025604815,0.7492625482625482,0.48357723320476304,0.428,0.32800000000000007
