,name,map,recip_rank,ndcg,P_5,P_10
0,BR(TF_IDF),0.14423918121524967,0.5250967256205592,0.39719939272355026,0.2999999999999999,0.23799999999999988
1,BR(BM25),0.1448660437902767,0.5294711813288202,0.3987332782114262,0.3039999999999998,0.23999999999999985
2,BR(PL2),0.1387535285120387,0.5203785566981908,0.3912329440339973,0.29199999999999987,0.2339999999999999
3,BR(InL2),0.155046703143447,0.5514826118326118,0.41088162881986956,0.31999999999999984,0.27399999999999997
4,BR(Hiemstra_LM),0.21303926597500752,0.72928033126294,0.47870453039765615,0.42399999999999993,0.32599999999999996
