,name,map,recip_rank,ndcg,P_5,P_10
0,BR(TF_IDF),0.15004851932104443,0.5637540515040516,0.40600307814067954,0.3159999999999999,0.24599999999999994
1,BR(BM25),0.1510150541707278,0.5735669373692629,0.40882683508112,0.3239999999999999,0.258
2,BR(PL2),0.14117769900225532,0.5576790636744182,0.39705779015891773,0.29999999999999993,0.2299999999999999
3,BR(InL2),0.160618543370705,0.5865556605125666,0.41838325896948836,0.3479999999999998,0.27999999999999997
4,BR(Hiemstra_LM),0.21750458373089782,0.7604100270245086,0.4856645937829514,0.4279999999999999,0.33
