,name,map,recip_rank,ndcg,P_5,P_10
0,BR(TF_IDF),0.14792318140510988,0.5457054130878927,0.40324872418257385,0.31999999999999995,0.24799999999999986
1,BR(BM25),0.14831727349555685,0.5509568311120777,0.40461639996586457,0.3239999999999999,0.24799999999999986
2,BR(PL2),0.14080237742252638,0.5364052433297121,0.39572265797128603,0.3079999999999999,0.2339999999999999
3,BR(InL2),0.15727882246141422,0.583136711947057,0.41648613621576436,0.3319999999999999,0.26599999999999996
4,BR(Hiemstra_LM),0.21283356588900318,0.738258037711729,0.48024258840708706,0.4279999999999999,0.3299999999999999
