,name,map,recip_rank,ndcg,P_5,P_10
0,BR(TF_IDF),0.1530573932203589,0.5676670274170275,0.40810667065692047,0.3279999999999999,0.2559999999999999
1,BR(BM25),0.15400662636580348,0.5734986090924719,0.4107005096607349,0.3319999999999999,0.2579999999999999
2,BR(PL2),0.14523178238032655,0.5493940959459827,0.39953064477475314,0.31199999999999994,0.24199999999999988
3,BR(InL2),0.1622956599844972,0.5842100348911494,0.41977701431388437,0.33999999999999986,0.27399999999999997
4,BR(Hiemstra_LM),0.21787518584466548,0.7542580377117291,0.4857690172766956,0.43199999999999994,0.33199999999999996
