,name,map,recip_rank,ndcg,P_5,P_10
0,BR(TF_IDF),0.15284697694194352,0.5664826386103757,0.40777423129072704,0.31199999999999994,0.25799999999999995
1,BR(BM25),0.15399639727316997,0.5726902460284813,0.41017406951616747,0.31599999999999995,0.25999999999999995
2,BR(PL2),0.14412512467491212,0.5632700809568013,0.39907545383461285,0.2919999999999999,0.23799999999999993
3,BR(InL2),0.16184334057236732,0.5818518121702264,0.4189535474240198,0.3279999999999999,0.2699999999999999
4,BR(Hiemstra_LM),0.21551966149094653,0.7504036036036037,0.48192239098858897,0.4279999999999999,0.32800000000000007
