,name,map,recip_rank,ndcg,P_5,P_10
0,BR(TF_IDF),0.14580783564923114,0.5364972968208263,0.398764404849222,0.2999999999999999,0.2439999999999999
1,BR(BM25),0.14663819825258853,0.5412138675883982,0.40018564153808206,0.3039999999999999,0.2439999999999999
2,BR(PL2),0.13943984142642107,0.53358506646445,0.3925797597880151,0.29199999999999987,0.23799999999999993
3,BR(InL2),0.1550703526818305,0.562481868655903,0.41122885467421705,0.3199999999999999,0.26799999999999996
4,BR(Hiemstra_LM),0.21288781756614308,0.7314188873305284,0.47833310379829136,0.41599999999999987,0.32799999999999996
