,name,map,recip_rank,ndcg,P_5,P_10
0,BR(TF_IDF),0.14613123670633443,0.5499066449879682,0.39949199532873686,0.2959999999999999,0.2419999999999999
1,BR(BM25),0.14773294363581518,0.556645288045288,0.40202844783074865,0.2999999999999999,0.2419999999999999
2,BR(PL2),0.13986050870818353,0.5487544965478148,0.39394715463913327,0.28799999999999987,0.23599999999999993
3,BR(InL2),0.1565214536968291,0.57590003465724,0.4130044406187642,0.3199999999999999,0.26399999999999996
4,BR(Hiemstra_LM),0.21266312334698179,0.7314188873305284,0.47809860299604984,0.4199999999999999,0.33399999999999996
