,name,map,recip_rank,ndcg,P_5,P_10
0,BR(TF_IDF),0.15329686509213614,0.5697095238095238,0.40856114495157203,0.31599999999999995,0.2559999999999999
1,BR(BM25),0.15387841755833465,0.5759910428325061,0.4107556405907406,0.31999999999999995,0.2559999999999999
2,BR(PL2),0.1456570701511389,0.56675,0.4019495979817922,0.29999999999999993,0.2439999999999999
3,BR(InL2),0.16292545489571175,0.5761187986055243,0.42049143266197136,0.33999999999999986,0.28
4,BR(Hiemstra_LM),0.2179323312401695,0.7547298701298701,0.4852235939353778,0.4279999999999999,0.33199999999999996
