,name,map,recip_rank,ndcg,P_5,P_10
0,BR(TF_IDF),0.14802179728176515,0.5534950129488346,0.40254729744869905,0.30799999999999994,0.2459999999999999
1,BR(BM25),0.14863283672787103,0.5629526980700613,0.40477331689845947,0.3159999999999999,0.2459999999999999
2,BR(PL2),0.14135063095777847,0.5536953995824964,0.39767664097961325,0.2999999999999999,0.2339999999999999
3,BR(InL2),0.15845609393306126,0.5858954170526224,0.41696589838797943,0.33599999999999985,0.27
4,BR(Hiemstra_LM),0.2131204863213329,0.7387298701298702,0.4800867464549466,0.4239999999999998,0.3299999999999999
