,name,map,recip_rank,ndcg,P_5,P_10
0,BR(TF_IDF),0.14653880444773432,0.549771320732766,0.4002121612824308,0.2959999999999999,0.2419999999999999
1,BR(BM25),0.14786729993949888,0.5573573732718894,0.4025068096962912,0.2999999999999999,0.2419999999999999
2,BR(PL2),0.14047468992052328,0.5483803684908867,0.39505492119761665,0.28799999999999987,0.23199999999999993
3,BR(InL2),0.15729341926537743,0.5757283292104721,0.41413425240224433,0.3239999999999999,0.2619999999999999
4,BR(Hiemstra_LM),0.2136531167287922,0.7347530585356671,0.47957029653361927,0.4199999999999999,0.33399999999999996
