,name,map,recip_rank,ndcg,P_5,P_10
0,BR(TF_IDF),0.1533438807424817,0.5628606463606463,0.40881936007601316,0.3159999999999999,0.2539999999999999
1,BR(BM25),0.15445248983307094,0.5692503675425022,0.4112380039994436,0.3199999999999999,0.26199999999999996
2,BR(PL2),0.1463422120051617,0.5595856027278795,0.4012915483199075,0.30799999999999994,0.23399999999999996
3,BR(InL2),0.1641375384536785,0.5840548281377252,0.4220839905657776,0.3359999999999998,0.27199999999999996
4,BR(Hiemstra_LM),0.21761764311327098,0.7587406392694065,0.48472046652678347,0.4279999999999999,0.33
