,name,map,recip_rank,ndcg,P_5,P_10
0,BR(TF_IDF),0.14620625100168333,0.549379258648817,0.4006487437941879,0.30399999999999994,0.2419999999999999
1,BR(BM25),0.147680838109062,0.5560465281003497,0.40292182407456645,0.3079999999999999,0.2419999999999999
2,BR(PL2),0.14006842302864972,0.54733003977008,0.3953015243634884,0.29199999999999987,0.2279999999999999
3,BR(InL2),0.15750877132508811,0.5752808059482937,0.4152452016637032,0.3279999999999999,0.26799999999999996
4,BR(Hiemstra_LM),0.2126518629528353,0.7354197252023339,0.4787003242796735,0.4239999999999998,0.33199999999999996
