,name,map,recip_rank,ndcg,P_5,P_10
0,BR(TF_IDF),0.15309735027752933,0.5663782523318606,0.40788003833067643,0.31199999999999994,0.25599999999999995
1,BR(BM25),0.1537749151751412,0.57338377472201,0.40953853220953135,0.31599999999999995,0.25799999999999995
2,BR(PL2),0.14510413963977783,0.5641793539011849,0.39991311196278057,0.2919999999999999,0.2439999999999999
3,BR(InL2),0.16207477005618376,0.5834767316017316,0.4191481100637727,0.33599999999999985,0.2699999999999999
4,BR(Hiemstra_LM),0.21639938901327901,0.7497360539347295,0.48274148845641024,0.42399999999999993,0.32800000000000007
