,name,map,recip_rank,ndcg,P_5,P_10
0,BR(TF_IDF),0.15027081460363367,0.565496411996412,0.40649353261281634,0.3079999999999999,0.24999999999999997
1,BR(BM25),0.15134568058967093,0.5743370802709324,0.4094835747231976,0.3159999999999999,0.258
2,BR(PL2),0.14255633859686861,0.5635030339642266,0.39913591770796125,0.29999999999999993,0.23399999999999996
3,BR(InL2),0.1618378512313205,0.5852752868859037,0.4200032609573269,0.3399999999999998,0.27599999999999997
4,BR(Hiemstra_LM),0.21770061977705224,0.7604073059360732,0.4852866690482734,0.4279999999999999,0.33
