,name,map,recip_rank,ndcg,P_5,P_10
0,BR(TF_IDF),0.1465699814011586,0.5523908411076072,0.4007218451989394,0.29999999999999993,0.23799999999999996
1,BR(BM25),0.14764368331516178,0.5618133537042488,0.4031528612923644,0.3079999999999999,0.244
2,BR(PL2),0.13919131583251726,0.5498123211925974,0.39266718583757504,0.2879999999999999,0.22599999999999995
3,BR(InL2),0.15610985473146152,0.5754805767761649,0.4117074313934366,0.3159999999999999,0.25199999999999995
4,BR(Hiemstra_LM),0.206683823807236,0.7364620451620452,0.47134976767825576,0.40399999999999986,0.30799999999999994
