,name,map,recip_rank,ndcg,P_5,P_10
0,BR(TF_IDF),0.1398432140047008,0.5197180345851753,0.39114089295080684,0.2839999999999999,0.23199999999999996
1,BR(BM25),0.1409515513848814,0.5243451985326986,0.39288871897520744,0.2879999999999999,0.23199999999999996
2,BR(PL2),0.13358020945209279,0.5160622671105266,0.38464241699303253,0.2719999999999999,0.22999999999999995
3,BR(InL2),0.14790654869839603,0.5454036224725022,0.4022500495267135,0.29999999999999993,0.244
4,BR(Hiemstra_LM),0.20327530462593288,0.7076334962510197,0.46635324030354997,0.39599999999999996,0.3119999999999999
