,name,map,recip_rank,ndcg,P_5,P_10
0,BR(TF_IDF),0.1425575076946909,0.5489731417253977,0.39843059761911703,0.2919999999999999,0.234
1,BR(BM25),0.14351834716466177,0.5562729849007222,0.4006015222217171,0.29599999999999993,0.24
2,BR(PL2),0.13613263081839813,0.5419378523553486,0.3908618746658382,0.2879999999999999,0.22199999999999995
3,BR(InL2),0.1538796202122528,0.5762988037052553,0.4114803053491005,0.3199999999999999,0.254
4,BR(Hiemstra_LM),0.20717831193268504,0.7358075713053789,0.4729855058641467,0.4039999999999999,0.30999999999999994
