,name,map,recip_rank,ndcg,P_5,P_10
0,BR(TF_IDF),0.14061271267512918,0.5349647697130951,0.39362177992421665,0.2919999999999999,0.22999999999999995
1,BR(BM25),0.1416541420348911,0.542009023291612,0.39640391175803613,0.30399999999999994,0.23199999999999996
2,BR(PL2),0.13553456917189435,0.5357984422984423,0.3895449403507959,0.27999999999999986,0.22799999999999998
3,BR(InL2),0.15048039967868593,0.5577972203235361,0.4066053683244471,0.31199999999999994,0.25000000000000006
4,BR(Hiemstra_LM),0.20233852215506073,0.7143562437562438,0.4667808399778339,0.39599999999999996,0.30999999999999994
