,name,map,recip_rank,ndcg,P_5,P_10
0,BR(TF_IDF),0.13985407556603924,0.5298031188458433,0.3925515371953237,0.2879999999999999,0.22799999999999998
1,BR(BM25),0.14106860471020366,0.5402902701890507,0.3952489699298652,0.2959999999999999,0.22799999999999998
2,BR(PL2),0.13411856777582423,0.528033411928702,0.3869871683384995,0.27199999999999985,0.22399999999999998
3,BR(InL2),0.14880805563044316,0.5558024250450387,0.40475870916373785,0.30799999999999994,0.242
4,BR(Hiemstra_LM),0.2020281827378692,0.710867527400136,0.46645741196021234,0.39599999999999996,0.30999999999999994
