,name,map,recip_rank,ndcg,P_5,P_10
0,BR(TF_IDF),0.14591565301424328,0.549035281502092,0.39876725588851664,0.292,0.23999999999999994
1,BR(BM25),0.1465453984412789,0.5581785686415092,0.4010463918947968,0.29999999999999993,0.24399999999999994
2,BR(PL2),0.13857749915392303,0.5462091384707484,0.3915271836648554,0.2759999999999999,0.2339999999999999
3,BR(InL2),0.15505136183474005,0.5600304215737509,0.4096725160190517,0.316,0.25599999999999995
4,BR(Hiemstra_LM),0.2060672891864028,0.725115633704553,0.47001063604024185,0.3999999999999999,0.3099999999999999
