,name,map,recip_rank,ndcg,P_5,P_10
0,BR(TF_IDF),0.14592960737950414,0.5480008166181799,0.3994864609664866,0.29599999999999993,0.2439999999999999
1,BR(BM25),0.1465374771133751,0.5589853598397287,0.4020954760174593,0.30399999999999994,0.24399999999999994
2,BR(PL2),0.1400985389778291,0.5486847317180807,0.39433498260226885,0.28399999999999986,0.23799999999999993
3,BR(InL2),0.15547562095911543,0.5634802628917238,0.41081802676854356,0.31999999999999995,0.25999999999999995
4,BR(Hiemstra_LM),0.20752730397098662,0.7301094498996938,0.47196754286551107,0.4039999999999999,0.3139999999999999
