,name,map,recip_rank,ndcg,P_5,P_10
0,BR(TF_IDF),0.1396661352954774,0.53269476778257,0.3913246483597478,0.2799999999999999,0.23199999999999998
1,BR(BM25),0.14125970699986307,0.5390008759871566,0.39392112414188646,0.28399999999999986,0.23199999999999998
2,BR(PL2),0.13362332942229985,0.5289914876789877,0.3853305605846433,0.26799999999999985,0.22799999999999998
3,BR(InL2),0.1482343914408416,0.558490749120161,0.4036535551959458,0.29999999999999993,0.24399999999999994
4,BR(Hiemstra_LM),0.20191563280903996,0.7074824472999706,0.4652190281399639,0.39199999999999996,0.3119999999999999
