,name,map,recip_rank,ndcg,P_5,P_10
0,BR(TF_IDF),0.14748951346613354,0.5703897337176411,0.39878855461184076,0.30399999999999994,0.23999999999999994
1,BR(BM25),0.14844957110773946,0.5833639292441195,0.4015122489840255,0.3119999999999999,0.2419999999999999
2,BR(PL2),0.14038269316038976,0.5807871525558906,0.3926595892494737,0.28799999999999987,0.23199999999999993
3,BR(InL2),0.15625471058887108,0.5789780628894333,0.4083085568532618,0.3199999999999999,0.25199999999999995
4,BR(Hiemstra_LM),0.20320796667955676,0.7165861170784101,0.4620603340781521,0.39599999999999996,0.3059999999999999
