,name,map,recip_rank,ndcg,P_5,P_10
0,BR(TF_IDF),0.14314836619898402,0.563980301526364,0.3944750041070465,0.2919999999999999,0.23199999999999993
1,BR(BM25),0.1439087506737399,0.5709276815546446,0.3966873998902032,0.3039999999999999,0.23199999999999993
2,BR(PL2),0.1365690060559623,0.5640991934010793,0.38763403963891657,0.28399999999999986,0.22599999999999995
3,BR(InL2),0.1501516507880828,0.5712531326619729,0.4020480351400429,0.3079999999999999,0.24399999999999994
4,BR(Hiemstra_LM),0.19876159749140684,0.6983588572575326,0.45851604949508074,0.39599999999999996,0.3059999999999999
