,name,map,recip_rank,ndcg,P_5,P_10
0,BR(TF_IDF),0.14247670461536033,0.5662067000535523,0.3930839308843022,0.2879999999999999,0.23799999999999993
1,BR(BM25),0.14369270417564356,0.5698787782619472,0.3949626694201397,0.29199999999999987,0.23799999999999993
2,BR(PL2),0.13535955104216166,0.5595971943023855,0.3851453879208174,0.26799999999999985,0.22999999999999993
3,BR(InL2),0.14957138991232902,0.5733387757328007,0.40119365427871534,0.30399999999999994,0.2439999999999999
4,BR(Hiemstra_LM),0.19888891060487665,0.6983685541742106,0.45728706687157383,0.3879999999999999,0.3079999999999999
