,name,map,recip_rank,ndcg,P_5,P_10
0,BR(TF_IDF),0.14631904213396552,0.5640079961273149,0.39706569224161187,0.29599999999999993,0.23799999999999993
1,BR(BM25),0.14726034257404108,0.5724483109130855,0.3993680851680431,0.30399999999999994,0.23999999999999994
2,BR(PL2),0.13972189258175688,0.5749824839014772,0.391429118201717,0.2799999999999999,0.2279999999999999
3,BR(InL2),0.1550712539858757,0.5726778210260336,0.40649415056729504,0.31199999999999994,0.2539999999999999
4,BR(Hiemstra_LM),0.2018936659134598,0.7065861170784102,0.4604551552090973,0.3999999999999999,0.30799999999999994
