,name,map,recip_rank,ndcg,P_5,P_10
0,BR(TF_IDF),0.1417347827751147,0.5593401310669536,0.3927205203505665,0.2879999999999999,0.22999999999999993
1,BR(BM25),0.14327236146411482,0.5665845787098797,0.39534155782880825,0.2999999999999999,0.22999999999999993
2,BR(PL2),0.13502033268726593,0.5561484707962964,0.384968636397962,0.2799999999999998,0.22599999999999995
3,BR(InL2),0.14923418860126525,0.5708844047648552,0.40130822999337135,0.30799999999999994,0.23799999999999993
4,BR(Hiemstra_LM),0.19860587529235796,0.6982384675941239,0.458075657912677,0.3919999999999999,0.3079999999999999
