,name,map,recip_rank,ndcg,P_5,P_10
0,BR(TF_IDF),0.14362355873622273,0.5604218393955624,0.3950330573487838,0.29599999999999993,0.23399999999999999
1,BR(BM25),0.144787055036813,0.5753025632964199,0.3977387679271369,0.3039999999999999,0.236
2,BR(PL2),0.1361090957098205,0.5553581702356649,0.3884951611580954,0.28799999999999987,0.22599999999999995
3,BR(InL2),0.1537447852179642,0.5825844529118358,0.4071743122184161,0.3199999999999999,0.25399999999999995
4,BR(Hiemstra_LM),0.20456851799204206,0.719263668912541,0.4649464505372836,0.39599999999999996,0.3079999999999999
