,name,map,recip_rank,ndcg,P_5,P_10
0,BR(TF_IDF),0.14767482224599132,0.5769345527097609,0.3989059704451124,0.29599999999999993,0.2439999999999999
1,BR(BM25),0.14818257932176418,0.5757825531498666,0.40052265590698527,0.3079999999999999,0.2419999999999999
2,BR(PL2),0.14133831924154777,0.5670996630132561,0.39257307064283636,0.28799999999999987,0.23199999999999993
3,BR(InL2),0.15511656632862728,0.5718013613014734,0.406206732025972,0.3159999999999999,0.25199999999999995
4,BR(Hiemstra_LM),0.20442121452565343,0.714100233564153,0.46462597602074296,0.4039999999999999,0.30999999999999994
