,name,map,recip_rank,ndcg,P_5,P_10
0,BR(TF_IDF),0.14197031550937095,0.5448813093527375,0.39064419282913737,0.2919999999999999,0.23599999999999993
1,BR(BM25),0.14301007674797012,0.548454532768528,0.39252182723233453,0.29599999999999993,0.2339999999999999
2,BR(PL2),0.13495193660946433,0.5366027478081191,0.3831292412478632,0.2759999999999999,0.22999999999999993
3,BR(InL2),0.14861154382989525,0.5503487608268678,0.3983237484997022,0.30399999999999994,0.2439999999999999
4,BR(Hiemstra_LM),0.19966924981798267,0.6985196031252596,0.4583538718844135,0.3879999999999999,0.3079999999999999
