,name,map,recip_rank,ndcg,P_5,P_10
0,BR(TF_IDF),0.1476755846000246,0.5590276434804676,0.3980878407134228,0.2999999999999999,0.23799999999999993
1,BR(BM25),0.14847299540732187,0.5716854723554201,0.4003013869547626,0.3079999999999999,0.244
2,BR(PL2),0.14008910479623204,0.5551423447453243,0.39117751485973157,0.28799999999999987,0.22799999999999992
3,BR(InL2),0.15613303042606633,0.5707178317508559,0.4075519498355012,0.3159999999999999,0.25399999999999995
4,BR(Hiemstra_LM),0.2035595082317669,0.7176361029301362,0.46323832780384366,0.39599999999999996,0.3079999999999999
