,name,map,recip_rank,ndcg,P_5,P_10
0,BR(TF_IDF),0.13854852252616193,0.5477024397862599,0.38707622791566687,0.2719999999999999,0.23599999999999993
1,BR(BM25),0.1402969314564053,0.5518477345197655,0.3895909851270932,0.27599999999999986,0.23799999999999996
2,BR(PL2),0.13328671548951912,0.5447953330979086,0.3817701288957129,0.26799999999999985,0.2299999999999999
3,BR(InL2),0.14708822050248388,0.5791360048468703,0.3982527349524298,0.29599999999999993,0.24599999999999994
4,BR(Hiemstra_LM),0.1966132186032458,0.7022150188206753,0.45439806489428214,0.3839999999999999,0.29999999999999993
