,name,map,recip_rank,ndcg,P_5,P_10
0,BR(TF_IDF),0.13230819457236181,0.5562580157768559,0.3761196880307396,0.30799999999999994,0.21200000000000002
1,BR(BM25),0.13491315586823463,0.5689734145558429,0.3793108422463878,0.30399999999999994,0.212
2,BR(PL2),0.1278320491584626,0.5473447180386666,0.3697196807909437,0.2959999999999999,0.204
3,BR(InL2),0.14243611935955122,0.5992967079048065,0.38976127381468473,0.31999999999999995,0.22400000000000003
4,BR(Hiemstra_LM),0.19630698112498973,0.7171933132096734,0.45219778354043,0.3839999999999999,0.3019999999999999
