,name,map,recip_rank,ndcg,P_5,P_10
0,BR(TF_IDF),0.14414809188943642,0.5625412928224536,0.39443836782982045,0.29999999999999993,0.23999999999999994
1,BR(BM25),0.1453885399908556,0.5694558656709291,0.3966344533225076,0.30399999999999994,0.24199999999999997
2,BR(PL2),0.13918759984022955,0.5728095296899157,0.3904106766016837,0.28399999999999986,0.2279999999999999
3,BR(InL2),0.15318916175921538,0.582022148096924,0.4048566024369052,0.3159999999999999,0.254
4,BR(Hiemstra_LM),0.20096577819702396,0.7254710203025994,0.4601632640863588,0.3879999999999999,0.29999999999999993
