,name,map,recip_rank,ndcg,P_5,P_10
0,BR(TF_IDF),0.14406328818866165,0.5577699063999398,0.39332209924927625,0.2879999999999999,0.24199999999999997
1,BR(BM25),0.14513407065650566,0.565553549983903,0.39520473230739467,0.2879999999999999,0.23999999999999996
2,BR(PL2),0.1380843138187271,0.5570952836319168,0.3875906135177833,0.2759999999999999,0.2259999999999999
3,BR(InL2),0.1512699061016669,0.5735852557991405,0.4021129220047557,0.3079999999999999,0.254
4,BR(Hiemstra_LM),0.20010878013544248,0.7148640027587397,0.45848818070445213,0.3879999999999999,0.30199999999999994
