,name,map,recip_rank,ndcg,P_5,P_10
0,BR(TF_IDF),0.1284610958470779,0.5005388570427135,0.36118455176461234,0.2599999999999999,0.21599999999999991
1,BR(BM25),0.12876517713272884,0.511149912433673,0.3622400626656508,0.25999999999999995,0.21599999999999991
2,BR(PL2),0.1270438728961925,0.5104437826054931,0.3603659526410603,0.2439999999999999,0.20599999999999988
3,BR(InL2),0.13601031869336974,0.5163261528776234,0.3706138689851046,0.2799999999999999,0.23199999999999993
4,BR(Hiemstra_LM),0.1816673869413915,0.6042531638016719,0.42005761393365615,0.37599999999999995,0.2839999999999999
