,name,map,recip_rank,ndcg,P_5,P_10
0,BR(TF_IDF),0.1273879044161893,0.49190043642917436,0.3603907165364666,0.25599999999999995,0.2119999999999999
1,BR(BM25),0.1305673649099176,0.5301284300867191,0.36661593177824253,0.25999999999999995,0.20999999999999994
2,BR(PL2),0.12413284869395963,0.4931863380363287,0.3574886213998278,0.24799999999999994,0.20599999999999988
3,BR(InL2),0.13556862349631152,0.5143585046132418,0.37048077977728133,0.2759999999999999,0.22999999999999995
4,BR(Hiemstra_LM),0.181690680259647,0.6065848708060811,0.4227031621383039,0.368,0.2839999999999999
