,name,map,recip_rank,ndcg,P_5,P_10
0,BR(TF_IDF),0.13936254345873378,0.5475356523159944,0.38828008978042416,0.27599999999999986,0.23399999999999996
1,BR(BM25),0.14083779937682298,0.5511729265567072,0.3902941433584287,0.27599999999999986,0.236
2,BR(PL2),0.13457393007483037,0.5541095602111034,0.38398302827164066,0.26799999999999985,0.22999999999999993
3,BR(InL2),0.1481084647945349,0.5788423214629982,0.39934881451148874,0.29599999999999993,0.24399999999999994
4,BR(Hiemstra_LM),0.19691982264462204,0.7020909128965692,0.4549386570788745,0.3839999999999999,0.29999999999999993
