,name,map,recip_rank,ndcg,P_5,P_10
0,BR(TF_IDF),0.1323388794645653,0.5802871168550087,0.3662687720901991,0.3039999999999999,0.20999999999999996
1,BR(BM25),0.1356319832528319,0.5906806285860235,0.3708059862531161,0.30799999999999994,0.21799999999999997
2,BR(PL2),0.12727660142154198,0.5848302638150439,0.3595863990073747,0.29999999999999993,0.20199999999999999
3,BR(InL2),0.1407011225431302,0.5879580645744907,0.37928856358766194,0.32,0.22200000000000006
4,BR(Hiemstra_LM),0.19462922153641798,0.6946255444375664,0.4425542945043675,0.3759999999999999,0.2979999999999999
