,name,map,recip_rank,ndcg,P_5,P_10
0,BR(TF_IDF),0.14467441374936954,0.5597595102307522,0.3942392827933993,0.2879999999999999,0.2439999999999999
1,BR(BM25),0.14568724468757113,0.5624168649685486,0.3962996912251899,0.2879999999999999,0.24599999999999994
2,BR(PL2),0.1387709466039931,0.5565326491935397,0.3887568199551526,0.28399999999999986,0.22999999999999993
3,BR(InL2),0.1524441560586121,0.5763998853846937,0.404023852106977,0.3079999999999999,0.25199999999999995
4,BR(Hiemstra_LM),0.2015403179773454,0.7180886191622947,0.4607174679971463,0.39599999999999985,0.30399999999999994
