,name,map,recip_rank,ndcg,P_5,P_10
0,BR(TF_IDF),0.13881027353129904,0.5448000458393322,0.3880424252850944,0.2799999999999999,0.22999999999999993
1,BR(BM25),0.1402603266000676,0.5483935821115903,0.3900260587611838,0.2799999999999999,0.23399999999999996
2,BR(PL2),0.13374196765713822,0.5484718443894575,0.3830875820648494,0.26799999999999985,0.22599999999999995
3,BR(InL2),0.14748699212308689,0.5763902684843122,0.3991609381744084,0.30399999999999994,0.23999999999999996
4,BR(Hiemstra_LM),0.1960096163876958,0.7022673834848046,0.4544386826263617,0.3879999999999999,0.29799999999999993
