,name,map,recip_rank,ndcg,P_5,P_10
0,BR(TF_IDF),0.13231944109028976,0.5115790300427733,0.37463998989807906,0.27599999999999986,0.22399999999999992
1,BR(BM25),0.13511760917593185,0.5369242638695085,0.37913410780431567,0.2799999999999999,0.22399999999999992
2,BR(PL2),0.12844607631045732,0.5130954582619348,0.3710988090893936,0.2719999999999998,0.22199999999999992
3,BR(InL2),0.1411629359929168,0.54136924683636,0.3854064316830395,0.3039999999999999,0.23999999999999994
4,BR(Hiemstra_LM),0.1873230972843167,0.6456737770101149,0.4377494898128,0.3719999999999999,0.292
