,name,map,recip_rank,ndcg,P_5,P_10
0,BR(TF_IDF),0.14329673894169784,0.557764729126114,0.39274648525219996,0.2879999999999999,0.23799999999999993
1,BR(BM25),0.1443801411570897,0.564571534945757,0.3945498168929866,0.2879999999999999,0.23799999999999993
2,BR(PL2),0.13746069792498303,0.5569544481039653,0.3873777145353814,0.2759999999999999,0.21999999999999992
3,BR(InL2),0.15127908598773143,0.5744834614724594,0.402425245125075,0.30799999999999994,0.252
4,BR(Hiemstra_LM),0.1997571908966364,0.7154710203025993,0.45882721877887506,0.3919999999999999,0.30199999999999994
