,name,map,recip_rank,ndcg,P_5,P_10
0,BR(TF_IDF),0.13269122280556994,0.5871990772377458,0.37349339161843637,0.30399999999999994,0.21400000000000002
1,BR(BM25),0.1359144106393945,0.6064444051111201,0.37780135800069353,0.29999999999999993,0.21400000000000002
2,BR(PL2),0.12735146196457084,0.5712416879270957,0.36516797623093766,0.2919999999999999,0.206
3,BR(InL2),0.14211934564957363,0.6112902372714598,0.3864810051954279,0.31999999999999995,0.22000000000000003
4,BR(Hiemstra_LM),0.19589965225011718,0.7152428416533528,0.45134928832414806,0.37999999999999984,0.296
