,name,map,recip_rank,ndcg,P_5,P_10
0,BR(TF_IDF),0.13904772073688368,0.5623226041005666,0.3881225827335807,0.3119999999999999,0.22400000000000003
1,BR(BM25),0.13956746561204833,0.5693811324572822,0.38958285058622527,0.3039999999999998,0.226
2,BR(PL2),0.13394004910816945,0.5530121141996516,0.3821287368847516,0.2999999999999999,0.21599999999999997
3,BR(InL2),0.14538743362769746,0.5753289512419947,0.3958448942048307,0.31199999999999983,0.23799999999999996
4,BR(Hiemstra_LM),0.2002159814588543,0.7248991610532225,0.45745776004019917,0.3839999999999999,0.3059999999999999
