,name,map,recip_rank,ndcg,P_5,P_10
0,BR(TF_IDF),0.1407684911691666,0.5580085932423651,0.391700831305033,0.29599999999999993,0.23199999999999996
1,BR(BM25),0.14206419490474295,0.5690421890422758,0.39462925265049587,0.3039999999999999,0.23199999999999998
2,BR(PL2),0.13499293535629317,0.5499839619874897,0.38650090505731505,0.28799999999999987,0.21799999999999994
3,BR(InL2),0.15038930377044785,0.5662625874586127,0.40258176872197693,0.3159999999999999,0.252
4,BR(Hiemstra_LM),0.2015999663569061,0.7255052420968389,0.4615931226348404,0.3919999999999999,0.30399999999999994
