,name,map,recip_rank,ndcg,P_5,P_10
0,BR(TF_IDF),0.12706094547747454,0.5727044274154042,0.3586268586680255,0.28800000000000003,0.21399999999999994
1,BR(BM25),0.12920798839040626,0.575938615882725,0.3619259307257379,0.29200000000000004,0.21799999999999997
2,BR(PL2),0.12358246641232702,0.5659587497386663,0.3528938379874747,0.28,0.20199999999999996
3,BR(InL2),0.1368682001667929,0.5716412820160676,0.3715362800703988,0.308,0.2280000000000001
4,BR(Hiemstra_LM),0.18820600899813844,0.70598372842381,0.4361075799018497,0.3759999999999999,0.2879999999999999
