,name,map,recip_rank,ndcg,P_5,P_10
0,BR(TF_IDF),0.12054552996977129,0.5373610828298743,0.3462934944718629,0.272,0.19399999999999995
1,BR(BM25),0.1245770570529191,0.5547429635262715,0.3533413148342816,0.272,0.19999999999999993
2,BR(PL2),0.11603623177965185,0.5560769931246794,0.3416754651375872,0.25200000000000006,0.19199999999999995
3,BR(InL2),0.1302437106858174,0.5590677581637286,0.36075662431153765,0.28800000000000003,0.214
4,BR(Hiemstra_LM),0.18643219557356033,0.7079694970258105,0.43370965759378094,0.3759999999999999,0.2799999999999999
