,name,map,recip_rank,ndcg,P_5,P_10
0,BR(TF_IDF),0.1439651590771027,0.5528015365007729,0.3940850668991081,0.29599999999999993,0.23799999999999993
1,BR(BM25),0.145770444210563,0.5594795151038716,0.39685344563666236,0.30399999999999994,0.242
2,BR(PL2),0.13841369263142309,0.5481264880847201,0.38862287725104344,0.28399999999999986,0.22599999999999995
3,BR(InL2),0.1530157917014776,0.5687806138146511,0.40412349810800213,0.3159999999999999,0.256
4,BR(Hiemstra_LM),0.20121149612465727,0.7255164569742157,0.4607757900491995,0.3879999999999999,0.30199999999999994
