,name,map,recip_rank,ndcg,P_5,P_10
0,BR(TF_IDF),0.1395207023082714,0.554018159862918,0.3892976599493278,0.2999999999999999,0.23599999999999993
1,BR(BM25),0.1413890110652315,0.5784404210091655,0.3935022814264837,0.3039999999999999,0.236
2,BR(PL2),0.13385619751975134,0.5437032477737607,0.3839224766084201,0.2919999999999999,0.21999999999999992
3,BR(InL2),0.14874332589872982,0.5896864889832066,0.4014203304280772,0.3119999999999999,0.248
4,BR(Hiemstra_LM),0.20182893800060234,0.7218863984850163,0.46062031471786896,0.3879999999999999,0.3059999999999999
