,name,map,recip_rank,ndcg,P_5,P_10
0,BR(TF_IDF),0.1373856089797492,0.5349774032407936,0.3672445594074685,0.248,0.20199999999999987
1,BR(BM25),0.13754129796487363,0.5343644188898774,0.36786930148826896,0.24400000000000002,0.20199999999999987
2,BR(PL2),0.13474731201386086,0.5151267385816276,0.3634797563056174,0.24400000000000002,0.2059999999999999
3,BR(InL2),0.14416668809370548,0.5377182493943201,0.37441398228989997,0.272,0.22199999999999995
4,BR(Hiemstra_LM),0.18337763649560665,0.6229322413359997,0.4140053928938779,0.35600000000000004,0.27399999999999997
