,name,map,recip_rank,ndcg,P_5,P_10
0,BR(TF_IDF),0.1504527547615307,0.5520926094982891,0.3936777136362473,0.288,0.23199999999999993
1,BR(BM25),0.15187178143082977,0.5526803166246271,0.39609259793463975,0.292,0.23199999999999993
2,BR(PL2),0.14375281723025546,0.526409351800482,0.38571785501117434,0.27599999999999997,0.2219999999999999
3,BR(InL2),0.1588896945113148,0.5719998710593596,0.40343474646448074,0.30400000000000005,0.24599999999999994
4,BR(Hiemstra_LM),0.20120887222322878,0.7124259684948675,0.45232757335259727,0.3879999999999999,0.29799999999999993
