,name,map,recip_rank,ndcg,P_5,P_10
0,BR(TF_IDF),0.13399307995816742,0.5526603725387966,0.36068400945520807,0.29599999999999993,0.20999999999999994
1,BR(BM25),0.13705889628898904,0.5729589152873138,0.36502912420093375,0.304,0.2139999999999999
2,BR(PL2),0.12943427618865533,0.5538069928717976,0.354308579089417,0.284,0.20599999999999993
3,BR(InL2),0.14208076830870822,0.5732267683627033,0.37346669274536815,0.30400000000000005,0.22399999999999998
4,BR(Hiemstra_LM),0.19073406220290207,0.6895259800938455,0.43420040266946247,0.37199999999999994,0.2879999999999999
