,name,map,recip_rank,ndcg,P_5,P_10
0,BR(TF_IDF),0.1308411971170902,0.5673705426442404,0.3561479187647761,0.28800000000000003,0.21599999999999997
1,BR(BM25),0.13230924032159008,0.5778029861742268,0.35897379734880885,0.29200000000000004,0.21399999999999994
2,BR(PL2),0.12627826969960695,0.5529484017350619,0.3481803716871435,0.28400000000000003,0.20999999999999996
3,BR(InL2),0.1384708618419794,0.5795667375125759,0.36612917695624636,0.31600000000000006,0.22199999999999995
4,BR(Hiemstra_LM),0.18271612177573668,0.6905190041751316,0.4225903371497377,0.3599999999999999,0.282
