,name,map,recip_rank,ndcg,P_5,P_10
0,BR(TF_IDF),0.1392961221213575,0.5414299495048074,0.37821074242672237,0.31199999999999994,0.21599999999999997
1,BR(BM25),0.14047038790533573,0.5542661290372956,0.38076378374454545,0.31199999999999994,0.21600000000000003
2,BR(PL2),0.13198451548304832,0.5245025016307482,0.36931317340912223,0.284,0.21399999999999994
3,BR(InL2),0.14538012076712828,0.5676532541132167,0.3866134186766328,0.3199999999999999,0.23600000000000002
4,BR(Hiemstra_LM),0.19406144904123576,0.7126858436141623,0.44339033543630374,0.3679999999999999,0.2919999999999999
