,name,map,recip_rank,ndcg,P_5,P_10
0,BR(TF_IDF),0.13397802548625562,0.4980818506926378,0.36132278689395064,0.23200000000000004,0.2039999999999999
1,BR(BM25),0.13416707550270052,0.5138989101110734,0.363340507616391,0.23600000000000002,0.20199999999999993
2,BR(PL2),0.13265480678491098,0.5026834811235866,0.36109638551598056,0.22800000000000004,0.20199999999999993
3,BR(InL2),0.14305374188670372,0.5265832885707638,0.3725739813745589,0.268,0.21799999999999994
4,BR(Hiemstra_LM),0.1806128764347494,0.6090010663637421,0.4120703790528988,0.344,0.26599999999999996
