,name,map,recip_rank,ndcg,P_5,P_10
0,BR(TF_IDF),0.12219394358844646,0.5540390447558946,0.34357839221887565,0.26400000000000007,0.19599999999999998
1,BR(BM25),0.12385847705659904,0.5716742038209152,0.34733704795019293,0.26000000000000006,0.19999999999999996
2,BR(PL2),0.11646765408466207,0.5376381585596812,0.33332595668512155,0.26400000000000007,0.18999999999999997
3,BR(InL2),0.13066134617277117,0.5829938769652538,0.3562243496371787,0.29200000000000004,0.206
4,BR(Hiemstra_LM),0.18019580958460493,0.6856584990297486,0.4179009022875273,0.35999999999999993,0.27599999999999997
