,name,map,recip_rank,ndcg,P_5,P_10
0,BR(TF_IDF),0.11303614187350837,0.533051021359072,0.3272003930317925,0.2360000000000001,0.176
1,BR(BM25),0.1161512463735581,0.5399890599806865,0.33471135271394364,0.24800000000000005,0.17799999999999996
2,BR(PL2),0.10723667598242759,0.5013611882927196,0.31813796215300927,0.2280000000000001,0.176
3,BR(InL2),0.11960242932902823,0.5371767052563357,0.3363929916560249,0.256,0.182
4,BR(Hiemstra_LM),0.18126234058100438,0.6859935919029995,0.416740951071495,0.3759999999999999,0.2799999999999999
