,name,map,recip_rank,ndcg,P_5,P_10
0,BR(TF_IDF),0.14904419430275126,0.5583832868153211,0.3936739922315579,0.31199999999999994,0.234
1,BR(BM25),0.1492030353343096,0.5586831454600386,0.39442343141635794,0.31199999999999994,0.23199999999999998
2,BR(PL2),0.14251893595868717,0.5425666830768381,0.3866988908513527,0.2879999999999999,0.21999999999999992
3,BR(InL2),0.15541335548541352,0.5690411062017241,0.4006995849701931,0.316,0.23800000000000002
4,BR(Hiemstra_LM),0.20170954918007303,0.722216194617471,0.4536940788484643,0.39599999999999985,0.29599999999999993
