,name,map,recip_rank,ndcg,P_5,P_10
0,BR(TF_IDF),0.13867618369546794,0.5685944884966405,0.3745015466296022,0.3,0.21400000000000002
1,BR(BM25),0.14059903394946474,0.5778925947872026,0.37801736547079523,0.30400000000000005,0.21
2,BR(PL2),0.13339049473597733,0.5691681757420827,0.36810305288951084,0.292,0.20199999999999999
3,BR(InL2),0.14485726707159213,0.5925630318578845,0.38480440147809825,0.30800000000000005,0.218
4,BR(Hiemstra_LM),0.19302968680354643,0.7106882210195526,0.44092688472956953,0.37199999999999994,0.286
