,name,map,recip_rank,ndcg,P_5,P_10
0,BR(TF_IDF),0.1401224125135737,0.5097594144293647,0.3748041601346665,0.256,0.2139999999999999
1,BR(BM25),0.14040262458090488,0.5218472733460792,0.3767174855336032,0.252,0.21999999999999992
2,BR(PL2),0.1367262696469111,0.4980676331419444,0.3713737817266574,0.244,0.21199999999999988
3,BR(InL2),0.1468866553260134,0.5375326994089338,0.38363505591502955,0.28400000000000003,0.22399999999999995
4,BR(Hiemstra_LM),0.18738921633102404,0.6559092966248217,0.42740875843322484,0.3439999999999999,0.27399999999999997
