,name,map,recip_rank,ndcg,P_5,P_10
0,BR(TF_IDF),0.14660356999246868,0.5617790396488599,0.39185659608033135,0.304,0.22799999999999998
1,BR(BM25),0.14786042821961365,0.5706316801678412,0.3943422857639128,0.316,0.22999999999999995
2,BR(PL2),0.14095641159507222,0.5562775299022149,0.38681334656486577,0.292,0.21799999999999997
3,BR(InL2),0.15362027996983305,0.578655304578064,0.40009625043754615,0.31999999999999995,0.24
4,BR(Hiemstra_LM),0.20056489516061426,0.7316891607964771,0.45400002177007004,0.3839999999999999,0.28999999999999987
