,name,map,recip_rank,ndcg,P_5,P_10
0,BR(TF_IDF),0.1472257666924552,0.5475291726647445,0.3881374596333727,0.26799999999999996,0.22399999999999987
1,BR(BM25),0.1499512496819628,0.5679974861646209,0.3928789775096757,0.272,0.22599999999999995
2,BR(PL2),0.14286693102514728,0.5327951698579327,0.38301524265296594,0.264,0.2199999999999999
3,BR(InL2),0.15474514535580425,0.5603015959518038,0.39598989641872095,0.28400000000000003,0.23799999999999993
4,BR(Hiemstra_LM),0.199275593166567,0.7113388572794187,0.4477583750280107,0.38399999999999984,0.2879999999999999
