,name,map,recip_rank,ndcg,P_5,P_10
0,BR(TF_IDF),0.14134514419316035,0.5498987613928442,0.3850765490103387,0.29599999999999993,0.222
1,BR(BM25),0.14239594816220033,0.5570993899729956,0.3871687627698042,0.30399999999999994,0.22399999999999998
2,BR(PL2),0.13702277736491314,0.5398696737273165,0.38018930309132837,0.2879999999999999,0.22199999999999995
3,BR(InL2),0.14936295056306229,0.5740953832121776,0.3946305027189237,0.31199999999999994,0.23999999999999996
4,BR(Hiemstra_LM),0.1974796681911266,0.7206994250024785,0.44778316347836183,0.3839999999999999,0.29599999999999993
