,name,map,recip_rank,ndcg,P_5,P_10
0,BR(TF_IDF),0.14279502695615937,0.5540732381591524,0.38211157943442076,0.2919999999999999,0.21999999999999992
1,BR(BM25),0.1417094526282802,0.550786423290384,0.38106731306624264,0.2919999999999999,0.21999999999999992
2,BR(PL2),0.13921007023544016,0.5461681603230045,0.378044967086864,0.284,0.2179999999999999
3,BR(InL2),0.1502714782324911,0.561077594552125,0.3895148517110068,0.31199999999999994,0.23399999999999999
4,BR(Hiemstra_LM),0.1965087659667754,0.7133861908695482,0.4430096224111271,0.3959999999999998,0.29399999999999993
