,name,map,recip_rank,ndcg,P_5,P_10
0,BR(TF_IDF),0.1352491492473531,0.5255569069474919,0.372595391199325,0.2959999999999998,0.22400000000000003
1,BR(BM25),0.1356890058650071,0.5398576428026318,0.37435332928971277,0.2999999999999998,0.21999999999999997
2,BR(PL2),0.1322325838366738,0.537273134157829,0.3699480806046073,0.2959999999999998,0.21199999999999997
3,BR(InL2),0.1443393401742791,0.5627578132222674,0.383769753349737,0.3119999999999999,0.23799999999999996
4,BR(Hiemstra_LM),0.19286134726110876,0.716172543505877,0.43866832368936315,0.3919999999999999,0.2979999999999999
