,name,map,recip_rank,ndcg,P_5,P_10
0,BR(TF_IDF),0.1432787168980804,0.557281785527033,0.3784336674463124,0.25999999999999995,0.21399999999999988
1,BR(BM25),0.14359687118615627,0.5572868945442022,0.37900513666018143,0.25999999999999995,0.21599999999999986
2,BR(PL2),0.1392149194123785,0.54797384261992,0.37353407003881095,0.244,0.20399999999999988
3,BR(InL2),0.14879988744365943,0.5546879008223375,0.38375246994022255,0.292,0.2339999999999999
4,BR(Hiemstra_LM),0.19264809268286956,0.7031353741371535,0.43545656910994623,0.3799999999999998,0.2819999999999999
