,name,map,recip_rank,ndcg,P_5,P_10
0,BR(TF_IDF),0.10666826897820243,0.5171288898257379,0.3176618199429298,0.2320000000000001,0.17799999999999996
1,BR(BM25),0.11026655784419774,0.5360337127365866,0.3246599718888106,0.2480000000000001,0.182
2,BR(PL2),0.10324943041470078,0.5030220298344614,0.31078843559613645,0.2240000000000001,0.172
3,BR(InL2),0.11384905267359445,0.5437571499419355,0.3281679771966865,0.24000000000000007,0.17999999999999997
4,BR(Hiemstra_LM),0.17508911002602864,0.6862329798725446,0.4091584757284526,0.3719999999999999,0.27199999999999996
