,name,map,recip_rank,ndcg,P_5,P_10
0,BR(TF_IDF),0.13610169229342417,0.5158358790589388,0.3581079870048518,0.25999999999999995,0.20999999999999988
1,BR(BM25),0.13488967052139267,0.5165789088842148,0.3580189072833464,0.252,0.2079999999999999
2,BR(PL2),0.13057583598745556,0.49844373751969784,0.3522920075220125,0.23999999999999996,0.20199999999999987
3,BR(InL2),0.14138349286612276,0.5181107122361353,0.36432716786030894,0.28,0.22199999999999992
4,BR(Hiemstra_LM),0.18131043545647396,0.6529460192148149,0.4095715276292996,0.35199999999999987,0.27199999999999996
