,name,map,recip_rank,ndcg,P_5,P_10
0,BR(TF_IDF),0.1304168560268692,0.5317282562105466,0.36585480101001616,0.29599999999999993,0.22
1,BR(BM25),0.13148645920427626,0.5398399285911928,0.36777910888945625,0.30799999999999994,0.218
2,BR(PL2),0.12645205566915757,0.5328561108470492,0.362070774119354,0.29599999999999993,0.20599999999999993
3,BR(InL2),0.13815587971999194,0.5509212193046336,0.3755049148268385,0.3279999999999999,0.23000000000000004
4,BR(Hiemstra_LM),0.19108868168526047,0.7143462893448906,0.436383870175397,0.37999999999999984,0.29599999999999993
