,name,map,recip_rank,ndcg,P_5,P_10
0,BR(TF_IDF),0.11438980850903979,0.5210096746363331,0.3295371431776685,0.25200000000000006,0.2
1,BR(BM25),0.11588138536934771,0.5297542100147892,0.33337540764710943,0.25600000000000006,0.20800000000000002
2,BR(PL2),0.11193856759337173,0.524325283923546,0.32453787098237546,0.25600000000000006,0.19399999999999998
3,BR(InL2),0.1229333302002923,0.548982091709363,0.342668450380723,0.28400000000000003,0.21
4,BR(Hiemstra_LM),0.17492583168975348,0.6874563537089713,0.41070277837273683,0.3559999999999999,0.27399999999999997
