,name,map,recip_rank,ndcg,P_5,P_10
0,BR(TF_IDF),0.145296951173017,0.5586961172113393,0.3827451002068175,0.27599999999999997,0.21599999999999991
1,BR(BM25),0.14607222807433698,0.5660093212981834,0.3844471564156597,0.2799999999999999,0.21599999999999994
2,BR(PL2),0.1424591955807907,0.562465701749742,0.37995569986261124,0.26399999999999996,0.21399999999999988
3,BR(InL2),0.1526712595395785,0.5740011537915415,0.39131546297764025,0.308,0.2339999999999999
4,BR(Hiemstra_LM),0.1959597165355266,0.7041458656804613,0.4414982499707415,0.3919999999999998,0.28799999999999987
