,name,map,recip_rank,ndcg,P_5,P_10
0,BR(TF_IDF),0.13768049333225515,0.5227684771359824,0.3659269726673787,0.26399999999999996,0.21199999999999988
1,BR(BM25),0.13756935075233487,0.5274121304271274,0.3668438114840393,0.25999999999999995,0.20999999999999985
2,BR(PL2),0.13409080467203072,0.5105948037956122,0.36225020111092326,0.24399999999999994,0.2039999999999999
3,BR(InL2),0.14452868703120786,0.5443179393016073,0.37452389158932703,0.284,0.22599999999999995
4,BR(Hiemstra_LM),0.1828998459731387,0.6485329169744931,0.4159575364837501,0.35599999999999987,0.27399999999999997
