,name,map,recip_rank,ndcg,P_5,P_10
0,BR(TF_IDF),0.14254666466564664,0.5602424759352431,0.3825733604829126,0.3,0.23
1,BR(BM25),0.1423686235608662,0.5703355576412299,0.3834880315887885,0.29999999999999993,0.23
2,BR(PL2),0.13796757266284387,0.5666530851263495,0.3791495315117895,0.2919999999999999,0.222
3,BR(InL2),0.14880451799685723,0.5793193702685714,0.39017740336378254,0.31199999999999994,0.24000000000000005
4,BR(Hiemstra_LM),0.1956971701427645,0.723315990022813,0.44388216277929343,0.3879999999999999,0.28999999999999987
