,name,map,recip_rank,ndcg,P_5,P_10
0,BR(TF_IDF),0.12626007008943824,0.5817202386668663,0.34764377891209725,0.28400000000000003,0.22
1,BR(BM25),0.12809043731994102,0.5871817369589748,0.3512370983652111,0.28400000000000003,0.22
2,BR(PL2),0.12116996187637781,0.5510674712125324,0.3396947542678618,0.276,0.212
3,BR(InL2),0.1314972745425043,0.5706018694353919,0.35409966686350186,0.312,0.22799999999999998
4,BR(Hiemstra_LM),0.17879814528694854,0.700308469738002,0.4160129784220487,0.3759999999999999,0.2799999999999999
