,name,map,recip_rank,ndcg,P_5,P_10
0,BR(TF_IDF),0.1279361934820715,0.5333863884692281,0.35003470455313285,0.27999999999999997,0.214
1,BR(BM25),0.12921566674227983,0.5399127002020091,0.35275879772697166,0.284,0.21599999999999997
2,BR(PL2),0.1212096999249565,0.5366912818444954,0.34281064209556794,0.27199999999999996,0.206
3,BR(InL2),0.13698236825120744,0.5675768594642799,0.36311938425927665,0.296,0.22399999999999995
4,BR(Hiemstra_LM),0.18531091504146552,0.6810951218669067,0.42409685793594126,0.384,0.27599999999999997
