,name,map,recip_rank,ndcg,P_5,P_10
0,BR(TF_IDF),0.13144409465928902,0.5622880173076827,0.36270368028356287,0.292,0.21400000000000002
1,BR(BM25),0.13223872629482844,0.5713833769255973,0.3651961810513491,0.3,0.21200000000000002
2,BR(PL2),0.12620685424880737,0.5602277979251099,0.35669116578984567,0.292,0.19999999999999996
3,BR(InL2),0.13929398310436542,0.5930439257283662,0.3742589325658646,0.30399999999999994,0.22599999999999998
4,BR(Hiemstra_LM),0.18748456048880724,0.7026003351623211,0.43132178586508735,0.3759999999999999,0.284
