,name,map,recip_rank,ndcg,P_5,P_10
0,BR(TF_IDF),0.13474517439393627,0.5165019635975926,0.3553987191037064,0.244,0.1999999999999999
1,BR(BM25),0.13503943904933452,0.5256794526076924,0.35684833533159,0.24799999999999997,0.20199999999999987
2,BR(PL2),0.12948286051215685,0.49281533350797035,0.34942807211433474,0.23999999999999996,0.1979999999999999
3,BR(InL2),0.1392975135301312,0.5147602573706251,0.3604218352324306,0.264,0.21599999999999994
4,BR(Hiemstra_LM),0.17680117216763908,0.6088246490052924,0.4015885575732849,0.348,0.2619999999999999
