,name,map,recip_rank,ndcg,P_5,P_10
0,BR(TF_IDF),0.161028664148122,0.6744277756126169,0.4216845781213631,0.348,0.2579999999999999
1,BR(BM25),0.16212083315540057,0.6811835946075746,0.42369562600651656,0.3439999999999999,0.2579999999999999
2,BR(PL2),0.15469347746181572,0.660852225168061,0.4124461841548183,0.32799999999999985,0.24599999999999997
3,BR(InL2),0.16960017830186858,0.6869700093582045,0.4325736752519622,0.3599999999999999,0.2699999999999999
4,BR(Hiemstra_LM),0.2242998009925955,0.7348015720229369,0.4875572659072988,0.41199999999999987,0.33599999999999997
