,name,map,recip_rank,ndcg,P_5,P_10
0,BR(TF_IDF),0.16166349383627643,0.6777611089459501,0.42195005342759395,0.348,0.2579999999999999
1,BR(BM25),0.16255885092766775,0.6811403045642845,0.4239987598273014,0.3439999999999999,0.2579999999999999
2,BR(PL2),0.15510541862305305,0.660852225168061,0.41280345929300777,0.32799999999999985,0.24599999999999997
3,BR(InL2),0.17070793276948787,0.6969173777792572,0.43415430015361933,0.3599999999999999,0.2699999999999999
4,BR(Hiemstra_LM),0.22449767057646974,0.7348015720229369,0.48769330778809983,0.41199999999999987,0.33599999999999997
