,name,map,recip_rank,ndcg,P_5,P_10
0,BR(TF_IDF),0.16249755349231673,0.677799309091909,0.4229145194022857,0.348,0.2579999999999999
1,BR(BM25),0.16344641839374174,0.6813109691160016,0.4249688274815478,0.3439999999999999,0.2579999999999999
2,BR(PL2),0.15541697083630043,0.6609168803404749,0.41358439798002294,0.31999999999999984,0.24599999999999997
3,BR(InL2),0.1704435646912197,0.6871144728642432,0.43375858751402274,0.3599999999999999,0.26799999999999996
4,BR(Hiemstra_LM),0.22478982074295636,0.7348015720229369,0.4882283107963765,0.41199999999999987,0.33599999999999997
