,name,map,recip_rank,ndcg,P_5,P_10
0,BR(TF_IDF),0.162384383224969,0.677799309091909,0.42274781075105194,0.348,0.2579999999999999
1,BR(BM25),0.1634136755099825,0.6813109691160016,0.42492504158430733,0.3439999999999999,0.2579999999999999
2,BR(PL2),0.15530362084700408,0.6609168803404749,0.41346325153748253,0.31999999999999984,0.24599999999999997
3,BR(InL2),0.17034949916589767,0.6871144728642432,0.43368950399642275,0.3599999999999999,0.26799999999999996
4,BR(Hiemstra_LM),0.2247858112032104,0.7348011206575567,0.48821927911201696,0.41199999999999987,0.33599999999999997
