,name,map,recip_rank,ndcg,P_5,P_10
0,BR(TF_IDF),0.162384383224969,0.677799309091909,0.42274781075105194,0.348,0.2579999999999999
1,BR(BM25),0.16341358986788085,0.6813109691160016,0.4249248319996564,0.3439999999999999,0.2579999999999999
2,BR(PL2),0.155303537384005,0.6609168803404749,0.41346304551952934,0.31999999999999984,0.24599999999999997
3,BR(InL2),0.17034681517651343,0.6871144728642432,0.4336850724223295,0.3599999999999999,0.26799999999999996
4,BR(Hiemstra_LM),0.2247858112032104,0.7348011206575567,0.48821927911201696,0.41199999999999987,0.33599999999999997
