,name,map,recip_rank,ndcg,P_5,P_10
0,BR(TF_IDF),0.16238213482251967,0.6777990784911939,0.4227388169466859,0.348,0.2579999999999999
1,BR(BM25),0.16338512636054184,0.681308741821367,0.42489068165381616,0.3439999999999999,0.2579999999999999
2,BR(PL2),0.1552877903394896,0.6609166915721879,0.413436305825524,0.31999999999999984,0.24599999999999997
3,BR(InL2),0.1703252882396103,0.6871142015380005,0.43365422298188394,0.3599999999999999,0.26799999999999996
4,BR(Hiemstra_LM),0.22478312122570754,0.7348006735503404,0.4882143995404634,0.41199999999999987,0.33599999999999997
