,name,map,recip_rank,ndcg,P_5,P_10
0,BR(TF_IDF),0.16286965193979897,0.6777990784911939,0.4231728111909947,0.35199999999999987,0.2579999999999999
1,BR(BM25),0.16378802497251627,0.681308741821367,0.4252523638300151,0.3439999999999999,0.2579999999999999
2,BR(PL2),0.15567249758371207,0.6609166915721879,0.41381111102748686,0.31999999999999984,0.24599999999999997
3,BR(InL2),0.17086443685397398,0.6871128009777763,0.43413772068674367,0.3639999999999998,0.26799999999999996
4,BR(Hiemstra_LM),0.2250007491560381,0.7348006735503404,0.48859955451105164,0.41199999999999987,0.33599999999999997
