,name,map,recip_rank,ndcg,P_5,P_10
0,BR(TF_IDF),0.16300820554601203,0.6677906319062145,0.42225496596455847,0.35199999999999987,0.2579999999999999
1,BR(BM25),0.16350659787501368,0.6612603483521333,0.42316865351215577,0.3439999999999999,0.2579999999999999
2,BR(PL2),0.15436938044463067,0.6375565645580695,0.41072391387684853,0.31999999999999984,0.24799999999999997
3,BR(InL2),0.17026691613094594,0.6670570568813625,0.4321156366420887,0.3639999999999998,0.2679999999999999
4,BR(Hiemstra_LM),0.22478479375124094,0.7347984672838814,0.4884340164455908,0.41199999999999987,0.33599999999999997
