,name,map,recip_rank,ndcg,P_5,P_10
0,BR(TF_IDF),0.1464159630281485,0.6270295883952263,0.3846662592954753,0.3159999999999999,0.23799999999999993
1,BR(BM25),0.14877574570522614,0.6321632169688611,0.38791870443133747,0.32399999999999984,0.23999999999999994
2,BR(PL2),0.14040855792651646,0.6095344365810003,0.3754760594177465,0.3119999999999999,0.23399999999999987
3,BR(InL2),0.15651077976093236,0.6436713518852919,0.3995756391503163,0.32799999999999985,0.25199999999999995
4,BR(Hiemstra_LM),0.21192317299805827,0.7509716846233345,0.46648076376225156,0.43199999999999994,0.31999999999999995
