,name,map,recip_rank,ndcg,P_5,P_10
0,BR(TF_IDF),0.14596070811124545,0.6085466037024285,0.38845832943082165,0.31599999999999995,0.2419999999999999
1,BR(BM25),0.14834007411080602,0.6158280821783727,0.3912117340144848,0.3239999999999999,0.2359999999999999
2,BR(PL2),0.14000206163872128,0.5917868817485231,0.3787363951482905,0.31599999999999995,0.23199999999999996
3,BR(InL2),0.1561075323310174,0.6443503513994083,0.4025959780651919,0.3199999999999999,0.25199999999999995
4,BR(Hiemstra_LM),0.21200662599928338,0.7510846060110328,0.4685554873310428,0.424,0.31799999999999995
