,name,map,recip_rank,ndcg,P_5,P_10
0,BR(TF_IDF),0.1476684599410515,0.6217632151379204,0.3921290577071202,0.31599999999999995,0.2499999999999999
1,BR(BM25),0.1500642367283722,0.6273415728206324,0.3956598611580944,0.31599999999999995,0.24799999999999994
2,BR(PL2),0.1429971676948515,0.6094666054989734,0.3844848369686907,0.31999999999999995,0.23799999999999993
3,BR(InL2),0.1569857206624218,0.629744994298299,0.4048135560953268,0.3239999999999999,0.2659999999999999
4,BR(Hiemstra_LM),0.21340633600315506,0.746076659411647,0.47000443310470663,0.42399999999999993,0.31799999999999995
