,name,map,recip_rank,ndcg,P_5,P_10
0,BR(TF_IDF),0.15364836930231865,0.6258218032730231,0.4042393147218356,0.3479999999999998,0.26399999999999996
1,BR(BM25),0.15743708961084435,0.6620160705828225,0.41056582662368823,0.34399999999999986,0.26199999999999996
2,BR(PL2),0.1491085770167588,0.622439620508694,0.3962770025301633,0.3399999999999999,0.25199999999999995
3,BR(InL2),0.16495370481012872,0.6802045027719089,0.4199414817300227,0.35999999999999976,0.27399999999999997
4,BR(Hiemstra_LM),0.21667621395812175,0.7236313285176971,0.47373804494274474,0.43199999999999994,0.32799999999999996
