,name,map,recip_rank,ndcg,P_5,P_10
0,BR(TF_IDF),0.15421936571743927,0.6571568897679232,0.4081618805594931,0.35599999999999987,0.25799999999999995
1,BR(BM25),0.157543132610611,0.6815276771830686,0.41328541588519235,0.35599999999999987,0.25599999999999995
2,BR(PL2),0.14835727565979256,0.6367100257792333,0.39858908332664345,0.3439999999999999,0.24999999999999997
3,BR(InL2),0.1648341328682955,0.6888706812569526,0.42156882339552904,0.36799999999999977,0.26799999999999996
4,BR(Hiemstra_LM),0.21954043710666507,0.7361136773865802,0.47931267052388726,0.43199999999999994,0.33199999999999996
