,name,map,recip_rank,ndcg,P_5,P_10
0,BR(TF_IDF),0.15635886060992982,0.66925743025046,0.410208908509167,0.35999999999999976,0.26199999999999996
1,BR(BM25),0.16128677908465416,0.6913945989871287,0.4174465826962203,0.3559999999999998,0.2639999999999999
2,BR(PL2),0.15022945099381652,0.6499689933263078,0.40088854467055524,0.3479999999999998,0.25399999999999995
3,BR(InL2),0.16575254234133469,0.6757517909396124,0.42220851934231696,0.3759999999999997,0.2779999999999999
4,BR(Hiemstra_LM),0.22084458747216223,0.7360908147747192,0.4806875534280325,0.43999999999999995,0.33399999999999996
