,name,map,recip_rank,ndcg,P_5,P_10
0,BR(TF_IDF),0.15674992255001746,0.6602565128688009,0.4103946504790835,0.35999999999999976,0.25999999999999995
1,BR(BM25),0.16125011864108418,0.6730612656537954,0.41658910008823197,0.3559999999999998,0.26199999999999996
2,BR(PL2),0.15078189891462868,0.64096807582429,0.40141447273725667,0.3479999999999998,0.24799999999999994
3,BR(InL2),0.16405330546704455,0.6557509267598628,0.4200523100014052,0.36799999999999977,0.2779999999999999
4,BR(Hiemstra_LM),0.22210868193406821,0.7360908147747192,0.481485859476661,0.43999999999999995,0.33399999999999996
