,name,map,recip_rank,ndcg,P_5,P_10
0,BR(TF_IDF),0.15740870712105748,0.6488329003548655,0.41075468182735436,0.36399999999999977,0.25799999999999995
1,BR(BM25),0.15990645754809588,0.6588577085002056,0.41523936892710656,0.3559999999999998,0.26199999999999996
2,BR(PL2),0.15149576558705022,0.6408616525568727,0.4023945926424114,0.3479999999999999,0.24599999999999994
3,BR(InL2),0.1648484504340674,0.6668613930130672,0.4211625024255451,0.36799999999999977,0.27999999999999997
4,BR(Hiemstra_LM),0.22384511978808316,0.7560891469262452,0.484911253690375,0.43999999999999995,0.33599999999999997
