,name,map,recip_rank,ndcg,P_5,P_10
0,BR(TF_IDF),0.15787011605849474,0.6500228358805945,0.4114157934507381,0.36399999999999977,0.25999999999999995
1,BR(BM25),0.16044494482996277,0.660176389818887,0.415747234623115,0.3559999999999998,0.26399999999999996
2,BR(PL2),0.15248066398342788,0.6414751951793107,0.4032209338752124,0.3519999999999998,0.24799999999999994
3,BR(InL2),0.16570995832890373,0.6677825561079199,0.4220095409744416,0.3759999999999997,0.27599999999999997
4,BR(Hiemstra_LM),0.22515122387260555,0.7660891469262452,0.4870426916171684,0.43999999999999995,0.33599999999999997
