,name,map,recip_rank,ndcg,P_5,P_10
0,BR(TF_IDF),0.15890514739356207,0.6406241504800946,0.411749589462788,0.3559999999999998,0.26599999999999996
1,BR(BM25),0.16364769746270455,0.6658204260651628,0.41951406906737554,0.3559999999999998,0.26599999999999996
2,BR(PL2),0.15402134840964665,0.6345581162930662,0.40538765178880454,0.3479999999999998,0.24799999999999997
3,BR(InL2),0.16770989869943967,0.6725960433451441,0.42455833564584977,0.3799999999999998,0.27599999999999997
4,BR(Hiemstra_LM),0.22861177496582974,0.7754202595219464,0.4908915313017605,0.43599999999999994,0.34
