,name,map,recip_rank,ndcg,P_5,P_10
0,BR(TF_IDF),0.1585136786746567,0.6482901964142971,0.411084549452016,0.3519999999999998,0.26999999999999996
1,BR(BM25),0.16384983823904642,0.6768194951116299,0.41974909428293583,0.3559999999999998,0.26799999999999996
2,BR(PL2),0.154042004384576,0.6487386576618098,0.4059346010189275,0.3479999999999998,0.24999999999999997
3,BR(InL2),0.1678607718467697,0.6729605994239857,0.42408182793353416,0.3839999999999998,0.27999999999999997
4,BR(Hiemstra_LM),0.22873967636348846,0.7754209103187129,0.49009544938780364,0.43599999999999994,0.34
