,name,map,recip_rank,ndcg,P_5,P_10
0,BR(TF_IDF),0.15482050154456384,0.6238350256384689,0.40579880071673524,0.3479999999999999,0.25999999999999995
1,BR(BM25),0.1603264480407399,0.6618068884520497,0.41480396517092943,0.3479999999999999,0.26199999999999996
2,BR(PL2),0.14937231857747282,0.6125098711808958,0.39868554110145327,0.33599999999999985,0.24599999999999994
3,BR(InL2),0.1657268609452322,0.6560365652029913,0.4206246203518407,0.36399999999999993,0.2779999999999999
4,BR(Hiemstra_LM),0.22618697103369204,0.7697929185353316,0.48816758927077414,0.42399999999999993,0.3379999999999999
