,name,map,recip_rank,ndcg,P_5,P_10
0,BR(TF_IDF),0.161498486794862,0.6446387005781427,0.4139076956828143,0.35599999999999987,0.26399999999999996
1,BR(BM25),0.16435936375653878,0.6761499668319653,0.4198389313603308,0.352,0.26399999999999996
2,BR(PL2),0.155317151297092,0.6561116931097104,0.4078453387400111,0.34399999999999986,0.2459999999999999
3,BR(InL2),0.1719310594001446,0.6706912779103105,0.4275360745066428,0.3719999999999999,0.27799999999999997
4,BR(Hiemstra_LM),0.2281121047733482,0.7698125337518351,0.4895821019658414,0.42399999999999993,0.33799999999999997
