,name,map,recip_rank,ndcg,P_5,P_10
0,BR(TF_IDF),0.16134139558044147,0.6576184486418597,0.41395255825164834,0.3639999999999998,0.26199999999999996
1,BR(BM25),0.1641643695175332,0.6890069270999152,0.4195986570749853,0.36399999999999993,0.25999999999999995
2,BR(PL2),0.15508285385813472,0.6572196491632674,0.4068618547283615,0.3559999999999999,0.2459999999999999
3,BR(InL2),0.1714401692149687,0.6857737852201953,0.4284512531298031,0.37599999999999995,0.27599999999999997
4,BR(Hiemstra_LM),0.2274081099240352,0.770035755999058,0.48858432185862194,0.428,0.33399999999999996
