,name,map,recip_rank,ndcg,P_5,P_10
0,BR(TF_IDF),0.16107395921934647,0.6576166505966206,0.413841833440149,0.35999999999999993,0.25999999999999995
1,BR(BM25),0.16411150473931518,0.6894804146910228,0.41974249504090083,0.36399999999999993,0.25999999999999995
2,BR(PL2),0.15499172568699768,0.6565043345019761,0.4061060301925904,0.35199999999999987,0.24999999999999992
3,BR(InL2),0.17029318584856562,0.6829192253412263,0.42722341308314893,0.3719999999999999,0.27399999999999997
4,BR(Hiemstra_LM),0.22723180151626918,0.7699517878660039,0.4884940576486473,0.428,0.33399999999999996
