,name,map,recip_rank,ndcg,P_5,P_10
0,BR(TF_IDF),0.16165224913526857,0.6556917135597433,0.4137383736435625,0.3639999999999998,0.26199999999999996
1,BR(BM25),0.1636662645164322,0.6619728610561091,0.416505987608036,0.3719999999999999,0.26599999999999996
2,BR(PL2),0.15395060164361057,0.6229021788639464,0.4034809653672721,0.35199999999999987,0.2559999999999999
3,BR(InL2),0.16876850670757088,0.6543187704458423,0.42300667900389677,0.38399999999999984,0.27799999999999997
4,BR(Hiemstra_LM),0.22677322183888485,0.7548576616739128,0.4866142425035998,0.42399999999999993,0.33199999999999996
