,name,map,recip_rank,ndcg,P_5,P_10
0,BR(TF_IDF),0.16129480674276245,0.6523572564127674,0.4142335486799387,0.3639999999999998,0.26199999999999996
1,BR(BM25),0.1640466967727422,0.6683668095593289,0.41823469198890884,0.3719999999999999,0.262
2,BR(PL2),0.15479652780329237,0.6294015600941454,0.40467349103029426,0.35199999999999987,0.25799999999999995
3,BR(InL2),0.16879605467485004,0.6509833341059756,0.42322874101788316,0.3879999999999999,0.27599999999999997
4,BR(Hiemstra_LM),0.22777462575906984,0.7548682853165054,0.48768022919070647,0.42399999999999993,0.33199999999999996
