,name,map,recip_rank,ndcg,P_5,P_10
0,BR(TF_IDF),0.16037659790640885,0.650713037516577,0.41666265056371865,0.3599999999999999,0.25999999999999995
1,BR(BM25),0.1629944890987013,0.6700665736421467,0.4205573801666514,0.3599999999999999,0.26399999999999996
2,BR(PL2),0.1549063896168937,0.6380302260067103,0.4089205717488995,0.34399999999999986,0.25399999999999995
3,BR(InL2),0.1691763864405679,0.6624683130884021,0.4274311920085481,0.3759999999999999,0.276
4,BR(Hiemstra_LM),0.22650045753949427,0.7566222267348935,0.48916279067739077,0.4319999999999999,0.32599999999999996
