,name,map,recip_rank,ndcg,P_5,P_10
0,BR(TF_IDF),0.16118830049903796,0.6602355567178059,0.41794093894605006,0.3599999999999999,0.25999999999999995
1,BR(BM25),0.16337017570132073,0.6694621780377511,0.4213521620488619,0.3599999999999999,0.26599999999999996
2,BR(PL2),0.15496595311152186,0.6467207021971865,0.4103020854067377,0.33999999999999986,0.25599999999999995
3,BR(InL2),0.1692910379904716,0.6624683130884021,0.42827535463226946,0.3719999999999999,0.276
4,BR(Hiemstra_LM),0.22653016683323965,0.7574978999921033,0.4896382851043917,0.4319999999999999,0.3279999999999999
