,name,map,recip_rank,ndcg,P_5,P_10
0,BR(TF_IDF),0.15935900576813156,0.6527610489707398,0.41561384026853126,0.348,0.25799999999999995
1,BR(BM25),0.1611126448665873,0.6611115290501699,0.4181159622021926,0.35199999999999987,0.25999999999999995
2,BR(PL2),0.15344451890188315,0.635337544579403,0.4072123134239257,0.33599999999999985,0.24799999999999994
3,BR(InL2),0.1682235924634251,0.6516280539418605,0.4267002847856707,0.3679999999999998,0.272
4,BR(Hiemstra_LM),0.2259477644977952,0.7558181189168516,0.4886629681936903,0.41999999999999976,0.3279999999999999
