,name,map,recip_rank,ndcg,P_5,P_10
0,BR(TF_IDF),0.15899207803074464,0.6475004488232072,0.4141614666482623,0.348,0.25999999999999995
1,BR(BM25),0.16144031895733835,0.6686314410701318,0.4181460145178476,0.352,0.25799999999999995
2,BR(PL2),0.15305520251926186,0.6295837514190823,0.4049822841906427,0.33599999999999985,0.24999999999999992
3,BR(InL2),0.1681599857375582,0.650326552693627,0.4254400690874096,0.3599999999999999,0.26999999999999996
4,BR(Hiemstra_LM),0.22660319511509489,0.7518081802062935,0.4887787071031989,0.41999999999999976,0.32599999999999996
