,name,map,recip_rank,ndcg,P_5,P_10
0,BR(TF_IDF),0.15917477980118622,0.6491809169034048,0.4151294408050741,0.348,0.25999999999999995
1,BR(BM25),0.16175559664367395,0.6702610203442366,0.4192224326970378,0.352,0.25999999999999995
2,BR(PL2),0.15345499926634168,0.6312400000598529,0.4060990960038591,0.33599999999999985,0.25199999999999995
3,BR(InL2),0.16830422678824483,0.6536645488468008,0.42658648422199313,0.3599999999999999,0.26799999999999996
4,BR(Hiemstra_LM),0.2265205981965636,0.7518118331743299,0.4891345406188063,0.41999999999999976,0.32599999999999996
