,name,map,recip_rank,ndcg,P_5,P_10
0,BR(TF_IDF),0.14432876540221604,0.596772511075037,0.3791798101341579,0.29599999999999993,0.23999999999999994
1,BR(BM25),0.14537987793328275,0.6043245583506521,0.3820319936630919,0.2919999999999999,0.23599999999999993
2,BR(PL2),0.13671973487879313,0.566884128622209,0.3662165170984466,0.292,0.23399999999999987
3,BR(InL2),0.15618324881393184,0.6409716860901882,0.396893764676905,0.3239999999999999,0.24999999999999997
4,BR(Hiemstra_LM),0.21356938555744495,0.7763039504490485,0.4684548714565486,0.42399999999999993,0.316
