,name,map,recip_rank,ndcg,P_5,P_10
0,BR(TF_IDF),0.16002290396639626,0.6494017842956582,0.4165984704900987,0.348,0.2619999999999999
1,BR(BM25),0.16226967593280814,0.6704829790618474,0.42035693211689656,0.352,0.26199999999999996
2,BR(PL2),0.15413256935405573,0.6319223120980972,0.40705873119467206,0.33599999999999985,0.25599999999999995
3,BR(InL2),0.16825195035234689,0.6448059359605217,0.42593971636376327,0.3679999999999998,0.2719999999999999
4,BR(Hiemstra_LM),0.22699237609027909,0.7518099677622417,0.4895023061939577,0.41999999999999976,0.3299999999999999
