,name,map,recip_rank,ndcg,P_5,P_10
0,BR(TF_IDF),0.15934449487869323,0.64948639836472,0.4175363505384068,0.348,0.2599999999999999
1,BR(BM25),0.16161083385325867,0.670664602926458,0.42147398606426956,0.348,0.25999999999999995
2,BR(PL2),0.15398396866024322,0.6443397782601895,0.4098656953357594,0.33599999999999985,0.25399999999999995
3,BR(InL2),0.16722862924977783,0.6448171820243992,0.4267830934606712,0.3679999999999998,0.2679999999999999
4,BR(Hiemstra_LM),0.22763251998162592,0.7522945712866459,0.4910819245489276,0.4199999999999999,0.33399999999999996
