,name,map,recip_rank,ndcg,P_5,P_10
0,BR(TF_IDF),0.1592427751515778,0.6495095233878451,0.41743299265332,0.348,0.2599999999999999
1,BR(BM25),0.16148588135044029,0.6706611852914613,0.4209467258640535,0.348,0.25999999999999995
2,BR(PL2),0.15388359757277587,0.6443369104740759,0.40976319889443275,0.33599999999999985,0.25399999999999995
3,BR(InL2),0.16715210919273177,0.6448125688219208,0.4266992344682386,0.3679999999999998,0.2679999999999999
4,BR(Hiemstra_LM),0.2274676391596679,0.7522945712866459,0.4909901578452453,0.4199999999999999,0.33399999999999996
