,name,map,recip_rank,ndcg,P_5,P_10
0,BR(TF_IDF),0.15933110437050357,0.6497933426723737,0.41783193839626587,0.348,0.2579999999999999
1,BR(BM25),0.16173319313691237,0.6709451322828288,0.4214495309663504,0.348,0.25999999999999995
2,BR(PL2),0.15341859833713067,0.6360592128742778,0.4093518598378331,0.32799999999999985,0.25399999999999995
3,BR(InL2),0.16790407657289041,0.6581312296107142,0.428127109622887,0.37199999999999983,0.26599999999999985
4,BR(Hiemstra_LM),0.22736425559811946,0.7523020277076031,0.4908807154624631,0.4239999999999998,0.33399999999999996
