,name,map,recip_rank,ndcg,P_5,P_10
0,BR(TF_IDF),0.15963759920397586,0.6531264438309258,0.4187458732865689,0.348,0.2579999999999999
1,BR(BM25),0.16120344498917555,0.6609733186644232,0.4207596640314589,0.348,0.25999999999999995
2,BR(PL2),0.15368983971660177,0.6393915964858796,0.4099702999625018,0.32799999999999985,0.25399999999999995
3,BR(InL2),0.1677666618030959,0.6581306809063424,0.42842043561400767,0.3679999999999998,0.26599999999999985
4,BR(Hiemstra_LM),0.22698478551217074,0.7523020277076031,0.490640072556036,0.4239999999999998,0.33399999999999996
