,name,map,recip_rank,ndcg,P_5,P_10
0,BR(TF_IDF),0.1336662082356018,0.5499466828601659,0.35893141051783783,0.28399999999999986,0.21399999999999988
1,BR(BM25),0.13586518370867084,0.5670228388961007,0.3641495943422207,0.2839999999999999,0.21599999999999991
2,BR(PL2),0.12822813351285345,0.5353476336563725,0.3503878118265947,0.26799999999999985,0.21399999999999994
3,BR(InL2),0.14193201397045282,0.5622599285743033,0.37016438178422467,0.3159999999999998,0.22999999999999995
4,BR(Hiemstra_LM),0.19888012338161168,0.7314329856246878,0.44980145739594346,0.41199999999999987,0.29599999999999993
