,name,map,recip_rank,ndcg,P_5,P_10
0,BR(TF_IDF),0.1202605376835339,0.5287745171155175,0.3365586071390021,0.252,0.19799999999999993
1,BR(BM25),0.12342038242179815,0.5340547949028973,0.34247802621111645,0.264,0.1999999999999999
2,BR(PL2),0.11357908417459699,0.5165698831210346,0.3269024025372412,0.244,0.18399999999999994
3,BR(InL2),0.13136431688159594,0.568043534308392,0.3525672506700643,0.27199999999999996,0.21799999999999994
4,BR(Hiemstra_LM),0.1939946131476351,0.740012901507635,0.44208131601052886,0.4039999999999999,0.2919999999999999
