,name,map,recip_rank,ndcg,P_5,P_10
0,BR(TF_IDF),0.13369145038842764,0.5639843421139831,0.3573463131981767,0.27199999999999996,0.20999999999999988
1,BR(BM25),0.13401667559683872,0.5538802692955099,0.359940177599504,0.27199999999999996,0.2119999999999999
2,BR(PL2),0.12683941608540855,0.5418603067417832,0.34742042889577673,0.2679999999999999,0.19999999999999993
3,BR(InL2),0.1453361430250215,0.5802665734571252,0.3734645287626521,0.29599999999999993,0.21999999999999997
4,BR(Hiemstra_LM),0.1983682645507281,0.7388990682520096,0.44842234553047333,0.39999999999999986,0.29399999999999993
