,name,map,recip_rank,ndcg,P_5,P_10
0,BR(TF_IDF),0.14608383891885712,0.5498868196777488,0.3822614538717687,0.3079999999999999,0.24600000000000002
1,BR(BM25),0.1477862972168246,0.5784765526466419,0.38722410943399876,0.3159999999999999,0.248
2,BR(PL2),0.1387112001684921,0.5271026962099513,0.3734487262039741,0.2999999999999999,0.23800000000000002
3,BR(InL2),0.15267801961299315,0.5680739974291463,0.39320261678588,0.33599999999999985,0.254
4,BR(Hiemstra_LM),0.20673286556702075,0.7482796962239688,0.46970684853133904,0.3999999999999998,0.31599999999999995
