,name,map,recip_rank,ndcg,P_5,P_10
0,BR(TF_IDF),0.1436231132553185,0.564557857096619,0.37684132666151493,0.3079999999999998,0.24400000000000002
1,BR(BM25),0.14423876008341757,0.579252695775202,0.3806017165836462,0.3039999999999998,0.244
2,BR(PL2),0.1385237058351629,0.5540586360202567,0.3699690204233439,0.2999999999999998,0.22399999999999995
3,BR(InL2),0.1504102056495109,0.5709848605331317,0.387613962456315,0.3319999999999998,0.25
4,BR(Hiemstra_LM),0.20626968636574797,0.7570599621342724,0.4663830358339661,0.4039999999999999,0.31199999999999994
