,name,map,recip_rank,ndcg,P_5,P_10
0,BR(TF_IDF),0.1198893011019694,0.5242821087381165,0.3338594204117949,0.25999999999999995,0.20199999999999987
1,BR(BM25),0.12331172959850915,0.5278073871699791,0.3411690477624853,0.26799999999999996,0.2079999999999999
2,BR(PL2),0.11312507090228534,0.5074266747576716,0.3239195561301766,0.24799999999999997,0.18199999999999997
3,BR(InL2),0.1305834219072652,0.5615358450016579,0.3504756369156691,0.27999999999999997,0.21799999999999994
4,BR(Hiemstra_LM),0.19421851650705335,0.7407206677613574,0.4423275274287243,0.4039999999999999,0.2919999999999999
