,name,map,recip_rank,ndcg,P_5,P_10
0,BR(TF_IDF),0.1438419552141204,0.5560346768067188,0.3778845088610441,0.2999999999999999,0.24400000000000002
1,BR(BM25),0.14525628621896586,0.5703135239562769,0.3814876666565595,0.3039999999999998,0.25
2,BR(PL2),0.1369011308715815,0.5620842775606882,0.3712048353688842,0.2959999999999998,0.22199999999999995
3,BR(InL2),0.14975351117313768,0.560115262751773,0.38791702941665973,0.3319999999999999,0.248
4,BR(Hiemstra_LM),0.20467486842045987,0.7525508885590507,0.4677013331465505,0.39999999999999986,0.31199999999999994
