,name,map,recip_rank,ndcg,P_5,P_10
0,BR(TF_IDF),0.1146150800101256,0.5025454519796084,0.3278072030288832,0.24799999999999997,0.1979999999999999
1,BR(BM25),0.11944672898637798,0.5114516957826395,0.3368571174815221,0.268,0.20799999999999993
2,BR(PL2),0.10777909584670108,0.48575288373388104,0.316538852036374,0.23599999999999993,0.17799999999999994
3,BR(InL2),0.12502939539017416,0.5524382276903467,0.3465426011421072,0.2719999999999999,0.21599999999999994
4,BR(Hiemstra_LM),0.19206246737087176,0.7471475150677647,0.4410116875668658,0.39999999999999986,0.29599999999999993
