,name,map,recip_rank,ndcg,P_5,P_10
0,BR(TF_IDF),0.12810329820103966,0.5427061075987382,0.3473688474715594,0.26799999999999996,0.20399999999999988
1,BR(BM25),0.13047079215460966,0.5571134162178069,0.3526232668729141,0.27199999999999996,0.21199999999999997
2,BR(PL2),0.12186148646782562,0.5264846475726636,0.33730292475536044,0.25999999999999995,0.1979999999999999
3,BR(InL2),0.13881785081574494,0.5619328842344542,0.3608231764736359,0.29599999999999993,0.21599999999999994
4,BR(Hiemstra_LM),0.19626658930213606,0.7375615604926551,0.44385604732496736,0.39999999999999986,0.29399999999999993
