,name,map,recip_rank,ndcg,P_5,P_10
0,BR(TF_IDF),0.11923460159857159,0.5189627810094702,0.3353164915458134,0.26,0.20199999999999993
1,BR(BM25),0.12196759843858299,0.5338539316914608,0.3411415755753459,0.26,0.2079999999999999
2,BR(PL2),0.11159272983769218,0.5047392548694556,0.3258094329783343,0.23999999999999996,0.17999999999999994
3,BR(InL2),0.130150707429668,0.5527328245839297,0.351860053169353,0.27999999999999997,0.22399999999999995
4,BR(Hiemstra_LM),0.19501427970377397,0.7400216784962272,0.4429584306827213,0.4039999999999999,0.29399999999999993
