,name,map,recip_rank,ndcg,P_5,P_10
0,BR(TF_IDF),0.13269302533591432,0.5527676921047849,0.35705121898183473,0.2839999999999999,0.2059999999999999
1,BR(BM25),0.1335975028447397,0.5487935585775209,0.35905028893431284,0.2799999999999999,0.21199999999999997
2,BR(PL2),0.12548501790385783,0.52946489343972,0.3465200218886963,0.2639999999999999,0.19999999999999993
3,BR(InL2),0.14382491758047639,0.5750191200593054,0.3718549988268831,0.30399999999999994,0.22399999999999998
4,BR(Hiemstra_LM),0.19830379888795488,0.738898212898213,0.4488765474930617,0.4079999999999999,0.29599999999999993
