,name,map,recip_rank,ndcg,P_5,P_10
0,BR(TF_IDF),0.11922019314345367,0.5150330162328128,0.3334941765551628,0.264,0.20199999999999987
1,BR(BM25),0.12287609958231928,0.5322091032154999,0.34104158405432583,0.268,0.2059999999999999
2,BR(PL2),0.11085981021955547,0.49645752484469413,0.3220512047850107,0.24399999999999994,0.17999999999999994
3,BR(InL2),0.13051259709801508,0.5543414010386626,0.35105103890643413,0.288,0.21999999999999992
4,BR(Hiemstra_LM),0.19531504187435014,0.7480558883896947,0.4441701125384921,0.4039999999999999,0.29399999999999993
