,name,map,recip_rank,ndcg,P_5,P_10
0,BR(TF_IDF),0.12744014243037566,0.5434708096827648,0.3465372488298693,0.2799999999999999,0.2039999999999999
1,BR(BM25),0.12832865782048564,0.5434892860868988,0.34850869213821917,0.268,0.20999999999999994
2,BR(PL2),0.12075120313827499,0.5265278756138284,0.3380846186452127,0.26399999999999996,0.1999999999999999
3,BR(InL2),0.13868242905972106,0.5662812028100241,0.3607705246811942,0.288,0.21799999999999994
4,BR(Hiemstra_LM),0.19705944392409397,0.7353241840098447,0.4442001285187878,0.39599999999999985,0.3
