,name,map,recip_rank,ndcg,P_5,P_10
0,BR(TF_IDF),0.14512093283874117,0.5577287497691131,0.3827458021274932,0.2999999999999999,0.248
1,BR(BM25),0.1465818792271639,0.5813179238489646,0.38557656428784076,0.30799999999999983,0.25
2,BR(PL2),0.137690896179276,0.5360286065955402,0.3729348318849024,0.29199999999999987,0.24599999999999997
3,BR(InL2),0.1520000691830762,0.5774336269946104,0.39270573864204267,0.3319999999999998,0.258
4,BR(Hiemstra_LM),0.20671881969922234,0.7426405903817401,0.46906749649211654,0.4079999999999998,0.31599999999999995
