,name,map,recip_rank,ndcg,P_5,P_10
0,BR(TF_IDF),0.14198768250538019,0.6084626871953966,0.3775480011627369,0.3119999999999998,0.236
1,BR(BM25),0.14235889542248029,0.6054071214647065,0.3793672771572668,0.3159999999999998,0.22999999999999995
2,BR(PL2),0.13688721053917846,0.5842272412600585,0.3700363780926743,0.3039999999999998,0.21599999999999997
3,BR(InL2),0.14789149527805667,0.6047886747915087,0.38634004667177746,0.3399999999999998,0.24199999999999997
4,BR(Hiemstra_LM),0.20460779369825033,0.7472970988842431,0.4622017857804018,0.41599999999999987,0.30399999999999994
