,name,map,recip_rank,ndcg,P_5,P_10
0,BR(TF_IDF),0.13205629146119,0.547932036144247,0.35726524982606406,0.296,0.21799999999999997
1,BR(BM25),0.13384884679263398,0.5612740289434396,0.36042304022746874,0.292,0.21599999999999997
2,BR(PL2),0.1267746158377421,0.5414886550996536,0.3479635529602373,0.26799999999999996,0.20799999999999993
3,BR(InL2),0.14245110263578512,0.5776208951238406,0.3707729887361388,0.30399999999999994,0.22999999999999995
4,BR(Hiemstra_LM),0.1985731632042161,0.7506554057572778,0.44803347258929704,0.4079999999999998,0.29599999999999993
