,name,map,recip_rank,ndcg,P_5,P_10
0,BR(TF_IDF),0.14778749832172983,0.564091751869266,0.38652499306396015,0.3039999999999998,0.258
1,BR(BM25),0.14939346085821176,0.5825654337745663,0.3900945721906641,0.3119999999999998,0.254
2,BR(PL2),0.14041098750924488,0.5659686686538159,0.37820237688602454,0.29999999999999977,0.24600000000000002
3,BR(InL2),0.15519787642093744,0.5792091213847137,0.39858793232590495,0.34399999999999986,0.26600000000000007
4,BR(Hiemstra_LM),0.20813796119675765,0.7426811323036194,0.47255989512837354,0.4079999999999999,0.322
