,name,map,recip_rank,ndcg,P_5,P_10
0,BR(TF_IDF),0.14606350321483674,0.6125159549691344,0.3842562272464709,0.31199999999999983,0.24400000000000002
1,BR(BM25),0.14663631202856947,0.6127067699761043,0.3854198398404719,0.30799999999999983,0.23999999999999996
2,BR(PL2),0.1379405565906889,0.5903685162865383,0.3732543191412441,0.3039999999999998,0.22399999999999995
3,BR(InL2),0.15270111646031806,0.6094132797594081,0.3940907504326187,0.33999999999999986,0.25199999999999995
4,BR(Hiemstra_LM),0.2069946588155717,0.754614911360043,0.46579911545359465,0.41999999999999993,0.3059999999999999
