,name,map,recip_rank,ndcg,P_5,P_10
0,BR(TF_IDF),0.13707005831293634,0.5580453431871061,0.3658321896365741,0.30399999999999994,0.22399999999999992
1,BR(BM25),0.13907852758737996,0.5635660455706532,0.3687536637746352,0.2959999999999999,0.22799999999999992
2,BR(PL2),0.1303312820675231,0.5318627595144718,0.354596869756832,0.2759999999999999,0.21399999999999994
3,BR(InL2),0.15002897150829164,0.5864069553667547,0.3823845072390872,0.31199999999999994,0.24000000000000005
4,BR(Hiemstra_LM),0.2022535842458856,0.753898212898213,0.4537081313002287,0.41199999999999987,0.29799999999999993
