,name,map,recip_rank,ndcg,P_5,P_10
0,BR(TF_IDF),0.12324128987225262,0.5348065554869305,0.3452016053690828,0.27599999999999997,0.20599999999999993
1,BR(BM25),0.12621947011287638,0.5574685581707893,0.3506366362239973,0.27999999999999997,0.2079999999999999
2,BR(PL2),0.11634012718085236,0.5203896113696984,0.3339934669147551,0.25199999999999995,0.18999999999999997
3,BR(InL2),0.13442702000282078,0.5615897026807614,0.3605255672126619,0.3,0.22599999999999998
4,BR(Hiemstra_LM),0.1966313355816306,0.7460281003146946,0.44641961520207024,0.41199999999999987,0.29399999999999993
