,name,map,recip_rank,ndcg,P_5,P_10
0,BR(TF_IDF),0.14493086237375605,0.5972803800232497,0.3808991152796805,0.31199999999999983,0.23800000000000002
1,BR(BM25),0.14564085356459444,0.5941863249888801,0.3819066408152408,0.30799999999999983,0.23399999999999996
2,BR(PL2),0.1370938644843007,0.5781542919271433,0.36959440070804517,0.2959999999999998,0.22199999999999995
3,BR(InL2),0.15519424396141862,0.6059395312130168,0.39344599980549716,0.35199999999999987,0.24799999999999997
4,BR(Hiemstra_LM),0.20949177158371105,0.7445745640070359,0.4644695102322145,0.43599999999999994,0.30799999999999994
