,name,map,recip_rank,ndcg,P_5,P_10
0,BR(TF_IDF),0.11925244654662467,0.5232576390737929,0.3383319690388739,0.25599999999999995,0.20399999999999996
1,BR(BM25),0.12408229615987817,0.5317948692786215,0.34633941511851185,0.27599999999999997,0.20799999999999993
2,BR(PL2),0.11315017691830363,0.49839784536361265,0.32653309251419577,0.25599999999999995,0.18399999999999994
3,BR(InL2),0.1284953085391013,0.546982779858448,0.35275942754491124,0.2879999999999999,0.214
4,BR(Hiemstra_LM),0.19415993673591864,0.7564887304550131,0.44496067254627986,0.4079999999999998,0.2919999999999999
