,name,map,recip_rank,ndcg,P_5,P_10
0,BR(TF_IDF),0.1393769149550838,0.5716559556820581,0.36996299697885315,0.3119999999999999,0.22999999999999993
1,BR(BM25),0.1412058186004355,0.587863004466006,0.3738032298632983,0.3079999999999999,0.23199999999999993
2,BR(PL2),0.13205635826115275,0.545286386722424,0.3583793101546007,0.28399999999999986,0.21599999999999991
3,BR(InL2),0.1480897434358214,0.5825658433548786,0.38176023547365573,0.3439999999999999,0.24600000000000002
4,BR(Hiemstra_LM),0.20172796294762863,0.7447629370899072,0.4541887886971558,0.4159999999999998,0.2999999999999999
