,name,map,recip_rank,ndcg,P_5,P_10
0,BR(TF_IDF),0.1448446712243109,0.5708530056959688,0.38296447848776455,0.2999999999999998,0.248
1,BR(BM25),0.14644380874961502,0.5806336780170869,0.3858807155252972,0.3039999999999998,0.24599999999999997
2,BR(PL2),0.1358112005155663,0.5425347830687126,0.36966367237804293,0.2879999999999998,0.22799999999999992
3,BR(InL2),0.15200807593725837,0.5704686662112722,0.39339048888420775,0.33999999999999986,0.26
4,BR(Hiemstra_LM),0.20709063021034274,0.7542991001384384,0.4714406592715261,0.40399999999999986,0.31999999999999995
