,name,map,recip_rank,ndcg,P_5,P_10
0,BR(TF_IDF),0.13209730386523477,0.5539009243125654,0.35627990564730455,0.2879999999999999,0.21999999999999997
1,BR(BM25),0.1327243646705312,0.5657689216081271,0.3577682507369403,0.288,0.21599999999999994
2,BR(PL2),0.12570299886199465,0.5451547045348384,0.3462121038907205,0.26399999999999996,0.2059999999999999
3,BR(InL2),0.1416997729035918,0.5700177734713361,0.3690733064978168,0.304,0.22399999999999998
4,BR(Hiemstra_LM),0.19941993947868258,0.740852841147345,0.4484787617520598,0.40399999999999986,0.29999999999999993
