,name,map,recip_rank,ndcg,P_5,P_10
0,BR(TF_IDF),0.14517496149326686,0.5787046645117392,0.38245448162855555,0.3039999999999998,0.24400000000000002
1,BR(BM25),0.14707682145082454,0.5928203598158437,0.38579900881898865,0.3039999999999998,0.24600000000000002
2,BR(PL2),0.1383972070133512,0.5554893122691837,0.37244658308988043,0.2959999999999998,0.22599999999999995
3,BR(InL2),0.15379883662527907,0.5813640216200643,0.39463755455848804,0.3479999999999999,0.262
4,BR(Hiemstra_LM),0.2085622122095053,0.7543948412698416,0.4696701900702799,0.4079999999999998,0.31599999999999995
