,name,map,recip_rank,ndcg,P_5,P_10
0,BR(TF_IDF),0.13219546453467848,0.5524188341399248,0.3561217913249796,0.2879999999999999,0.21799999999999997
1,BR(BM25),0.13288521890264435,0.5550308786837111,0.35849491040724685,0.288,0.21599999999999994
2,BR(PL2),0.12731430864033835,0.5528560231993669,0.3493524747216924,0.26399999999999996,0.20999999999999994
3,BR(InL2),0.14249795016833,0.5741956467806721,0.37072964972132866,0.30399999999999994,0.22199999999999995
4,BR(Hiemstra_LM),0.20357176348201128,0.7602521397252425,0.454629161297477,0.4039999999999999,0.30199999999999994
