,name,map,recip_rank,ndcg,P_5,P_10
0,BR(TF_IDF),0.15181309950891664,0.58941754073901,0.39309637793512203,0.31999999999999984,0.258
1,BR(BM25),0.15289162324338954,0.6014457572111993,0.39557867834944105,0.32799999999999974,0.25799999999999995
2,BR(PL2),0.14222584422532952,0.5693682509211919,0.3808543778492497,0.31599999999999984,0.24599999999999997
3,BR(InL2),0.15836403157663811,0.5922817889761719,0.4037680860323456,0.34799999999999975,0.268
4,BR(Hiemstra_LM),0.21403414334683732,0.7616156178980747,0.48059243372853083,0.4079999999999999,0.33
