,name,map,recip_rank,ndcg,P_5,P_10
0,BR(TF_IDF),0.14657919167079408,0.5686503215360664,0.3846830731364435,0.3039999999999998,0.24799999999999997
1,BR(BM25),0.14869077440303716,0.5891175468185053,0.3897188290825618,0.31599999999999984,0.24799999999999994
2,BR(PL2),0.13754842254127156,0.5496737583259145,0.37246934681521604,0.29199999999999976,0.22999999999999993
3,BR(InL2),0.1534391512610609,0.5784441077169431,0.3960991028187149,0.3399999999999998,0.25800000000000006
4,BR(Hiemstra_LM),0.21275473262541628,0.7725435136816824,0.47868627550017817,0.4039999999999999,0.32799999999999996
