,name,map,recip_rank,ndcg,P_5,P_10
0,BR(TF_IDF),0.13887473037226356,0.5584359122200452,0.3668713360080077,0.29999999999999993,0.22599999999999995
1,BR(BM25),0.13936999297409336,0.5517181806188987,0.36827895234259794,0.29199999999999987,0.23199999999999993
2,BR(PL2),0.13255698013647718,0.5471848072695482,0.35826332937393235,0.2799999999999999,0.21399999999999994
3,BR(InL2),0.1495075859235384,0.5855543749997077,0.3817363485184537,0.29999999999999993,0.23600000000000002
4,BR(Hiemstra_LM),0.2050258207405563,0.7637298826422634,0.45716175011492977,0.41199999999999987,0.29999999999999993
