,name,map,recip_rank,ndcg,P_5,P_10
0,BR(TF_IDF),0.14730134253073243,0.6107510085244319,0.38659853962950613,0.31599999999999984,0.24599999999999997
1,BR(BM25),0.14818747317505518,0.6113630028976347,0.3885061233461153,0.31199999999999983,0.24199999999999997
2,BR(PL2),0.13882221494015162,0.5931700066207275,0.3744164121326922,0.3039999999999998,0.22399999999999995
3,BR(InL2),0.1543875537249871,0.6114645358812411,0.39608357804758504,0.3319999999999999,0.25199999999999995
4,BR(Hiemstra_LM),0.21199044461701075,0.7745359425860106,0.4735103103653332,0.4159999999999999,0.31199999999999994
