,name,map,recip_rank,ndcg,P_5,P_10
0,BR(TF_IDF),0.14017013462805075,0.5639079395790908,0.3706392908449395,0.3079999999999999,0.23199999999999993
1,BR(BM25),0.14275663044027428,0.5856495087436945,0.3759583285076561,0.3039999999999998,0.2299999999999999
2,BR(PL2),0.13285909097421714,0.5406408542097271,0.3595663427501555,0.28399999999999986,0.2199999999999999
3,BR(InL2),0.15111679052339302,0.5970065132800958,0.3860765973429743,0.33599999999999985,0.24599999999999997
4,BR(Hiemstra_LM),0.20642983656132977,0.7645951392887403,0.460787942380697,0.41599999999999987,0.3039999999999999
