,name,map,recip_rank,ndcg,P_5,P_10
0,BR(TF_IDF),0.12407632760110988,0.5359321376455521,0.34567051141012156,0.26799999999999996,0.2059999999999999
1,BR(BM25),0.12663636156470934,0.5436696841781186,0.35138332505574044,0.26799999999999996,0.20999999999999994
2,BR(PL2),0.11742542697911439,0.5173282988823646,0.3334587857906753,0.24799999999999997,0.19199999999999995
3,BR(InL2),0.1352926984469473,0.5693398416305526,0.3621901092581995,0.292,0.21999999999999997
4,BR(Hiemstra_LM),0.20224218337537558,0.7842718677762369,0.4547631681798289,0.4079999999999999,0.29599999999999993
