,name,map,recip_rank,ndcg,P_5,P_10
0,BR(TF_IDF),0.12471442459948716,0.5507596666875473,0.34845696239542945,0.27199999999999996,0.20799999999999993
1,BR(BM25),0.1274436900778234,0.5588703895833426,0.35269408138847447,0.27599999999999997,0.20999999999999994
2,BR(PL2),0.11814972042578288,0.533481862252133,0.33862720535472346,0.25199999999999995,0.19399999999999995
3,BR(InL2),0.13525423177351517,0.5729065168640254,0.3631954533239339,0.288,0.22399999999999998
4,BR(Hiemstra_LM),0.20027184830967307,0.7642344247231466,0.45194914705099826,0.4079999999999999,0.29599999999999993
