,name,map,recip_rank,ndcg,P_5,P_10
0,BR(TF_IDF),0.13277534357827278,0.5639169718916844,0.3575885596880466,0.284,0.222
1,BR(BM25),0.13312502123561246,0.5653532173936255,0.36004246992310024,0.288,0.21999999999999992
2,BR(PL2),0.12688873192381767,0.5526956137627815,0.3489284436937669,0.26399999999999996,0.20999999999999994
3,BR(InL2),0.1418687005299414,0.5757603771334482,0.37164246334678663,0.29599999999999993,0.22399999999999998
4,BR(Hiemstra_LM),0.20372302091170955,0.773070153532774,0.4559040361648002,0.4039999999999999,0.30199999999999994
