,name,map,recip_rank,ndcg,P_5,P_10
0,BR(TF_IDF),0.1485503099722743,0.6158605772451371,0.38551770233043064,0.32399999999999984,0.242
1,BR(BM25),0.14970730413559022,0.6091737118663726,0.3887712248332851,0.3279999999999999,0.24599999999999997
2,BR(PL2),0.14155152794147796,0.6015977276981754,0.37614518222344273,0.3039999999999998,0.22599999999999995
3,BR(InL2),0.1578531086529058,0.6188743943200672,0.3982189113093515,0.35199999999999987,0.252
4,BR(Hiemstra_LM),0.215933082763435,0.7669358050584667,0.47179063728806026,0.43599999999999994,0.31799999999999995
