,name,map,recip_rank,ndcg,P_5,P_10
0,BR(TF_IDF),0.12509906832313883,0.5399125291186401,0.3481184464938009,0.272,0.206
1,BR(BM25),0.12939537305658586,0.5643218427713824,0.355731241516353,0.272,0.20999999999999996
2,BR(PL2),0.1178511491714489,0.5199502330927869,0.3340883083036128,0.24799999999999994,0.19599999999999998
3,BR(InL2),0.13649195343526577,0.5760488910825218,0.3644214528983968,0.296,0.22
4,BR(Hiemstra_LM),0.2036223732675715,0.7849211951447248,0.45631828853624046,0.412,0.2979999999999999
