,name,map,recip_rank,ndcg,P_5,P_10
0,BR(TF_IDF),0.13536783188820783,0.5692166015099451,0.36204239961087353,0.296,0.218
1,BR(BM25),0.1372439093315097,0.5711582969529563,0.3661915295016261,0.292,0.22
2,BR(PL2),0.1294154726103544,0.565734344536051,0.3526480759642075,0.27599999999999997,0.20599999999999993
3,BR(InL2),0.14592113804927298,0.5991992153129329,0.3775041664315723,0.30399999999999994,0.22799999999999998
4,BR(Hiemstra_LM),0.20512293029602924,0.7700544540921768,0.4570887675777954,0.4039999999999999,0.30399999999999994
