,name,map,recip_rank,ndcg,P_5,P_10
0,BR(TF_IDF),0.1482353893509065,0.6262801245864129,0.38793841129069784,0.31999999999999984,0.24600000000000005
1,BR(BM25),0.14906795500575235,0.6265363938172188,0.38990047766267827,0.31599999999999984,0.248
2,BR(PL2),0.1400890382181372,0.6175898761413186,0.3768938237185859,0.2999999999999998,0.21799999999999997
3,BR(InL2),0.15623092197589064,0.6275407654487998,0.398498995528729,0.3439999999999999,0.254
4,BR(Hiemstra_LM),0.21324416407481814,0.775315775460943,0.4731657246057893,0.42399999999999993,0.31599999999999995
