,name,map,recip_rank,ndcg,P_5,P_10
0,BR(TF_IDF),0.14661138823360795,0.5922766022781873,0.38403392894888555,0.3039999999999998,0.248
1,BR(BM25),0.14878539487966247,0.59396443242018,0.38740716304102407,0.3039999999999998,0.25
2,BR(PL2),0.14129723303587038,0.5873114035291533,0.37600884044085814,0.2879999999999998,0.22399999999999995
3,BR(InL2),0.15712834350828117,0.5993514700224954,0.39746832758777534,0.3439999999999999,0.25600000000000006
4,BR(Hiemstra_LM),0.2141880437712018,0.7741242186357233,0.4768106592118725,0.41199999999999987,0.324
