,name,map,recip_rank,ndcg,P_5,P_10
0,BR(TF_IDF),0.1327586758131455,0.5535680606248534,0.35765982428413773,0.288,0.21599999999999997
1,BR(BM25),0.13479596196338092,0.5573673582958582,0.36135988013487547,0.288,0.21399999999999994
2,BR(PL2),0.12775106662711777,0.5521263544744094,0.35033167494068307,0.27199999999999996,0.2079999999999999
3,BR(InL2),0.14344948795283602,0.5780214827110529,0.3727122156431535,0.3119999999999999,0.21999999999999997
4,BR(Hiemstra_LM),0.2047964092989509,0.7609054518763843,0.45572355215760474,0.4079999999999999,0.30199999999999994
