,name,map,recip_rank,ndcg,P_5,P_10
0,BR(TF_IDF),0.1419747702901623,0.5706041351546924,0.3738786223358751,0.3119999999999999,0.23399999999999996
1,BR(BM25),0.1429090114618415,0.5866254833256147,0.3775594323518229,0.3119999999999999,0.22999999999999995
2,BR(PL2),0.13479149717813466,0.56165735611272,0.3642260062070522,0.2879999999999999,0.21599999999999994
3,BR(InL2),0.1504955609013355,0.5973338626724373,0.38648512418498593,0.3439999999999999,0.248
4,BR(Hiemstra_LM),0.20802378238767183,0.767041469676541,0.46358049272608526,0.42,0.31199999999999994
