,name,map,recip_rank,ndcg,P_5,P_10
0,BR(TF_IDF),0.14738493242212708,0.5831135877794658,0.3868037281999346,0.3079999999999999,0.25000000000000006
1,BR(BM25),0.15005369899934481,0.6038091999271433,0.39051551120111794,0.31999999999999984,0.24999999999999997
2,BR(PL2),0.13973507513478647,0.5777511690844088,0.3764700103986592,0.2919999999999998,0.22999999999999995
3,BR(InL2),0.15484239541192682,0.5918499166468205,0.3976794741650299,0.3439999999999999,0.25800000000000006
4,BR(Hiemstra_LM),0.21300304899844175,0.7723213151423869,0.47870425394741245,0.41199999999999987,0.32799999999999996
