,name,map,recip_rank,ndcg,P_5,P_10
0,BR(TF_IDF),0.12606656002005942,0.5599301134561497,0.3525662916741928,0.27199999999999996,0.20799999999999996
1,BR(BM25),0.12923534131250436,0.5633913513192832,0.35688628593137806,0.27599999999999997,0.20999999999999996
2,BR(PL2),0.1187471450773939,0.5419973239624318,0.3406435743663755,0.25199999999999995,0.192
3,BR(InL2),0.13604432296390725,0.5761260119106959,0.3659746007046509,0.29599999999999993,0.222
4,BR(Hiemstra_LM),0.20168756385081452,0.7648817754567042,0.4536359366736693,0.412,0.29599999999999993
