,name,map,recip_rank,ndcg,P_5,P_10
0,BR(TF_IDF),0.15138727962734927,0.632775700200823,0.38963035649747707,0.3079999999999999,0.24599999999999997
1,BR(BM25),0.15284222450373333,0.627637024105477,0.39223357209492815,0.31599999999999984,0.24599999999999997
2,BR(PL2),0.1454186385878021,0.6316221255245861,0.3810564533432073,0.2999999999999999,0.22999999999999995
3,BR(InL2),0.15939516601309106,0.6227789722297244,0.39915227139929044,0.3439999999999999,0.25799999999999995
4,BR(Hiemstra_LM),0.2171712914585371,0.7669395732900578,0.47437376146221555,0.43599999999999994,0.31799999999999995
