,name,map,recip_rank,ndcg,P_5,P_10
0,BR(TF_IDF),0.14623105270946685,0.6094822089267758,0.38007612210209657,0.3039999999999999,0.24
1,BR(BM25),0.14728836194201272,0.611628167933056,0.38322143731332764,0.3159999999999999,0.24
2,BR(PL2),0.1402946044029774,0.5960970046081999,0.3715542892873915,0.29199999999999987,0.22399999999999998
3,BR(InL2),0.15144980760577853,0.6031387623189954,0.38746712124034827,0.3319999999999998,0.25
4,BR(Hiemstra_LM),0.2097425336671885,0.767078506713578,0.4663095900490243,0.41999999999999993,0.3119999999999999
