,name,map,recip_rank,ndcg,P_5,P_10
0,BR(TF_IDF),0.13770485178948907,0.5693633957691975,0.36287539221073134,0.29199999999999987,0.22399999999999998
1,BR(BM25),0.13922564637536272,0.5748673942016308,0.36671222231185024,0.2999999999999999,0.22
2,BR(PL2),0.13203167893081028,0.5683796068726022,0.3552584489908771,0.27599999999999997,0.2079999999999999
3,BR(InL2),0.14735382060939428,0.5909175460795126,0.3786906886881085,0.3159999999999999,0.22799999999999992
4,BR(Hiemstra_LM),0.20700015219342002,0.7726883791410389,0.4594786016741099,0.4079999999999999,0.3119999999999999
