,name,map,recip_rank,ndcg,P_5,P_10
0,BR(TF_IDF),0.13819246782614442,0.5656078923237232,0.3630851713329038,0.2999999999999999,0.222
1,BR(BM25),0.1397261701538163,0.5737900933567536,0.3663586509920703,0.30399999999999994,0.21799999999999997
2,BR(PL2),0.13148445084875138,0.5606900905226156,0.3535113816722167,0.2839999999999999,0.20999999999999994
3,BR(InL2),0.1483773862756878,0.5923167104925388,0.3781251278799097,0.3279999999999999,0.22599999999999998
4,BR(Hiemstra_LM),0.20665782394946056,0.7603493837633625,0.4576990693539891,0.40399999999999986,0.31199999999999994
