,name,map,recip_rank,ndcg,P_5,P_10
0,BR(TF_IDF),0.15162441266790336,0.634512831606738,0.3921056113989003,0.3199999999999999,0.25000000000000006
1,BR(BM25),0.15311656203302962,0.6486797014079544,0.3954664645484012,0.31999999999999984,0.254
2,BR(PL2),0.1442206947641428,0.6316233977351624,0.3818085624695289,0.3079999999999999,0.23000000000000004
3,BR(InL2),0.1595271452762814,0.6457808654009416,0.4028844031822804,0.3399999999999999,0.25999999999999995
4,BR(Hiemstra_LM),0.2152349784657144,0.7753235129040771,0.47626948290673954,0.43199999999999994,0.3159999999999999
