,name,map,recip_rank,ndcg,P_5,P_10
0,BR(TF_IDF),0.12979136239162117,0.5630353602856504,0.35649872677410194,0.2759999999999999,0.21599999999999997
1,BR(BM25),0.1328819263368182,0.570293946638619,0.3606511137299209,0.2879999999999999,0.218
2,BR(PL2),0.12340743352142476,0.5586741772339457,0.3445649777552909,0.25999999999999995,0.19599999999999998
3,BR(InL2),0.13993603749172487,0.5845449824967011,0.3693822618421625,0.304,0.22399999999999998
4,BR(Hiemstra_LM),0.2040735797258604,0.764016917774123,0.4561460883597577,0.412,0.3059999999999999
