,name,map,recip_rank,ndcg,P_5,P_10
0,BR(TF_IDF),0.13146965370462496,0.569716005800845,0.35904853779343937,0.2799999999999999,0.20999999999999994
1,BR(BM25),0.1363155117987703,0.5912790027586918,0.36904653556484335,0.2879999999999999,0.21599999999999991
2,BR(PL2),0.12558026951185094,0.54059104056868,0.3453169807789224,0.26399999999999996,0.19799999999999998
3,BR(InL2),0.14192439880548638,0.5921288290669291,0.3746048428104899,0.3079999999999999,0.23199999999999998
4,BR(Hiemstra_LM),0.20613181533309355,0.7710795909965503,0.4604406841657751,0.4319999999999999,0.30999999999999994
