,name,map,recip_rank,ndcg,P_5,P_10
0,BR(TF_IDF),0.15161185543672903,0.6295827005494324,0.39349895858683404,0.3119999999999999,0.25799999999999995
1,BR(BM25),0.15200446085078503,0.6327535836559862,0.3951916641748926,0.3119999999999999,0.25399999999999995
2,BR(PL2),0.14562699731578643,0.6127747670378266,0.38337390860977316,0.2959999999999999,0.23599999999999993
3,BR(InL2),0.15827957322197966,0.624287178311089,0.40238835322192024,0.33599999999999985,0.262
4,BR(Hiemstra_LM),0.21531331150689567,0.7629573374211758,0.4732061319269106,0.43999999999999995,0.31399999999999995
