,name,map,recip_rank,ndcg,P_5,P_10
0,BR(TF_IDF),0.15107675701467044,0.6212357155147767,0.39057620585465286,0.3079999999999999,0.25199999999999995
1,BR(BM25),0.15222229649293034,0.6120380568234458,0.39155771848168086,0.3119999999999999,0.25399999999999995
2,BR(PL2),0.14463233686409688,0.6034070847083004,0.38006336938537516,0.3119999999999999,0.23199999999999996
3,BR(InL2),0.16283036962902844,0.6455944771627832,0.40469219965871206,0.3319999999999998,0.25799999999999995
4,BR(Hiemstra_LM),0.21559923659649416,0.7710807353646328,0.47137792927793126,0.428,0.316
