,name,map,recip_rank,ndcg,P_5,P_10
0,BR(TF_IDF),0.13657050374562715,0.5968516859828337,0.36935426897816365,0.27599999999999997,0.22399999999999998
1,BR(BM25),0.1387049870073456,0.6007395872850418,0.37412191075652407,0.2919999999999999,0.23
2,BR(PL2),0.13053817997753578,0.5830187851364321,0.35804589516545016,0.2799999999999999,0.20799999999999993
3,BR(InL2),0.14761890902533484,0.621226019728929,0.3855419834930515,0.31999999999999995,0.23799999999999996
4,BR(Hiemstra_LM),0.2094149816097895,0.765819951004946,0.46365657112042685,0.43599999999999994,0.31199999999999994
