,name,map,recip_rank,ndcg,P_5,P_10
0,BR(TF_IDF),0.1350021661013251,0.5682653589100958,0.3626619491549111,0.26799999999999996,0.22399999999999992
1,BR(BM25),0.13802907153919564,0.5845638078396699,0.3699488606964171,0.27599999999999997,0.23199999999999998
2,BR(PL2),0.12927160978250382,0.5588291049444556,0.3521486626447106,0.2639999999999999,0.20999999999999994
3,BR(InL2),0.14826082074102953,0.6219281423409988,0.38399854799090966,0.30799999999999994,0.236
4,BR(Hiemstra_LM),0.2111577862429612,0.7858514518435503,0.4661093679014985,0.43599999999999994,0.31399999999999995
