,name,map,recip_rank,ndcg,P_5,P_10
0,BR(TF_IDF),0.14477836274618439,0.6023364501899082,0.37888612664233046,0.29599999999999993,0.23999999999999996
1,BR(BM25),0.14563140263732527,0.6075882645303503,0.38121294534737854,0.3079999999999999,0.23799999999999996
2,BR(PL2),0.13863708567807456,0.5963941136263118,0.36892080956180606,0.284,0.22599999999999995
3,BR(InL2),0.15372500801000527,0.6229716427332523,0.39211311610695454,0.31999999999999984,0.24600000000000002
4,BR(Hiemstra_LM),0.21254865131376693,0.7747072700442839,0.4674477978577889,0.4319999999999999,0.316
