,name,map,recip_rank,ndcg,P_5,P_10
0,BR(TF_IDF),0.15743592440684487,0.6437967137715036,0.4011893212617659,0.31999999999999984,0.258
1,BR(BM25),0.15810586051125808,0.6470632034632032,0.40363614360281924,0.3239999999999999,0.25199999999999995
2,BR(PL2),0.1511960330003061,0.6417790326198307,0.3918617750736986,0.31199999999999983,0.23799999999999993
3,BR(InL2),0.16619339239969172,0.6342104999227708,0.41224743562394073,0.35599999999999987,0.26799999999999996
4,BR(Hiemstra_LM),0.22187216841756427,0.7629350960321558,0.4799357482711001,0.44800000000000006,0.322
