,name,map,recip_rank,ndcg,P_5,P_10
0,BR(TF_IDF),0.15784140671611932,0.6588558715901529,0.40618705358248997,0.3159999999999999,0.256
1,BR(BM25),0.15993482888657748,0.6670241219669337,0.4090416980919284,0.3279999999999999,0.26
2,BR(PL2),0.14943302859566776,0.6480665916257248,0.39383794593224886,0.3039999999999998,0.24200000000000002
3,BR(InL2),0.16617068827792006,0.6552816585796346,0.41705764072094403,0.3399999999999999,0.274
4,BR(Hiemstra_LM),0.22022003930096054,0.7630040342540343,0.48260354212791867,0.444,0.3299999999999999
