,name,map,recip_rank,ndcg,P_5,P_10
0,BR(TF_IDF),0.13212622887241277,0.5701807498587698,0.3619427309402592,0.27599999999999997,0.20999999999999994
1,BR(BM25),0.13642340559579944,0.5899964035178863,0.3696072660565604,0.284,0.21599999999999991
2,BR(PL2),0.12726974089651286,0.558360440726855,0.3512177997054758,0.26799999999999996,0.19799999999999998
3,BR(InL2),0.14168899938900187,0.5854737559265619,0.37486256911398,0.30399999999999994,0.22799999999999992
4,BR(Hiemstra_LM),0.2057741198586075,0.7577229101244382,0.4604522233045495,0.4319999999999999,0.30799999999999994
