,name,map,recip_rank,ndcg,P_5,P_10
0,BR(TF_IDF),0.13791767380219327,0.6055831771878871,0.3723754300462076,0.2799999999999999,0.22
1,BR(BM25),0.14017134930504083,0.6103027110182283,0.37757063422073267,0.292,0.22399999999999998
2,BR(PL2),0.13129617138538172,0.5814533162058358,0.3606805612198901,0.26399999999999996,0.20799999999999996
3,BR(InL2),0.14995428068353825,0.6413874807555103,0.3908818032935888,0.30399999999999994,0.23999999999999996
4,BR(Hiemstra_LM),0.20993887651046772,0.7535670401156891,0.46557200639201374,0.43199999999999994,0.30999999999999994
