,name,map,recip_rank,ndcg,P_5,P_10
0,BR(TF_IDF),0.15973907812783059,0.6451228038983312,0.41176383593511934,0.3399999999999998,0.264
1,BR(BM25),0.16250306576828802,0.6468242929064847,0.414813737340645,0.33999999999999986,0.26599999999999996
2,BR(PL2),0.14954439293468647,0.6024033410577321,0.39803865161753454,0.32399999999999984,0.256
3,BR(InL2),0.16844420937850466,0.6469199140482159,0.4234190250729326,0.3519999999999998,0.27399999999999997
4,BR(Hiemstra_LM),0.2224090102402479,0.7724049462278165,0.49078984173551304,0.43199999999999994,0.336
