,name,map,recip_rank,ndcg,P_5,P_10
0,BR(TF_IDF),0.15692111036959328,0.6397580993678453,0.40473974749879615,0.3079999999999999,0.252
1,BR(BM25),0.15770509842334884,0.6446386177828468,0.40654551592391797,0.30799999999999994,0.262
2,BR(PL2),0.14875339225838424,0.6164635333296096,0.39347696528988513,0.3039999999999998,0.244
3,BR(InL2),0.16589443184008285,0.6214965927387506,0.4151483745509252,0.33599999999999985,0.274
4,BR(Hiemstra_LM),0.22026251143069256,0.7594677553023418,0.48495127156385803,0.428,0.33
