,name,map,recip_rank,ndcg,P_5,P_10
0,BR(TF_IDF),0.14611358721137593,0.6114723121305938,0.3814213914460286,0.2839999999999999,0.23399999999999996
1,BR(BM25),0.14727045034507802,0.6174819442839845,0.3839746307058971,0.2999999999999999,0.23600000000000002
2,BR(PL2),0.14084182667494857,0.6075871447094358,0.37201172846525404,0.27599999999999997,0.22999999999999995
3,BR(InL2),0.15678321667947562,0.6333770079640041,0.3952670469923594,0.3279999999999999,0.24600000000000002
4,BR(Hiemstra_LM),0.21221043739944384,0.7642926566917795,0.4676337170602957,0.41999999999999993,0.30999999999999994
