,name,map,recip_rank,ndcg,P_5,P_10
0,BR(TF_IDF),0.1550217021899723,0.6216295196584405,0.4037674276384228,0.3159999999999999,0.25799999999999995
1,BR(BM25),0.15735378897510086,0.6388975530114702,0.40695368227449785,0.3119999999999999,0.264
2,BR(PL2),0.14553757156820357,0.5919411788808107,0.3898503650585354,0.2999999999999998,0.24999999999999997
3,BR(InL2),0.16194847559679384,0.6095104572180463,0.4120750788358112,0.34399999999999986,0.272
4,BR(Hiemstra_LM),0.21741513581396685,0.7500063930171206,0.48359656890969516,0.43200000000000005,0.32799999999999996
