,name,map,recip_rank,ndcg,P_5,P_10
0,BR(TF_IDF),0.15068041854294378,0.6195768766831908,0.3905043544195004,0.29999999999999993,0.24999999999999992
1,BR(BM25),0.15263440817987697,0.6259743039190492,0.3933402300497424,0.30399999999999994,0.25199999999999995
2,BR(PL2),0.14491004474707092,0.6042572848566741,0.3819191307976722,0.30399999999999994,0.2459999999999999
3,BR(InL2),0.16228007816475223,0.6522610496782595,0.4065648582831885,0.32399999999999984,0.25799999999999995
4,BR(Hiemstra_LM),0.214756381375715,0.7617433274704903,0.47213451679699103,0.43200000000000005,0.318
