,name,map,recip_rank,ndcg,P_5,P_10
0,BR(TF_IDF),0.15932341490335977,0.6653701768619936,0.41103791057726097,0.33599999999999985,0.268
1,BR(BM25),0.1611053330726273,0.6741804084239965,0.41376200534609653,0.3439999999999999,0.266
2,BR(PL2),0.15211570312196182,0.6574304782048956,0.4006733671363751,0.31999999999999984,0.24799999999999997
3,BR(InL2),0.16943025188684946,0.6663561834990405,0.42263106956885865,0.3599999999999999,0.28400000000000003
4,BR(Hiemstra_LM),0.2251989288258809,0.7629931660539708,0.4872378365991416,0.444,0.332
