,name,map,recip_rank,ndcg,P_5,P_10
0,BR(TF_IDF),0.15769490634437497,0.6243210428325061,0.41007397728306944,0.3319999999999998,0.256
1,BR(BM25),0.15991431461673727,0.642929054515491,0.41346902624720755,0.33599999999999985,0.26399999999999996
2,BR(PL2),0.14861182834385797,0.5844359585706523,0.396173428592626,0.31599999999999984,0.24799999999999994
3,BR(InL2),0.16617535889723645,0.6209740211228483,0.41998461427614125,0.35599999999999987,0.274
4,BR(Hiemstra_LM),0.22479683520601018,0.7616771505934237,0.4907744205670581,0.43200000000000005,0.33799999999999997
