,name,map,recip_rank,ndcg,P_5,P_10
0,BR(TF_IDF),0.1476667636200937,0.6183283376186847,0.3843492076025192,0.29599999999999993,0.23999999999999994
1,BR(BM25),0.1502985091023532,0.6253712750192374,0.3885532479690356,0.3159999999999999,0.236
2,BR(PL2),0.14229988405119204,0.6171278220504159,0.3758862692292207,0.2879999999999999,0.22999999999999993
3,BR(InL2),0.15996746157671443,0.6394879965238891,0.40074267096914534,0.33599999999999985,0.25
4,BR(Hiemstra_LM),0.21556000145694781,0.7611788428848797,0.4700428357959967,0.42399999999999993,0.31999999999999995
