,name,map,recip_rank,ndcg,P_5,P_10
0,BR(TF_IDF),0.1627434113258195,0.649054887449892,0.41828012787626134,0.3559999999999998,0.272
1,BR(BM25),0.16347566740527344,0.6401651472098557,0.41858718925059546,0.3599999999999999,0.26999999999999996
2,BR(PL2),0.15263408961534516,0.6055069316648263,0.40478136334923875,0.3319999999999998,0.26399999999999996
3,BR(InL2),0.1720566007546631,0.6598070730243358,0.4314396615137865,0.37199999999999983,0.27599999999999997
4,BR(Hiemstra_LM),0.22856698636519268,0.7767401600816929,0.49583461676957497,0.44000000000000006,0.34800000000000003
