,name,map,recip_rank,ndcg,P_5,P_10
0,BR(TF_IDF),0.14035006563671626,0.6109660400692245,0.3777306679383925,0.2919999999999999,0.21999999999999997
1,BR(BM25),0.1440043049358205,0.6166681972203104,0.3827908586673645,0.3159999999999999,0.22399999999999995
2,BR(PL2),0.13291167166245368,0.5873639321567754,0.36519102290361016,0.2759999999999999,0.20999999999999996
3,BR(InL2),0.15296552461470111,0.644067912479677,0.3950769072757514,0.316,0.244
4,BR(Hiemstra_LM),0.21337032061126568,0.7502048560007039,0.4678222437398971,0.43199999999999994,0.31599999999999995
