,name,map,recip_rank,ndcg,P_5,P_10
0,BR(TF_IDF),0.15983579687120258,0.6670488151024233,0.4102250831784478,0.32799999999999985,0.26199999999999996
1,BR(BM25),0.16106455930612565,0.6745618413040766,0.41229582196488807,0.3399999999999998,0.25999999999999995
2,BR(PL2),0.15359330195732562,0.6487519955206977,0.3992713553427689,0.32799999999999985,0.24999999999999992
3,BR(InL2),0.17059789755097238,0.6641463548851214,0.4218104683035191,0.3639999999999998,0.282
4,BR(Hiemstra_LM),0.22575244167877068,0.7512801589731378,0.48433421732364396,0.44799999999999995,0.324
