,name,map,recip_rank,ndcg,P_5,P_10
0,BR(TF_IDF),0.16076530656165605,0.6661358448744431,0.4115826617683722,0.34399999999999986,0.27
1,BR(BM25),0.16222679723665984,0.673687656398757,0.4140912454628325,0.33999999999999986,0.26599999999999996
2,BR(PL2),0.15504904537146563,0.6495786431395335,0.40237623190545874,0.34399999999999986,0.256
3,BR(InL2),0.17214942673154865,0.6732159575292568,0.4260038987803004,0.36799999999999977,0.28600000000000003
4,BR(Hiemstra_LM),0.2264216461261807,0.7480654798929731,0.48695354165578375,0.44400000000000006,0.324
