,name,map,recip_rank,ndcg,P_5,P_10
0,BR(TF_IDF),0.15529713512403823,0.6380352024822468,0.39967404703229986,0.3359999999999998,0.25799999999999995
1,BR(BM25),0.1573976295542662,0.6402546871701282,0.402376208997535,0.3279999999999999,0.2559999999999999
2,BR(PL2),0.14773484048612226,0.6086331838166202,0.38801671108168817,0.3199999999999999,0.2459999999999999
3,BR(InL2),0.16437854426686588,0.654760803275236,0.41271528416871184,0.33599999999999985,0.26599999999999996
4,BR(Hiemstra_LM),0.21881037806342468,0.7512375427166725,0.4766298100693569,0.424,0.31999999999999995
