,name,map,recip_rank,ndcg,P_5,P_10
0,BR(TF_IDF),0.15986580347193352,0.6797899644455427,0.4136235019029244,0.33999999999999986,0.26800000000000007
1,BR(BM25),0.16082505376099618,0.6843039335269439,0.41486345029270977,0.33199999999999996,0.268
2,BR(PL2),0.152276947912009,0.6517721942707424,0.40214535364649834,0.33599999999999985,0.24200000000000002
3,BR(InL2),0.17225614106099305,0.6835952485641112,0.4274680702897513,0.37199999999999983,0.2820000000000001
4,BR(Hiemstra_LM),0.22489141291204162,0.7488140448140449,0.48686032434394627,0.43200000000000005,0.32799999999999996
