,name,map,recip_rank,ndcg,P_5,P_10
0,BR(TF_IDF),0.13449130656565045,0.564080757193733,0.3662310999049469,0.2799999999999999,0.21799999999999994
1,BR(BM25),0.1406078625135545,0.5994075027997233,0.37702294935831404,0.292,0.22399999999999987
2,BR(PL2),0.13068536465571373,0.5679285763484081,0.3596104976419231,0.2719999999999999,0.20799999999999996
3,BR(InL2),0.14523124895212908,0.6029768922999598,0.3835651899631569,0.308,0.23199999999999996
4,BR(Hiemstra_LM),0.21194431295874616,0.7730411510365849,0.46996476390419206,0.41199999999999987,0.31199999999999994
