,name,map,recip_rank,ndcg,P_5,P_10
0,BR(TF_IDF),0.13853500996013154,0.5753800869518573,0.3727761740212181,0.2799999999999999,0.22599999999999995
1,BR(BM25),0.1453757864710979,0.608987126359803,0.3849455460056304,0.292,0.23199999999999993
2,BR(PL2),0.1327283311045813,0.5686578903129542,0.3633152524775239,0.2759999999999999,0.21399999999999994
3,BR(InL2),0.1524426126808629,0.6357906368381263,0.3932197628747878,0.308,0.24199999999999997
4,BR(Hiemstra_LM),0.21590880411879584,0.7722682950085114,0.47226761486710805,0.42399999999999993,0.31599999999999995
