,name,map,recip_rank,ndcg,P_5,P_10
0,BR(TF_IDF),0.16119027729114038,0.6367187616156036,0.4192074505162302,0.3479999999999999,0.26599999999999996
1,BR(BM25),0.16295867510659062,0.6472283109719394,0.42206583427060124,0.35199999999999987,0.26599999999999996
2,BR(PL2),0.15177307028293938,0.6077542498466648,0.40706805531937024,0.33999999999999986,0.256
3,BR(InL2),0.17302567311391504,0.6721039562289561,0.43600753926193436,0.3719999999999999,0.27799999999999997
4,BR(Hiemstra_LM),0.22756689492505638,0.755256526806527,0.49468615299481977,0.4320000000000001,0.34800000000000003
