,name,map,recip_rank,ndcg,P_5,P_10
0,BR(TF_IDF),0.16091623886594136,0.6731690997251139,0.41487532791973103,0.33599999999999985,0.26000000000000006
1,BR(BM25),0.16145960511023358,0.6772947145910989,0.4163284438620691,0.3319999999999999,0.26400000000000007
2,BR(PL2),0.1516161748047804,0.6322374685481694,0.4010385561433486,0.3239999999999999,0.24600000000000002
3,BR(InL2),0.16989011239435473,0.661219160158423,0.42499508263384,0.3479999999999998,0.2780000000000001
4,BR(Hiemstra_LM),0.22472678136084007,0.7459560570038265,0.48982455613540743,0.4159999999999999,0.332
