,name,map,recip_rank,ndcg,P_5,P_10
0,BR(TF_IDF),0.15554658130987895,0.6381270514428838,0.40378615962949427,0.33999999999999986,0.268
1,BR(BM25),0.15779484340756164,0.6553256671737728,0.40749763489975677,0.33599999999999985,0.26399999999999996
2,BR(PL2),0.148254441974511,0.6185677844629457,0.3921168412292439,0.32799999999999985,0.25
3,BR(InL2),0.16528099977156355,0.6661108740141758,0.41737151601349143,0.3519999999999998,0.276
4,BR(Hiemstra_LM),0.22027044499411796,0.7481079058213629,0.48001585246442546,0.428,0.322
