,name,map,recip_rank,ndcg,P_5,P_10
0,BR(TF_IDF),0.15994523138561317,0.6048703770716153,0.41379592361491596,0.3439999999999999,0.26
1,BR(BM25),0.1633408350096247,0.6386781454955357,0.4193461898360676,0.35199999999999987,0.26399999999999996
2,BR(PL2),0.15173336802903536,0.584105033749734,0.40207382891484417,0.3319999999999999,0.24599999999999994
3,BR(InL2),0.172263601889383,0.6485036732771136,0.4299107851351794,0.36399999999999993,0.27
4,BR(Hiemstra_LM),0.22980200754479224,0.7697299263705744,0.4940908519675979,0.42800000000000005,0.34199999999999997
