,name,map,recip_rank,ndcg,P_5,P_10
0,BR(TF_IDF),0.1615051536473271,0.6393849470403594,0.40943429656295693,0.35199999999999987,0.268
1,BR(BM25),0.16377207493870963,0.6431351865428477,0.41249115260587077,0.352,0.268
2,BR(PL2),0.15690065624482882,0.6383613343081259,0.4027452288871915,0.34399999999999986,0.24799999999999997
3,BR(InL2),0.1737142651129471,0.6637984021753823,0.4253458200760612,0.38399999999999984,0.27399999999999997
4,BR(Hiemstra_LM),0.2311711603893183,0.770382438378565,0.49062511015015586,0.43599999999999994,0.32799999999999996
