,name,map,recip_rank,ndcg,P_5,P_10
0,BR(TF_IDF),0.14797270512227859,0.5792260316226083,0.3847245063851329,0.31999999999999984,0.24599999999999994
1,BR(BM25),0.15048079006279758,0.5943326754299814,0.3890197469044401,0.32399999999999984,0.24199999999999997
2,BR(PL2),0.142637878819754,0.5792283581772264,0.3765249063509751,0.29999999999999993,0.2339999999999999
3,BR(InL2),0.16069075380519726,0.6304137175135984,0.4034437123143655,0.3359999999999998,0.24799999999999994
4,BR(Hiemstra_LM),0.217031659656618,0.7607379722239815,0.47091012340598815,0.41599999999999987,0.31999999999999995
