,name,map,recip_rank,ndcg,P_5,P_10
0,BR(TF_IDF),0.15714825112984082,0.6364107192189602,0.40335253059534487,0.33999999999999986,0.264
1,BR(BM25),0.15899052333736344,0.6417160634838662,0.40701366325809823,0.33999999999999986,0.25799999999999995
2,BR(PL2),0.1512320489317613,0.6150691226045276,0.39479359496969785,0.33599999999999985,0.24999999999999992
3,BR(InL2),0.16711497752508847,0.6562784812828071,0.41711439094838626,0.3759999999999998,0.27799999999999997
4,BR(Hiemstra_LM),0.22498603133203368,0.7704022186448232,0.4837914138580425,0.42399999999999993,0.32799999999999996
