,name,map,recip_rank,ndcg,P_5,P_10
0,BR(TF_IDF),0.15983611855205018,0.6269401409726211,0.4104663936744797,0.3439999999999999,0.264
1,BR(BM25),0.16313785526144456,0.6570550844657365,0.4152061128096063,0.3479999999999999,0.266
2,BR(PL2),0.15361151863433575,0.6118487171695988,0.40136090783245265,0.3319999999999999,0.25
3,BR(InL2),0.17284147216664472,0.6677535088212937,0.42781098898310144,0.3719999999999999,0.28400000000000003
4,BR(Hiemstra_LM),0.22948944964971388,0.769253785609844,0.49347441570724654,0.42,0.336
