,name,map,recip_rank,ndcg,P_5,P_10
0,BR(TF_IDF),0.13872008004129385,0.566770521332724,0.37611997144264675,0.30399999999999994,0.22399999999999995
1,BR(BM25),0.14402109628911844,0.5931625284039077,0.38411335264235225,0.31199999999999994,0.2279999999999999
2,BR(PL2),0.13287185223498477,0.552118058685364,0.3653313166978486,0.284,0.2079999999999999
3,BR(InL2),0.15202554180838976,0.6343286151821527,0.39554504441440463,0.3079999999999999,0.2439999999999999
4,BR(Hiemstra_LM),0.21585136578877942,0.756065263804244,0.47074856742097215,0.428,0.31799999999999995
