,name,map,recip_rank,ndcg,P_5,P_10
0,BR(TF_IDF),0.15363148627077974,0.5997650688598186,0.3951540704362941,0.33999999999999986,0.2539999999999999
1,BR(BM25),0.15637672552192355,0.6133528548228273,0.39946545268303657,0.34399999999999986,0.25599999999999995
2,BR(PL2),0.14726585882433024,0.5959227273601347,0.3860280060788533,0.3239999999999999,0.24199999999999985
3,BR(InL2),0.1634804689306636,0.6313636769775822,0.40931959932616296,0.34799999999999975,0.27399999999999997
4,BR(Hiemstra_LM),0.22055804734551057,0.7529000850340135,0.4766769215031809,0.424,0.324
