,name,map,recip_rank,ndcg,P_5,P_10
0,BR(TF_IDF),0.11264776571876373,0.5390108408805592,0.33680221908684743,0.24400000000000002,0.18199999999999997
1,BR(BM25),0.11846486726435415,0.5648043666937702,0.34675652300123316,0.248,0.18799999999999994
2,BR(PL2),0.1063625295526434,0.5219823203396551,0.32580688608434094,0.22000000000000003,0.17199999999999996
3,BR(InL2),0.12181097720549613,0.5701065933281835,0.3514145808360083,0.264,0.19599999999999998
4,BR(Hiemstra_LM),0.18299848778731992,0.6957924752804974,0.42969649839180346,0.3879999999999999,0.2819999999999999
