,name,map,recip_rank,ndcg,P_5,P_10
0,BR(TF_IDF),0.13227673157015338,0.5881671230100216,0.3639773354612143,0.292,0.20799999999999993
1,BR(BM25),0.13442092469772599,0.5984068523130142,0.3681694708147647,0.296,0.212
2,BR(PL2),0.1278478527951769,0.5871379309503352,0.35752976464430364,0.284,0.20599999999999993
3,BR(InL2),0.14157853543183843,0.6006689414676805,0.3773869210787535,0.31199999999999994,0.22800000000000004
4,BR(Hiemstra_LM),0.1904183661646891,0.690333411267358,0.43840319808836825,0.3759999999999998,0.28999999999999987
