,name,map,recip_rank,ndcg,P_5,P_10
0,BR(TF_IDF),0.1324714985517648,0.5829454587108259,0.36526273207710036,0.30399999999999994,0.214
1,BR(BM25),0.13489190468770407,0.6020890505402666,0.37023716050633937,0.30799999999999994,0.2119999999999999
2,BR(PL2),0.1277364685792821,0.5837777266759567,0.3596795652627858,0.292,0.20999999999999994
3,BR(InL2),0.14355408398612002,0.6102029383643546,0.3828757348694874,0.30799999999999994,0.22800000000000004
4,BR(Hiemstra_LM),0.1960836526755557,0.6988458617901587,0.44607379069766817,0.3879999999999999,0.29599999999999993
