,name,map,recip_rank,ndcg,P_5,P_10
0,BR(TF_IDF),0.13479844908126837,0.6005598340175079,0.36864566207118743,0.292,0.22
1,BR(BM25),0.13781207377995008,0.6279141120152473,0.3740900559930831,0.3,0.22
2,BR(PL2),0.12867712777857246,0.5822880955666373,0.359767059957008,0.292,0.20199999999999999
3,BR(InL2),0.14500712071804833,0.6278900318713064,0.3829203927748281,0.32799999999999996,0.23000000000000004
4,BR(Hiemstra_LM),0.1978664183269099,0.7135917768228711,0.44808354388893024,0.38799999999999985,0.3
