,name,map,recip_rank,ndcg,P_5,P_10
0,BR(TF_IDF),0.12283867003158548,0.5672337604877525,0.35094874995310366,0.26399999999999996,0.19199999999999992
1,BR(BM25),0.12567966975216746,0.5874087485770318,0.35556232287971506,0.27199999999999996,0.19799999999999993
2,BR(PL2),0.11718960188460914,0.5583826621894739,0.3414807296058211,0.256,0.1819999999999999
3,BR(InL2),0.1314815229431018,0.5858367130904293,0.3629433563172977,0.292,0.19799999999999998
4,BR(Hiemstra_LM),0.1848840754954044,0.6955874047586392,0.43112898265718363,0.37999999999999984,0.2779999999999999
