,name,map,recip_rank,ndcg,P_5,P_10
0,BR(TF_IDF),0.13463268176548643,0.5744121113755377,0.3770851374375781,0.292,0.21000000000000005
1,BR(BM25),0.13633638058064093,0.583019729542517,0.3799448636904595,0.30399999999999994,0.21400000000000002
2,BR(PL2),0.1277567618574983,0.544983715567011,0.36755387835678005,0.2919999999999999,0.19599999999999998
3,BR(InL2),0.14417340640886114,0.6050863335456114,0.39112208577682894,0.312,0.22200000000000003
4,BR(Hiemstra_LM),0.20021574124330804,0.7355954140080712,0.4579774335686727,0.37999999999999995,0.30399999999999994
