,name,map,recip_rank,ndcg,P_5,P_10
0,BR(TF_IDF),0.10763386998113404,0.528215165410773,0.3279122970706127,0.228,0.176
1,BR(BM25),0.11346582373596029,0.5608249097913482,0.33948866667443034,0.244,0.18
2,BR(PL2),0.10385176633998423,0.5194915617027109,0.32003032785332214,0.21600000000000003,0.16999999999999993
3,BR(InL2),0.11644003994646271,0.5470676121814693,0.3408559724604608,0.264,0.184
4,BR(Hiemstra_LM),0.18080772959691058,0.6955397624108474,0.427621608432097,0.3919999999999999,0.2779999999999999
