,name,map,recip_rank,ndcg,P_5,P_10
0,BR(TF_IDF),0.1356834655051456,0.5636315149442417,0.38235910267544176,0.30399999999999994,0.21
1,BR(BM25),0.13852628051671165,0.584793558913283,0.3866479273502149,0.31199999999999994,0.21999999999999997
2,BR(PL2),0.13140296334133347,0.5610835895667257,0.37765853840701674,0.2919999999999999,0.20199999999999999
3,BR(InL2),0.14644662659685478,0.5934404166095342,0.395253045717247,0.324,0.23199999999999996
4,BR(Hiemstra_LM),0.20304271328224593,0.7291046570227817,0.4611551281571535,0.3839999999999999,0.3079999999999999
